condition,metric,valid,attempts,failures,failure_rate,metric_n,mean,median,stddev,ci95_low,ci95_high
cc-bbr_abr-bola_signals-cwnd-loss_netem-constrained-2mbit,startup_sec,1,1,0,0.0,1,1.03660000000149,1.03660000000149,,,
cc-bbr_abr-bola_signals-cwnd-loss_netem-constrained-2mbit,stall_sec,1,1,0,0.0,1,0.0,0.0,,,
cc-bbr_abr-bola_signals-cwnd-loss_netem-constrained-2mbit,stall_count,1,1,0,0.0,1,0.0,0,,,
cc-bbr_abr-bola_signals-cwnd-loss_netem-constrained-2mbit,switch_count,1,1,0,0.0,1,17.0,17,,,
cc-bbr_abr-bola_signals-cwnd-loss_netem-constrained-2mbit,avg_bitrate_mbps,1,1,0,0.0,1,1.2305655604026846,1.2305655604026846,,,
cc-bbr_abr-bola_signals-cwnd-loss_netem-constrained-2mbit,time_weighted_bitrate_mbps,1,1,0,0.0,1,1.2310036199223302,1.2310036199223302,,,
cc-bbr_abr-bola_signals-cwnd-loss_netem-constrained-2mbit,buffer_mean_sec,1,1,0,0.0,1,18.984382943143814,18.984382943143814,,,
cc-bbr_abr-bola_signals-cwnd-loss_netem-constrained-2mbit,guardrail_count,1,1,0,0.0,1,0.0,0,,,
cc-bbr_abr-bola_signals-cwnd-loss_netem-constrained-2mbit,rtt_mean_ms,1,1,0,0.0,1,98.5200542432196,98.5200542432196,,,
cc-bbr_abr-bola_signals-cwnd-loss_netem-constrained-2mbit,cwnd_mean_packets,1,1,0,0.0,1,28.586176727909013,28.586176727909013,,,
cc-bbr_abr-bola_signals-cwnd-loss_netem-constrained-2mbit,loss_mean_pct,1,1,0,0.0,1,0.49692244129675156,0.49692244129675156,,,
cc-bbr_abr-bola_signals-cwnd-loss_netem-constrained-2mbit,missing_tcp_pct,1,1,0,0.0,1,3.8461538461538463,3.8461538461538463,,,
cc-bbr_abr-bola_signals-cwnd-loss_netem-constrained-2mbit,tcp_age_mean_ms,1,1,0,0.0,1,288.5104347825698,288.5104347825698,,,
cc-bbr_abr-bola_signals-cwnd-loss_netem-high-rtt-loss,startup_sec,1,1,0,0.0,1,1.5585,1.5585,,,
cc-bbr_abr-bola_signals-cwnd-loss_netem-high-rtt-loss,stall_sec,1,1,0,0.0,1,0.0,0.0,,,
cc-bbr_abr-bola_signals-cwnd-loss_netem-high-rtt-loss,stall_count,1,1,0,0.0,1,0.0,0,,,
cc-bbr_abr-bola_signals-cwnd-loss_netem-high-rtt-loss,switch_count,1,1,0,0.0,1,1.0,1,,,
cc-bbr_abr-bola_signals-cwnd-loss_netem-high-rtt-loss,avg_bitrate_mbps,1,1,0,0.0,1,1.3975003087248323,1.3975003087248323,,,
cc-bbr_abr-bola_signals-cwnd-loss_netem-high-rtt-loss,time_weighted_bitrate_mbps,1,1,0,0.0,1,1.3973729394810084,1.3973729394810084,,,
cc-bbr_abr-bola_signals-cwnd-loss_netem-high-rtt-loss,buffer_mean_sec,1,1,0,0.0,1,25.45189816360601,25.45189816360601,,,
cc-bbr_abr-bola_signals-cwnd-loss_netem-high-rtt-loss,guardrail_count,1,1,0,0.0,1,0.0,0,,,
cc-bbr_abr-bola_signals-cwnd-loss_netem-high-rtt-loss,rtt_mean_ms,1,1,0,0.0,1,151.31252765583847,151.31252765583847,,,
cc-bbr_abr-bola_signals-cwnd-loss_netem-high-rtt-loss,cwnd_mean_packets,1,1,0,0.0,1,78.85601404741001,78.85601404741001,,,
cc-bbr_abr-bola_signals-cwnd-loss_netem-high-rtt-loss,loss_mean_pct,1,1,0,0.0,1,1.244288460454705,1.244288460454705,,,
cc-bbr_abr-bola_signals-cwnd-loss_netem-high-rtt-loss,missing_tcp_pct,1,1,0,0.0,1,4.340567612687813,4.340567612687813,,,
cc-bbr_abr-bola_signals-cwnd-loss_netem-high-rtt-loss,tcp_age_mean_ms,1,1,0,0.0,1,284.1324607326956,284.1324607326956,,,
cc-bbr_abr-bola_signals-cwnd-loss_netem-stable-8mbit,startup_sec,1,1,0,0.0,1,0.6307999999988824,0.6307999999988824,,,
cc-bbr_abr-bola_signals-cwnd-loss_netem-stable-8mbit,stall_sec,1,1,0,0.0,1,0.0,0.0,,,
cc-bbr_abr-bola_signals-cwnd-loss_netem-stable-8mbit,stall_count,1,1,0,0.0,1,0.0,0,,,
cc-bbr_abr-bola_signals-cwnd-loss_netem-stable-8mbit,switch_count,1,1,0,0.0,1,1.0,1,,,
cc-bbr_abr-bola_signals-cwnd-loss_netem-stable-8mbit,avg_bitrate_mbps,1,1,0,0.0,1,1.4036830771812079,1.4036830771812079,,,
cc-bbr_abr-bola_signals-cwnd-loss_netem-stable-8mbit,time_weighted_bitrate_mbps,1,1,0,0.0,1,1.4057440000000019,1.4057440000000019,,,
cc-bbr_abr-bola_signals-cwnd-loss_netem-stable-8mbit,buffer_mean_sec,1,1,0,0.0,1,26.632222036727878,26.632222036727878,,,
cc-bbr_abr-bola_signals-cwnd-loss_netem-stable-8mbit,guardrail_count,1,1,0,0.0,1,0.0,0,,,
cc-bbr_abr-bola_signals-cwnd-loss_netem-stable-8mbit,rtt_mean_ms,1,1,0,0.0,1,30.20945058626466,30.20945058626466,,,
cc-bbr_abr-bola_signals-cwnd-loss_netem-stable-8mbit,cwnd_mean_packets,1,1,0,0.0,1,35.903685092127304,35.903685092127304,,,
cc-bbr_abr-bola_signals-cwnd-loss_netem-stable-8mbit,loss_mean_pct,1,1,0,0.0,1,0.0,0.0,,,
cc-bbr_abr-bola_signals-cwnd-loss_netem-stable-8mbit,missing_tcp_pct,1,1,0,0.0,1,0.0,0.0,,,
cc-bbr_abr-bola_signals-cwnd-loss_netem-stable-8mbit,tcp_age_mean_ms,1,1,0,0.0,1,229.7674457430311,229.7674457430311,,,
cc-bbr_abr-bola_signals-cwnd_netem-constrained-2mbit,startup_sec,1,1,0,0.0,1,1.2158999999985098,1.2158999999985098,,,
cc-bbr_abr-bola_signals-cwnd_netem-constrained-2mbit,stall_sec,1,1,0,0.0,1,0.0,0.0,,,
cc-bbr_abr-bola_signals-cwnd_netem-constrained-2mbit,stall_count,1,1,0,0.0,1,0.0,0,,,
cc-bbr_abr-bola_signals-cwnd_netem-constrained-2mbit,switch_count,1,1,0,0.0,1,13.0,13,,,
cc-bbr_abr-bola_signals-cwnd_netem-constrained-2mbit,avg_bitrate_mbps,1,1,0,0.0,1,1.3418553926174497,1.3418553926174497,,,
cc-bbr_abr-bola_signals-cwnd_netem-constrained-2mbit,time_weighted_bitrate_mbps,1,1,0,0.0,1,1.3420193227115795,1.3420193227115795,,,
cc-bbr_abr-bola_signals-cwnd_netem-constrained-2mbit,buffer_mean_sec,1,1,0,0.0,1,20.12908347245409,20.12908347245409,,,
cc-bbr_abr-bola_signals-cwnd_netem-constrained-2mbit,guardrail_count,1,1,0,0.0,1,0.0,0,,,
cc-bbr_abr-bola_signals-cwnd_netem-constrained-2mbit,rtt_mean_ms,1,1,0,0.0,1,99.50133681462141,99.50133681462141,,,
cc-bbr_abr-bola_signals-cwnd_netem-constrained-2mbit,cwnd_mean_packets,1,1,0,0.0,1,28.733681462140993,28.733681462140993,,,
cc-bbr_abr-bola_signals-cwnd_netem-constrained-2mbit,loss_mean_pct,1,1,0,0.0,1,0.5406934366075032,0.5406934366075032,,,
cc-bbr_abr-bola_signals-cwnd_netem-constrained-2mbit,missing_tcp_pct,1,1,0,0.0,1,3.8397328881469117,3.8397328881469117,,,
cc-bbr_abr-bola_signals-cwnd_netem-constrained-2mbit,tcp_age_mean_ms,1,1,0,0.0,1,258.95902777780753,258.95902777780753,,,
cc-bbr_abr-bola_signals-cwnd_netem-high-rtt-loss,startup_sec,1,1,0,0.0,1,1.151,1.151,,,
cc-bbr_abr-bola_signals-cwnd_netem-high-rtt-loss,stall_sec,1,1,0,0.0,1,0.0,0.0,,,
cc-bbr_abr-bola_signals-cwnd_netem-high-rtt-loss,stall_count,1,1,0,0.0,1,0.0,0,,,
cc-bbr_abr-bola_signals-cwnd_netem-high-rtt-loss,switch_count,1,1,0,0.0,1,11.0,11,,,
cc-bbr_abr-bola_signals-cwnd_netem-high-rtt-loss,avg_bitrate_mbps,1,1,0,0.0,1,1.370708312080537,1.370708312080537,,,
cc-bbr_abr-bola_signals-cwnd_netem-high-rtt-loss,time_weighted_bitrate_mbps,1,1,0,0.0,1,1.3706598865265454,1.3706598865265454,,,
cc-bbr_abr-bola_signals-cwnd_netem-high-rtt-loss,buffer_mean_sec,1,1,0,0.0,1,24.978454090150247,24.978454090150247,,,
cc-bbr_abr-bola_signals-cwnd_netem-high-rtt-loss,guardrail_count,1,1,0,0.0,1,0.0,0,,,
cc-bbr_abr-bola_signals-cwnd_netem-high-rtt-loss,rtt_mean_ms,1,1,0,0.0,1,147.486128248114,147.486128248114,,,
cc-bbr_abr-bola_signals-cwnd_netem-high-rtt-loss,cwnd_mean_packets,1,1,0,0.0,1,76.90779547359598,76.90779547359598,,,
cc-bbr_abr-bola_signals-cwnd_netem-high-rtt-loss,loss_mean_pct,1,1,0,0.0,1,1.7194426398511253,1.7194426398511253,,,
cc-bbr_abr-bola_signals-cwnd_netem-high-rtt-loss,missing_tcp_pct,1,1,0,0.0,1,0.1669449081803005,0.1669449081803005,,,
cc-bbr_abr-bola_signals-cwnd_netem-high-rtt-loss,tcp_age_mean_ms,1,1,0,0.0,1,289.4623745820457,289.4623745820457,,,
cc-bbr_abr-bola_signals-cwnd_netem-stable-8mbit,startup_sec,1,1,0,0.0,1,0.4425,0.4425,,,
cc-bbr_abr-bola_signals-cwnd_netem-stable-8mbit,stall_sec,1,1,0,0.0,1,0.0,0.0,,,
cc-bbr_abr-bola_signals-cwnd_netem-stable-8mbit,stall_count,1,1,0,0.0,1,0.0,0,,,
cc-bbr_abr-bola_signals-cwnd_netem-stable-8mbit,switch_count,1,1,0,0.0,1,1.0,1,,,
cc-bbr_abr-bola_signals-cwnd_netem-stable-8mbit,avg_bitrate_mbps,1,1,0,0.0,1,1.4036830771812079,1.4036830771812079,,,
cc-bbr_abr-bola_signals-cwnd_netem-stable-8mbit,time_weighted_bitrate_mbps,1,1,0,0.0,1,1.4057439999999997,1.4057439999999997,,,
cc-bbr_abr-bola_signals-cwnd_netem-stable-8mbit,buffer_mean_sec,1,1,0,0.0,1,26.78938795986622,26.78938795986622,,,
cc-bbr_abr-bola_signals-cwnd_netem-stable-8mbit,guardrail_count,1,1,0,0.0,1,0.0,0,,,
cc-bbr_abr-bola_signals-cwnd_netem-stable-8mbit,rtt_mean_ms,1,1,0,0.0,1,31.117836363636364,31.117836363636364,,,
cc-bbr_abr-bola_signals-cwnd_netem-stable-8mbit,cwnd_mean_packets,1,1,0,0.0,1,36.227705627705625,36.227705627705625,,,
cc-bbr_abr-bola_signals-cwnd_netem-stable-8mbit,loss_mean_pct,1,1,0,0.0,1,0.0,0.0,,,
cc-bbr_abr-bola_signals-cwnd_netem-stable-8mbit,missing_tcp_pct,1,1,0,0.0,1,2.842809364548495,2.842809364548495,,,
cc-bbr_abr-bola_signals-cwnd_netem-stable-8mbit,tcp_age_mean_ms,1,1,0,0.0,1,302.66798623128057,302.66798623128057,,,
cc-bbr_abr-bola_signals-loss_netem-constrained-2mbit,startup_sec,1,1,0,0.0,1,1.2980999999996274,1.2980999999996274,,,
cc-bbr_abr-bola_signals-loss_netem-constrained-2mbit,stall_sec,1,1,0,0.0,1,0.0,0.0,,,
cc-bbr_abr-bola_signals-loss_netem-constrained-2mbit,stall_count,1,1,0,0.0,1,0.0,0,,,
cc-bbr_abr-bola_signals-loss_netem-constrained-2mbit,switch_count,1,1,0,0.0,1,23.0,23,,,
cc-bbr_abr-bola_signals-loss_netem-constrained-2mbit,avg_bitrate_mbps,1,1,0,0.0,1,1.2738449395973155,1.2738449395973155,,,
cc-bbr_abr-bola_signals-loss_netem-constrained-2mbit,time_weighted_bitrate_mbps,1,1,0,0.0,1,1.2743402786433393,1.2743402786433393,,,
cc-bbr_abr-bola_signals-loss_netem-constrained-2mbit,buffer_mean_sec,1,1,0,0.0,1,18.561181666666666,18.561181666666666,,,
cc-bbr_abr-bola_signals-loss_netem-constrained-2mbit,guardrail_count,1,1,0,0.0,1,0.0,0,,,
cc-bbr_abr-bola_signals-loss_netem-constrained-2mbit,rtt_mean_ms,1,1,0,0.0,1,97.24705008347246,97.24705008347246,,,
cc-bbr_abr-bola_signals-loss_netem-constrained-2mbit,cwnd_mean_packets,1,1,0,0.0,1,28.67779632721202,28.67779632721202,,,
cc-bbr_abr-bola_signals-loss_netem-constrained-2mbit,loss_mean_pct,1,1,0,0.0,1,0.6446529210282156,0.6446529210282156,,,
cc-bbr_abr-bola_signals-loss_netem-constrained-2mbit,missing_tcp_pct,1,1,0,0.0,1,0.0,0.0,,,
cc-bbr_abr-bola_signals-loss_netem-constrained-2mbit,tcp_age_mean_ms,1,1,0,0.0,1,250.43633333344323,250.43633333344323,,,
cc-bbr_abr-bola_signals-loss_netem-high-rtt-loss,startup_sec,1,1,0,0.0,1,1.264199999999255,1.264199999999255,,,
cc-bbr_abr-bola_signals-loss_netem-high-rtt-loss,stall_sec,1,1,0,0.0,1,0.0,0.0,,,
cc-bbr_abr-bola_signals-loss_netem-high-rtt-loss,stall_count,1,1,0,0.0,1,0.0,0,,,
cc-bbr_abr-bola_signals-loss_netem-high-rtt-loss,switch_count,1,1,0,0.0,1,3.0,3,,,
cc-bbr_abr-bola_signals-loss_netem-high-rtt-loss,avg_bitrate_mbps,1,1,0,0.0,1,1.399561231543624,1.399561231543624,,,
cc-bbr_abr-bola_signals-loss_netem-high-rtt-loss,time_weighted_bitrate_mbps,1,1,0,0.0,1,1.399563063660032,1.399563063660032,,,
cc-bbr_abr-bola_signals-loss_netem-high-rtt-loss,buffer_mean_sec,1,1,0,0.0,1,25.397618333333334,25.397618333333334,,,
cc-bbr_abr-bola_signals-loss_netem-high-rtt-loss,guardrail_count,1,1,0,0.0,1,0.0,0,,,
cc-bbr_abr-bola_signals-loss_netem-high-rtt-loss,rtt_mean_ms,1,1,0,0.0,1,147.681927852349,147.681927852349,,,
cc-bbr_abr-bola_signals-loss_netem-high-rtt-loss,cwnd_mean_packets,1,1,0,0.0,1,78.58640939597315,78.58640939597315,,,
cc-bbr_abr-bola_signals-loss_netem-high-rtt-loss,loss_mean_pct,1,1,0,0.0,1,1.068632061959069,1.068632061959069,,,
cc-bbr_abr-bola_signals-loss_netem-high-rtt-loss,missing_tcp_pct,1,1,0,0.0,1,0.16666666666666666,0.16666666666666666,,,
cc-bbr_abr-bola_signals-loss_netem-high-rtt-loss,tcp_age_mean_ms,1,1,0,0.0,1,270.66744574303044,270.66744574303044,,,
cc-bbr_abr-bola_signals-loss_netem-stable-8mbit,startup_sec,1,1,0,0.0,1,0.40569999999925493,0.40569999999925493,,,
cc-bbr_abr-bola_signals-loss_netem-stable-8mbit,stall_sec,1,1,0,0.0,1,0.0,0.0,,,
cc-bbr_abr-bola_signals-loss_netem-stable-8mbit,stall_count,1,1,0,0.0,1,0.0,0,,,
cc-bbr_abr-bola_signals-loss_netem-stable-8mbit,switch_count,1,1,0,0.0,1,1.0,1,,,
cc-bbr_abr-bola_signals-loss_netem-stable-8mbit,avg_bitrate_mbps,1,1,0,0.0,1,1.4036830771812079,1.4036830771812079,,,
cc-bbr_abr-bola_signals-loss_netem-stable-8mbit,time_weighted_bitrate_mbps,1,1,0,0.0,1,1.405744,1.405744,,,
cc-bbr_abr-bola_signals-loss_netem-stable-8mbit,buffer_mean_sec,1,1,0,0.0,1,26.736654424040065,26.736654424040065,,,
cc-bbr_abr-bola_signals-loss_netem-stable-8mbit,guardrail_count,1,1,0,0.0,1,0.0,0,,,
cc-bbr_abr-bola_signals-loss_netem-stable-8mbit,rtt_mean_ms,1,1,0,0.0,1,30.501960616438357,30.501960616438357,,,
cc-bbr_abr-bola_signals-loss_netem-stable-8mbit,cwnd_mean_packets,1,1,0,0.0,1,35.8458904109589,35.8458904109589,,,
cc-bbr_abr-bola_signals-loss_netem-stable-8mbit,loss_mean_pct,1,1,0,0.0,1,0.0,0.0,,,
cc-bbr_abr-bola_signals-loss_netem-stable-8mbit,missing_tcp_pct,1,1,0,0.0,1,2.1702838063439067,2.1702838063439067,,,
cc-bbr_abr-bola_signals-loss_netem-stable-8mbit,tcp_age_mean_ms,1,1,0,0.0,1,307.00955631369055,307.00955631369055,,,
cc-bbr_abr-bola_signals-none_netem-constrained-2mbit,startup_sec,1,1,0,0.0,1,1.0813999999985098,1.0813999999985098,,,
cc-bbr_abr-bola_signals-none_netem-constrained-2mbit,stall_sec,1,1,0,0.0,1,0.0,0.0,,,
cc-bbr_abr-bola_signals-none_netem-constrained-2mbit,stall_count,1,1,0,0.0,1,0.0,0,,,
cc-bbr_abr-bola_signals-none_netem-constrained-2mbit,switch_count,1,1,0,0.0,1,19.0,19,,,
cc-bbr_abr-bola_signals-none_netem-constrained-2mbit,avg_bitrate_mbps,1,1,0,0.0,1,1.2429310973154362,1.2429310973154362,,,
cc-bbr_abr-bola_signals-none_netem-constrained-2mbit,time_weighted_bitrate_mbps,1,1,0,0.0,1,1.2437600169350875,1.2437600169350875,,,
cc-bbr_abr-bola_signals-none_netem-constrained-2mbit,buffer_mean_sec,1,1,0,0.0,1,18.583326666666665,18.583326666666665,,,
cc-bbr_abr-bola_signals-none_netem-constrained-2mbit,guardrail_count,1,1,0,0.0,1,0.0,0,,,
cc-bbr_abr-bola_signals-none_netem-constrained-2mbit,rtt_mean_ms,1,1,0,0.0,1,98.77387866108786,98.77387866108786,,,
cc-bbr_abr-bola_signals-none_netem-constrained-2mbit,cwnd_mean_packets,1,1,0,0.0,1,28.87531380753138,28.87531380753138,,,
cc-bbr_abr-bola_signals-none_netem-constrained-2mbit,loss_mean_pct,1,1,0,0.0,1,0.44923859549261524,0.44923859549261524,,,
cc-bbr_abr-bola_signals-none_netem-constrained-2mbit,missing_tcp_pct,1,1,0,0.0,1,0.16666666666666666,0.16666666666666666,,,
cc-bbr_abr-bola_signals-none_netem-constrained-2mbit,tcp_age_mean_ms,1,1,0,0.0,1,292.45575959920785,292.45575959920785,,,
cc-bbr_abr-bola_signals-none_netem-high-rtt-loss,startup_sec,1,1,0,0.0,1,1.2775999999977647,1.2775999999977647,,,
cc-bbr_abr-bola_signals-none_netem-high-rtt-loss,stall_sec,1,1,0,0.0,1,0.0,0.0,,,
cc-bbr_abr-bola_signals-none_netem-high-rtt-loss,stall_count,1,1,0,0.0,1,0.0,0,,,
cc-bbr_abr-bola_signals-none_netem-high-rtt-loss,switch_count,1,1,0,0.0,1,1.0,1,,,
cc-bbr_abr-bola_signals-none_netem-high-rtt-loss,avg_bitrate_mbps,1,1,0,0.0,1,1.3975003087248323,1.3975003087248323,,,
cc-bbr_abr-bola_signals-none_netem-high-rtt-loss,time_weighted_bitrate_mbps,1,1,0,0.0,1,1.3974996904479928,1.3974996904479928,,,
cc-bbr_abr-bola_signals-none_netem-high-rtt-loss,buffer_mean_sec,1,1,0,0.0,1,25.353923460898503,25.353923460898503,,,
cc-bbr_abr-bola_signals-none_netem-high-rtt-loss,guardrail_count,1,1,0,0.0,1,0.0,0,,,
cc-bbr_abr-bola_signals-none_netem-high-rtt-loss,rtt_mean_ms,1,1,0,0.0,1,147.56578055077452,147.56578055077452,,,
cc-bbr_abr-bola_signals-none_netem-high-rtt-loss,cwnd_mean_packets,1,1,0,0.0,1,78.19363166953528,78.19363166953528,,,
cc-bbr_abr-bola_signals-none_netem-high-rtt-loss,loss_mean_pct,1,1,0,0.0,1,2.14901207942915,2.14901207942915,,,
cc-bbr_abr-bola_signals-none_netem-high-rtt-loss,missing_tcp_pct,1,1,0,0.0,1,2.8286189683860234,2.8286189683860234,,,
cc-bbr_abr-bola_signals-none_netem-high-rtt-loss,tcp_age_mean_ms,1,1,0,0.0,1,265.62243150690034,265.62243150690034,,,
cc-bbr_abr-bola_signals-none_netem-stable-8mbit,startup_sec,1,1,0,0.0,1,0.4675,0.4675,,,
cc-bbr_abr-bola_signals-none_netem-stable-8mbit,stall_sec,1,1,0,0.0,1,0.0,0.0,,,
cc-bbr_abr-bola_signals-none_netem-stable-8mbit,stall_count,1,1,0,0.0,1,0.0,0,,,
cc-bbr_abr-bola_signals-none_netem-stable-8mbit,switch_count,1,1,0,0.0,1,1.0,1,,,
cc-bbr_abr-bola_signals-none_netem-stable-8mbit,avg_bitrate_mbps,1,1,0,0.0,1,1.4036830771812079,1.4036830771812079,,,
cc-bbr_abr-bola_signals-none_netem-stable-8mbit,time_weighted_bitrate_mbps,1,1,0,0.0,1,1.405744,1.405744,,,
cc-bbr_abr-bola_signals-none_netem-stable-8mbit,buffer_mean_sec,1,1,0,0.0,1,26.801454849498327,26.801454849498327,,,
cc-bbr_abr-bola_signals-none_netem-stable-8mbit,guardrail_count,1,1,0,0.0,1,0.0,0,,,
cc-bbr_abr-bola_signals-none_netem-stable-8mbit,rtt_mean_ms,1,1,0,0.0,1,30.53381228956229,30.53381228956229,,,
cc-bbr_abr-bola_signals-none_netem-stable-8mbit,cwnd_mean_packets,1,1,0,0.0,1,35.813131313131315,35.813131313131315,,,
cc-bbr_abr-bola_signals-none_netem-stable-8mbit,loss_mean_pct,1,1,0,0.0,1,0.0,0.0,,,
cc-bbr_abr-bola_signals-none_netem-stable-8mbit,missing_tcp_pct,1,1,0,0.0,1,0.33444816053511706,0.33444816053511706,,,
cc-bbr_abr-bola_signals-none_netem-stable-8mbit,tcp_age_mean_ms,1,1,0,0.0,1,239.82533557081732,239.82533557081732,,,
cc-bbr_abr-bola_signals-rtt-cwnd-loss_netem-constrained-2mbit,startup_sec,1,1,0,0.0,1,1.18660000000149,1.18660000000149,,,
cc-bbr_abr-bola_signals-rtt-cwnd-loss_netem-constrained-2mbit,stall_sec,1,1,0,0.0,1,0.0,0.0,,,
cc-bbr_abr-bola_signals-rtt-cwnd-loss_netem-constrained-2mbit,stall_count,1,1,0,0.0,1,0.0,0,,,
cc-bbr_abr-bola_signals-rtt-cwnd-loss_netem-constrained-2mbit,switch_count,1,1,0,0.0,1,19.0,19,,,
cc-bbr_abr-bola_signals-rtt-cwnd-loss_netem-constrained-2mbit,avg_bitrate_mbps,1,1,0,0.0,1,1.255296634228188,1.255296634228188,,,
cc-bbr_abr-bola_signals-rtt-cwnd-loss_netem-constrained-2mbit,time_weighted_bitrate_mbps,1,1,0,0.0,1,1.255354143444388,1.255354143444388,,,
cc-bbr_abr-bola_signals-rtt-cwnd-loss_netem-constrained-2mbit,buffer_mean_sec,1,1,0,0.0,1,19.019550918196995,19.019550918196995,,,
cc-bbr_abr-bola_signals-rtt-cwnd-loss_netem-constrained-2mbit,guardrail_count,1,1,0,0.0,1,0.0,0,,,
cc-bbr_abr-bola_signals-rtt-cwnd-loss_netem-constrained-2mbit,rtt_mean_ms,1,1,0,0.0,1,98.84452364864865,98.84452364864865,,,
cc-bbr_abr-bola_signals-rtt-cwnd-loss_netem-constrained-2mbit,cwnd_mean_packets,1,1,0,0.0,1,28.732263513513512,28.732263513513512,,,
cc-bbr_abr-bola_signals-rtt-cwnd-loss_netem-constrained-2mbit,loss_mean_pct,1,1,0,0.0,1,0.4433859203835672,0.4433859203835672,,,
cc-bbr_abr-bola_signals-rtt-cwnd-loss_netem-constrained-2mbit,missing_tcp_pct,1,1,0,0.0,1,0.667779632721202,0.667779632721202,,,
cc-bbr_abr-bola_signals-rtt-cwnd-loss_netem-constrained-2mbit,tcp_age_mean_ms,1,1,0,0.0,1,275.78588235282473,275.78588235282473,,,
cc-bbr_abr-bola_signals-rtt-cwnd-loss_netem-high-rtt-loss,startup_sec,1,1,0,0.0,1,1.796,1.796,,,
cc-bbr_abr-bola_signals-rtt-cwnd-loss_netem-high-rtt-loss,stall_sec,1,1,0,0.0,1,0.0,0.0,,,
cc-bbr_abr-bola_signals-rtt-cwnd-loss_netem-high-rtt-loss,stall_count,1,1,0,0.0,1,0.0,0,,,
cc-bbr_abr-bola_signals-rtt-cwnd-loss_netem-high-rtt-loss,switch_count,1,1,0,0.0,1,3.0,3,,,
cc-bbr_abr-bola_signals-rtt-cwnd-loss_netem-high-rtt-loss,avg_bitrate_mbps,1,1,0,0.0,1,1.3933991758793969,1.3933991758793969,,,
cc-bbr_abr-bola_signals-rtt-cwnd-loss_netem-high-rtt-loss,time_weighted_bitrate_mbps,1,1,0,0.0,1,1.3934015369451678,1.3934015369451678,,,
cc-bbr_abr-bola_signals-rtt-cwnd-loss_netem-high-rtt-loss,buffer_mean_sec,1,1,0,0.0,1,25.330061769616027,25.330061769616027,,,
cc-bbr_abr-bola_signals-rtt-cwnd-loss_netem-high-rtt-loss,guardrail_count,1,1,0,0.0,1,0.0,0,,,
cc-bbr_abr-bola_signals-rtt-cwnd-loss_netem-high-rtt-loss,rtt_mean_ms,1,1,0,0.0,1,146.58613746856662,146.58613746856662,,,
cc-bbr_abr-bola_signals-rtt-cwnd-loss_netem-high-rtt-loss,cwnd_mean_packets,1,1,0,0.0,1,77.43839061190276,77.43839061190276,,,
cc-bbr_abr-bola_signals-rtt-cwnd-loss_netem-high-rtt-loss,loss_mean_pct,1,1,0,0.0,1,1.2807023121120351,1.2807023121120351,,,
cc-bbr_abr-bola_signals-rtt-cwnd-loss_netem-high-rtt-loss,missing_tcp_pct,1,1,0,0.0,1,0.1669449081803005,0.1669449081803005,,,
cc-bbr_abr-bola_signals-rtt-cwnd-loss_netem-high-rtt-loss,tcp_age_mean_ms,1,1,0,0.0,1,246.55969899652345,246.55969899652345,,,
cc-bbr_abr-bola_signals-rtt-cwnd-loss_netem-stable-8mbit,startup_sec,1,1,0,0.0,1,0.48269999999925495,0.48269999999925495,,,
cc-bbr_abr-bola_signals-rtt-cwnd-loss_netem-stable-8mbit,stall_sec,1,1,0,0.0,1,0.0,0.0,,,
cc-bbr_abr-bola_signals-rtt-cwnd-loss_netem-stable-8mbit,stall_count,1,1,0,0.0,1,0.0,0,,,
cc-bbr_abr-bola_signals-rtt-cwnd-loss_netem-stable-8mbit,switch_count,1,1,0,0.0,1,1.0,1,,,
cc-bbr_abr-bola_signals-rtt-cwnd-loss_netem-stable-8mbit,avg_bitrate_mbps,1,1,0,0.0,1,1.4036830771812079,1.4036830771812079,,,
cc-bbr_abr-bola_signals-rtt-cwnd-loss_netem-stable-8mbit,time_weighted_bitrate_mbps,1,1,0,0.0,1,1.405744,1.405744,,,
cc-bbr_abr-bola_signals-rtt-cwnd-loss_netem-stable-8mbit,buffer_mean_sec,1,1,0,0.0,1,26.716730769230768,26.716730769230768,,,
cc-bbr_abr-bola_signals-rtt-cwnd-loss_netem-stable-8mbit,guardrail_count,1,1,0,0.0,1,0.0,0,,,
cc-bbr_abr-bola_signals-rtt-cwnd-loss_netem-stable-8mbit,rtt_mean_ms,1,1,0,0.0,1,30.894395973154364,30.894395973154364,,,
cc-bbr_abr-bola_signals-rtt-cwnd-loss_netem-stable-8mbit,cwnd_mean_packets,1,1,0,0.0,1,35.81124161073826,35.81124161073826,,,
cc-bbr_abr-bola_signals-rtt-cwnd-loss_netem-stable-8mbit,loss_mean_pct,1,1,0,0.0,1,0.0,0.0,,,
cc-bbr_abr-bola_signals-rtt-cwnd-loss_netem-stable-8mbit,missing_tcp_pct,1,1,0,0.0,1,0.0,0.0,,,
cc-bbr_abr-bola_signals-rtt-cwnd-loss_netem-stable-8mbit,tcp_age_mean_ms,1,1,0,0.0,1,222.243478260816,222.243478260816,,,
cc-bbr_abr-bola_signals-rtt-cwnd_netem-constrained-2mbit,startup_sec,1,1,0,0.0,1,1.0035999999996275,1.0035999999996275,,,
cc-bbr_abr-bola_signals-rtt-cwnd_netem-constrained-2mbit,stall_sec,1,1,0,0.0,1,0.0,0.0,,,
cc-bbr_abr-bola_signals-rtt-cwnd_netem-constrained-2mbit,stall_count,1,1,0,0.0,1,0.0,0,,,
cc-bbr_abr-bola_signals-rtt-cwnd_netem-constrained-2mbit,switch_count,1,1,0,0.0,1,23.0,23,,,
cc-bbr_abr-bola_signals-rtt-cwnd_netem-constrained-2mbit,avg_bitrate_mbps,1,1,0,0.0,1,1.2697230939597315,1.2697230939597315,,,
cc-bbr_abr-bola_signals-rtt-cwnd_netem-constrained-2mbit,time_weighted_bitrate_mbps,1,1,0,0.0,1,1.2714572692176331,1.2714572692176331,,,
cc-bbr_abr-bola_signals-rtt-cwnd_netem-constrained-2mbit,buffer_mean_sec,1,1,0,0.0,1,18.705165551839464,18.705165551839464,,,
cc-bbr_abr-bola_signals-rtt-cwnd_netem-constrained-2mbit,guardrail_count,1,1,0,0.0,1,0.0,0,,,
cc-bbr_abr-bola_signals-rtt-cwnd_netem-constrained-2mbit,rtt_mean_ms,1,1,0,0.0,1,98.53155648535565,98.53155648535565,,,
cc-bbr_abr-bola_signals-rtt-cwnd_netem-constrained-2mbit,cwnd_mean_packets,1,1,0,0.0,1,28.727196652719666,28.727196652719666,,,
cc-bbr_abr-bola_signals-rtt-cwnd_netem-constrained-2mbit,loss_mean_pct,1,1,0,0.0,1,0.6275010761295475,0.6275010761295475,,,
cc-bbr_abr-bola_signals-rtt-cwnd_netem-constrained-2mbit,missing_tcp_pct,1,1,0,0.0,1,0.0,0.0,,,
cc-bbr_abr-bola_signals-rtt-cwnd_netem-constrained-2mbit,tcp_age_mean_ms,1,1,0,0.0,1,276.69030100307475,276.69030100307475,,,
cc-bbr_abr-bola_signals-rtt-cwnd_netem-high-rtt-loss,startup_sec,1,1,0,0.0,1,1.7154000000022351,1.7154000000022351,,,
cc-bbr_abr-bola_signals-rtt-cwnd_netem-high-rtt-loss,stall_sec,1,1,0,0.0,1,0.0,0.0,,,
cc-bbr_abr-bola_signals-rtt-cwnd_netem-high-rtt-loss,stall_count,1,1,0,0.0,1,0.0,0,,,
cc-bbr_abr-bola_signals-rtt-cwnd_netem-high-rtt-loss,switch_count,1,1,0,0.0,1,3.0,3,,,
cc-bbr_abr-bola_signals-rtt-cwnd_netem-high-rtt-loss,avg_bitrate_mbps,1,1,0,0.0,1,1.3954566465661642,1.3954566465661642,,,
cc-bbr_abr-bola_signals-rtt-cwnd_netem-high-rtt-loss,time_weighted_bitrate_mbps,1,1,0,0.0,1,1.3952307221966187,1.3952307221966187,,,
cc-bbr_abr-bola_signals-rtt-cwnd_netem-high-rtt-loss,buffer_mean_sec,1,1,0,0.0,1,25.250255,25.250255,,,
cc-bbr_abr-bola_signals-rtt-cwnd_netem-high-rtt-loss,guardrail_count,1,1,0,0.0,1,0.0,0,,,
cc-bbr_abr-bola_signals-rtt-cwnd_netem-high-rtt-loss,rtt_mean_ms,1,1,0,0.0,1,146.2787481171548,146.2787481171548,,,
cc-bbr_abr-bola_signals-rtt-cwnd_netem-high-rtt-loss,cwnd_mean_packets,1,1,0,0.0,1,77.81673640167364,77.81673640167364,,,
cc-bbr_abr-bola_signals-rtt-cwnd_netem-high-rtt-loss,loss_mean_pct,1,1,0,0.0,1,2.2077180438383985,2.2077180438383985,,,
cc-bbr_abr-bola_signals-rtt-cwnd_netem-high-rtt-loss,missing_tcp_pct,1,1,0,0.0,1,0.16666666666666666,0.16666666666666666,,,
cc-bbr_abr-bola_signals-rtt-cwnd_netem-high-rtt-loss,tcp_age_mean_ms,1,1,0,0.0,1,295.4864774624598,295.4864774624598,,,
cc-bbr_abr-bola_signals-rtt-cwnd_netem-stable-8mbit,startup_sec,1,1,0,0.0,1,0.520699999999255,0.520699999999255,,,
cc-bbr_abr-bola_signals-rtt-cwnd_netem-stable-8mbit,stall_sec,1,1,0,0.0,1,0.0,0.0,,,
cc-bbr_abr-bola_signals-rtt-cwnd_netem-stable-8mbit,stall_count,1,1,0,0.0,1,0.0,0,,,
cc-bbr_abr-bola_signals-rtt-cwnd_netem-stable-8mbit,switch_count,1,1,0,0.0,1,1.0,1,,,
cc-bbr_abr-bola_signals-rtt-cwnd_netem-stable-8mbit,avg_bitrate_mbps,1,1,0,0.0,1,1.4036830771812079,1.4036830771812079,,,
cc-bbr_abr-bola_signals-rtt-cwnd_netem-stable-8mbit,time_weighted_bitrate_mbps,1,1,0,0.0,1,1.405744,1.405744,,,
cc-bbr_abr-bola_signals-rtt-cwnd_netem-stable-8mbit,buffer_mean_sec,1,1,0,0.0,1,26.82035618729097,26.82035618729097,,,
cc-bbr_abr-bola_signals-rtt-cwnd_netem-stable-8mbit,guardrail_count,1,1,0,0.0,1,0.0,0,,,
cc-bbr_abr-bola_signals-rtt-cwnd_netem-stable-8mbit,rtt_mean_ms,1,1,0,0.0,1,30.81471452560873,30.81471452560873,,,
cc-bbr_abr-bola_signals-rtt-cwnd_netem-stable-8mbit,cwnd_mean_packets,1,1,0,0.0,1,36.62384550797649,36.62384550797649,,,
cc-bbr_abr-bola_signals-rtt-cwnd_netem-stable-8mbit,loss_mean_pct,1,1,0,0.0,1,0.0,0.0,,,
cc-bbr_abr-bola_signals-rtt-cwnd_netem-stable-8mbit,missing_tcp_pct,1,1,0,0.0,1,0.16722408026755853,0.16722408026755853,,,
cc-bbr_abr-bola_signals-rtt-cwnd_netem-stable-8mbit,tcp_age_mean_ms,1,1,0,0.0,1,229.99229480716176,229.99229480716176,,,
cc-bbr_abr-bola_signals-rtt-loss_netem-constrained-2mbit,startup_sec,1,1,0,0.0,1,0.8526000000014902,0.8526000000014902,,,
cc-bbr_abr-bola_signals-rtt-loss_netem-constrained-2mbit,stall_sec,1,1,0,0.0,1,0.0,0.0,,,
cc-bbr_abr-bola_signals-rtt-loss_netem-constrained-2mbit,stall_count,1,1,0,0.0,1,0.0,0,,,
cc-bbr_abr-bola_signals-rtt-loss_netem-constrained-2mbit,switch_count,1,1,0,0.0,1,27.0,27,,,
cc-bbr_abr-bola_signals-rtt-loss_netem-constrained-2mbit,avg_bitrate_mbps,1,1,0,0.0,1,1.209956332214765,1.209956332214765,,,
cc-bbr_abr-bola_signals-rtt-loss_netem-constrained-2mbit,time_weighted_bitrate_mbps,1,1,0,0.0,1,1.211261232870844,1.211261232870844,,,
cc-bbr_abr-bola_signals-rtt-loss_netem-constrained-2mbit,buffer_mean_sec,1,1,0,0.0,1,18.744384999999998,18.744384999999998,,,
cc-bbr_abr-bola_signals-rtt-loss_netem-constrained-2mbit,guardrail_count,1,1,0,0.0,1,0.0,0,,,
cc-bbr_abr-bola_signals-rtt-loss_netem-constrained-2mbit,rtt_mean_ms,1,1,0,0.0,1,99.59665798319328,99.59665798319328,,,
cc-bbr_abr-bola_signals-rtt-loss_netem-constrained-2mbit,cwnd_mean_packets,1,1,0,0.0,1,28.849579831932772,28.849579831932772,,,
cc-bbr_abr-bola_signals-rtt-loss_netem-constrained-2mbit,loss_mean_pct,1,1,0,0.0,1,0.5151216820022535,0.5151216820022535,,,
cc-bbr_abr-bola_signals-rtt-loss_netem-constrained-2mbit,missing_tcp_pct,1,1,0,0.0,1,0.0,0.0,,,
cc-bbr_abr-bola_signals-rtt-loss_netem-constrained-2mbit,tcp_age_mean_ms,1,1,0,0.0,1,293.15966666650024,293.15966666650024,,,
cc-bbr_abr-bola_signals-rtt-loss_netem-high-rtt-loss,startup_sec,1,1,0,0.0,1,1.7323999999985098,1.7323999999985098,,,
cc-bbr_abr-bola_signals-rtt-loss_netem-high-rtt-loss,stall_sec,1,1,0,0.0,1,0.0,0.0,,,
cc-bbr_abr-bola_signals-rtt-loss_netem-high-rtt-loss,stall_count,1,1,0,0.0,1,0.0,0,,,
cc-bbr_abr-bola_signals-rtt-loss_netem-high-rtt-loss,switch_count,1,1,0,0.0,1,1.0,1,,,
cc-bbr_abr-bola_signals-rtt-loss_netem-high-rtt-loss,avg_bitrate_mbps,1,1,0,0.0,1,1.3975141172529313,1.3975141172529313,,,
cc-bbr_abr-bola_signals-rtt-loss_netem-high-rtt-loss,time_weighted_bitrate_mbps,1,1,0,0.0,1,1.3975143216214898,1.3975143216214898,,,
cc-bbr_abr-bola_signals-rtt-loss_netem-high-rtt-loss,buffer_mean_sec,1,1,0,0.0,1,25.319125208681136,25.319125208681136,,,
cc-bbr_abr-bola_signals-rtt-loss_netem-high-rtt-loss,guardrail_count,1,1,0,0.0,1,0.0,0,,,
cc-bbr_abr-bola_signals-rtt-loss_netem-high-rtt-loss,rtt_mean_ms,1,1,0,0.0,1,146.875798488665,146.875798488665,,,
cc-bbr_abr-bola_signals-rtt-loss_netem-high-rtt-loss,cwnd_mean_packets,1,1,0,0.0,1,77.44080604534005,77.44080604534005,,,
cc-bbr_abr-bola_signals-rtt-loss_netem-high-rtt-loss,loss_mean_pct,1,1,0,0.0,1,1.756165304655321,1.756165304655321,,,
cc-bbr_abr-bola_signals-rtt-loss_netem-high-rtt-loss,missing_tcp_pct,1,1,0,0.0,1,0.0,0.0,,,
cc-bbr_abr-bola_signals-rtt-loss_netem-high-rtt-loss,tcp_age_mean_ms,1,1,0,0.0,1,291.892821369049,291.892821369049,,,
cc-bbr_abr-bola_signals-rtt-loss_netem-stable-8mbit,startup_sec,1,1,0,0.0,1,0.4051000000014901,0.4051000000014901,,,
cc-bbr_abr-bola_signals-rtt-loss_netem-stable-8mbit,stall_sec,1,1,0,0.0,1,0.0,0.0,,,
cc-bbr_abr-bola_signals-rtt-loss_netem-stable-8mbit,stall_count,1,1,0,0.0,1,0.0,0,,,
cc-bbr_abr-bola_signals-rtt-loss_netem-stable-8mbit,switch_count,1,1,0,0.0,1,1.0,1,,,
cc-bbr_abr-bola_signals-rtt-loss_netem-stable-8mbit,avg_bitrate_mbps,1,1,0,0.0,1,1.4036830771812079,1.4036830771812079,,,
cc-bbr_abr-bola_signals-rtt-loss_netem-stable-8mbit,time_weighted_bitrate_mbps,1,1,0,0.0,1,1.405744,1.405744,,,
cc-bbr_abr-bola_signals-rtt-loss_netem-stable-8mbit,buffer_mean_sec,1,1,0,0.0,1,26.72884,26.72884,,,
cc-bbr_abr-bola_signals-rtt-loss_netem-stable-8mbit,guardrail_count,1,1,0,0.0,1,0.0,0,,,
cc-bbr_abr-bola_signals-rtt-loss_netem-stable-8mbit,rtt_mean_ms,1,1,0,0.0,1,30.761316360601,30.761316360601,,,
cc-bbr_abr-bola_signals-rtt-loss_netem-stable-8mbit,cwnd_mean_packets,1,1,0,0.0,1,36.164440734557594,36.164440734557594,,,
cc-bbr_abr-bola_signals-rtt-loss_netem-stable-8mbit,loss_mean_pct,1,1,0,0.0,1,0.0,0.0,,,
cc-bbr_abr-bola_signals-rtt-loss_netem-stable-8mbit,missing_tcp_pct,1,1,0,0.0,1,0.0,0.0,,,
cc-bbr_abr-bola_signals-rtt-loss_netem-stable-8mbit,tcp_age_mean_ms,1,1,0,0.0,1,254.58699999981872,254.58699999981872,,,
cc-bbr_abr-bola_signals-rtt_netem-constrained-2mbit,startup_sec,1,1,0,0.0,1,1.0417999999970198,1.0417999999970198,,,
cc-bbr_abr-bola_signals-rtt_netem-constrained-2mbit,stall_sec,1,1,0,0.0,1,0.0,0.0,,,
cc-bbr_abr-bola_signals-rtt_netem-constrained-2mbit,stall_count,1,1,0,0.0,1,0.0,0,,,
cc-bbr_abr-bola_signals-rtt_netem-constrained-2mbit,switch_count,1,1,0,0.0,1,21.0,21,,,
cc-bbr_abr-bola_signals-rtt_netem-constrained-2mbit,avg_bitrate_mbps,1,1,0,0.0,1,1.2656012483221477,1.2656012483221477,,,
cc-bbr_abr-bola_signals-rtt_netem-constrained-2mbit,time_weighted_bitrate_mbps,1,1,0,0.0,1,1.266557746665816,1.266557746665816,,,
cc-bbr_abr-bola_signals-rtt_netem-constrained-2mbit,buffer_mean_sec,1,1,0,0.0,1,18.74052,18.74052,,,
cc-bbr_abr-bola_signals-rtt_netem-constrained-2mbit,guardrail_count,1,1,0,0.0,1,0.0,0,,,
cc-bbr_abr-bola_signals-rtt_netem-constrained-2mbit,rtt_mean_ms,1,1,0,0.0,1,98.45385786375105,98.45385786375105,,,
cc-bbr_abr-bola_signals-rtt_netem-constrained-2mbit,cwnd_mean_packets,1,1,0,0.0,1,28.750210260723296,28.750210260723296,,,
cc-bbr_abr-bola_signals-rtt_netem-constrained-2mbit,loss_mean_pct,1,1,0,0.0,1,0.5263142225520503,0.5263142225520503,,,
cc-bbr_abr-bola_signals-rtt_netem-constrained-2mbit,missing_tcp_pct,1,1,0,0.0,1,0.5,0.5,,,
cc-bbr_abr-bola_signals-rtt_netem-constrained-2mbit,tcp_age_mean_ms,1,1,0,0.0,1,292.39882747058317,292.39882747058317,,,
cc-bbr_abr-bola_signals-rtt_netem-high-rtt-loss,startup_sec,1,1,0,0.0,1,1.7502000000029803,1.7502000000029803,,,
cc-bbr_abr-bola_signals-rtt_netem-high-rtt-loss,stall_sec,1,1,0,0.0,1,0.0,0.0,,,
cc-bbr_abr-bola_signals-rtt_netem-high-rtt-loss,stall_count,1,1,0,0.0,1,0.0,0,,,
cc-bbr_abr-bola_signals-rtt_netem-high-rtt-loss,switch_count,1,1,0,0.0,1,3.0,3,,,
cc-bbr_abr-bola_signals-rtt_netem-high-rtt-loss,avg_bitrate_mbps,1,1,0,0.0,1,1.39543938590604,1.39543938590604,,,
cc-bbr_abr-bola_signals-rtt_netem-high-rtt-loss,time_weighted_bitrate_mbps,1,1,0,0.0,1,1.3953645034572488,1.3953645034572488,,,
cc-bbr_abr-bola_signals-rtt_netem-high-rtt-loss,buffer_mean_sec,1,1,0,0.0,1,25.34611185308848,25.34611185308848,,,
cc-bbr_abr-bola_signals-rtt_netem-high-rtt-loss,guardrail_count,1,1,0,0.0,1,0.0,0,,,
cc-bbr_abr-bola_signals-rtt_netem-high-rtt-loss,rtt_mean_ms,1,1,0,0.0,1,147.85729194630872,147.85729194630872,,,
cc-bbr_abr-bola_signals-rtt_netem-high-rtt-loss,cwnd_mean_packets,1,1,0,0.0,1,78.03523489932886,78.03523489932886,,,
cc-bbr_abr-bola_signals-rtt_netem-high-rtt-loss,loss_mean_pct,1,1,0,0.0,1,1.8716870061328457,1.8716870061328457,,,
cc-bbr_abr-bola_signals-rtt_netem-high-rtt-loss,missing_tcp_pct,1,1,0,0.0,1,0.333889816360601,0.333889816360601,,,
cc-bbr_abr-bola_signals-rtt_netem-high-rtt-loss,tcp_age_mean_ms,1,1,0,0.0,1,259.6971524288594,259.6971524288594,,,
cc-bbr_abr-bola_signals-rtt_netem-stable-8mbit,startup_sec,1,1,0,0.0,1,0.44269999999925497,0.44269999999925497,,,
cc-bbr_abr-bola_signals-rtt_netem-stable-8mbit,stall_sec,1,1,0,0.0,1,0.0,0.0,,,
cc-bbr_abr-bola_signals-rtt_netem-stable-8mbit,stall_count,1,1,0,0.0,1,0.0,0,,,
cc-bbr_abr-bola_signals-rtt_netem-stable-8mbit,switch_count,1,1,0,0.0,1,1.0,1,,,
cc-bbr_abr-bola_signals-rtt_netem-stable-8mbit,avg_bitrate_mbps,1,1,0,0.0,1,1.4036830771812079,1.4036830771812079,,,
cc-bbr_abr-bola_signals-rtt_netem-stable-8mbit,time_weighted_bitrate_mbps,1,1,0,0.0,1,1.405744,1.405744,,,
cc-bbr_abr-bola_signals-rtt_netem-stable-8mbit,buffer_mean_sec,1,1,0,0.0,1,26.758374581939798,26.758374581939798,,,
cc-bbr_abr-bola_signals-rtt_netem-stable-8mbit,guardrail_count,1,1,0,0.0,1,0.0,0,,,
cc-bbr_abr-bola_signals-rtt_netem-stable-8mbit,rtt_mean_ms,1,1,0,0.0,1,30.779769941225858,30.779769941225858,,,
cc-bbr_abr-bola_signals-rtt_netem-stable-8mbit,cwnd_mean_packets,1,1,0,0.0,1,36.126784214945424,36.126784214945424,,,
cc-bbr_abr-bola_signals-rtt_netem-stable-8mbit,loss_mean_pct,1,1,0,0.0,1,0.0,0.0,,,
cc-bbr_abr-bola_signals-rtt_netem-stable-8mbit,missing_tcp_pct,1,1,0,0.0,1,0.16722408026755853,0.16722408026755853,,,
cc-bbr_abr-bola_signals-rtt_netem-stable-8mbit,tcp_age_mean_ms,1,1,0,0.0,1,235.8728643213672,235.8728643213672,,,
cc-bbr_abr-throughput_signals-cwnd-loss_netem-constrained-2mbit,startup_sec,1,1,0,0.0,1,0.9450999999977648,0.9450999999977648,,,
cc-bbr_abr-throughput_signals-cwnd-loss_netem-constrained-2mbit,stall_sec,1,1,0,0.0,1,0.0,0.0,,,
cc-bbr_abr-throughput_signals-cwnd-loss_netem-constrained-2mbit,stall_count,1,1,0,0.0,1,0.0,0,,,
cc-bbr_abr-throughput_signals-cwnd-loss_netem-constrained-2mbit,switch_count,1,1,0,0.0,1,32.0,32,,,
cc-bbr_abr-throughput_signals-cwnd-loss_netem-constrained-2mbit,avg_bitrate_mbps,1,1,0,0.0,1,1.1975907953020135,1.1975907953020135,,,
cc-bbr_abr-throughput_signals-cwnd-loss_netem-constrained-2mbit,time_weighted_bitrate_mbps,1,1,0,0.0,1,1.1978861743710771,1.1978861743710771,,,
cc-bbr_abr-throughput_signals-cwnd-loss_netem-constrained-2mbit,buffer_mean_sec,1,1,0,0.0,1,18.3511,18.3511,,,
cc-bbr_abr-throughput_signals-cwnd-loss_netem-constrained-2mbit,guardrail_count,1,1,0,0.0,1,1.0,1,,,
cc-bbr_abr-throughput_signals-cwnd-loss_netem-constrained-2mbit,rtt_mean_ms,1,1,0,0.0,1,100.03864168819983,100.03864168819983,,,
cc-bbr_abr-throughput_signals-cwnd-loss_netem-constrained-2mbit,cwnd_mean_packets,1,1,0,0.0,1,28.87510766580534,28.87510766580534,,,
cc-bbr_abr-throughput_signals-cwnd-loss_netem-constrained-2mbit,loss_mean_pct,1,1,0,0.0,1,0.5300845689928414,0.5300845689928414,,,
cc-bbr_abr-throughput_signals-cwnd-loss_netem-constrained-2mbit,missing_tcp_pct,1,1,0,0.0,1,2.5,2.5,,,
cc-bbr_abr-throughput_signals-cwnd-loss_netem-constrained-2mbit,tcp_age_mean_ms,1,1,0,0.0,1,282.01316239319294,282.01316239319294,,,
cc-bbr_abr-throughput_signals-cwnd-loss_netem-high-rtt-loss,startup_sec,1,1,0,0.0,1,1.458199999999255,1.458199999999255,,,
cc-bbr_abr-throughput_signals-cwnd-loss_netem-high-rtt-loss,stall_sec,1,1,0,0.0,1,0.0,0.0,,,
cc-bbr_abr-throughput_signals-cwnd-loss_netem-high-rtt-loss,stall_count,1,1,0,0.0,1,0.0,0,,,
cc-bbr_abr-throughput_signals-cwnd-loss_netem-high-rtt-loss,switch_count,1,1,0,0.0,1,3.0,3,,,
cc-bbr_abr-throughput_signals-cwnd-loss_netem-high-rtt-loss,avg_bitrate_mbps,1,1,0,0.0,1,1.401622154362416,1.401622154362416,,,
cc-bbr_abr-throughput_signals-cwnd-loss_netem-high-rtt-loss,time_weighted_bitrate_mbps,1,1,0,0.0,1,1.4020187290826793,1.4020187290826793,,,
cc-bbr_abr-throughput_signals-cwnd-loss_netem-high-rtt-loss,buffer_mean_sec,1,1,0,0.0,1,25.393181969949914,25.393181969949914,,,
cc-bbr_abr-throughput_signals-cwnd-loss_netem-high-rtt-loss,guardrail_count,1,1,0,0.0,1,0.0,0,,,
cc-bbr_abr-throughput_signals-cwnd-loss_netem-high-rtt-loss,rtt_mean_ms,1,1,0,0.0,1,146.5685926558497,146.5685926558497,,,
cc-bbr_abr-throughput_signals-cwnd-loss_netem-high-rtt-loss,cwnd_mean_packets,1,1,0,0.0,1,78.50042698548249,78.50042698548249,,,
cc-bbr_abr-throughput_signals-cwnd-loss_netem-high-rtt-loss,loss_mean_pct,1,1,0,0.0,1,1.39909559797053,1.39909559797053,,,
cc-bbr_abr-throughput_signals-cwnd-loss_netem-high-rtt-loss,missing_tcp_pct,1,1,0,0.0,1,2.003338898163606,2.003338898163606,,,
cc-bbr_abr-throughput_signals-cwnd-loss_netem-high-rtt-loss,tcp_age_mean_ms,1,1,0,0.0,1,296.72470187388194,296.72470187388194,,,
cc-bbr_abr-throughput_signals-cwnd-loss_netem-stable-8mbit,startup_sec,1,1,0,0.0,1,0.42719999999925495,0.42719999999925495,,,
cc-bbr_abr-throughput_signals-cwnd-loss_netem-stable-8mbit,stall_sec,1,1,0,0.0,1,0.0,0.0,,,
cc-bbr_abr-throughput_signals-cwnd-loss_netem-stable-8mbit,stall_count,1,1,0,0.0,1,0.0,0,,,
cc-bbr_abr-throughput_signals-cwnd-loss_netem-stable-8mbit,switch_count,1,1,0,0.0,1,1.0,1,,,
cc-bbr_abr-throughput_signals-cwnd-loss_netem-stable-8mbit,avg_bitrate_mbps,1,1,0,0.0,1,1.4036830771812079,1.4036830771812079,,,
cc-bbr_abr-throughput_signals-cwnd-loss_netem-stable-8mbit,time_weighted_bitrate_mbps,1,1,0,0.0,1,1.405744,1.405744,,,
cc-bbr_abr-throughput_signals-cwnd-loss_netem-stable-8mbit,buffer_mean_sec,1,1,0,0.0,1,26.72655592654424,26.72655592654424,,,
cc-bbr_abr-throughput_signals-cwnd-loss_netem-stable-8mbit,guardrail_count,1,1,0,0.0,1,0.0,0,,,
cc-bbr_abr-throughput_signals-cwnd-loss_netem-stable-8mbit,rtt_mean_ms,1,1,0,0.0,1,31.090193602693603,31.090193602693603,,,
cc-bbr_abr-throughput_signals-cwnd-loss_netem-stable-8mbit,cwnd_mean_packets,1,1,0,0.0,1,36.073232323232325,36.073232323232325,,,
cc-bbr_abr-throughput_signals-cwnd-loss_netem-stable-8mbit,loss_mean_pct,1,1,0,0.0,1,0.0,0.0,,,
cc-bbr_abr-throughput_signals-cwnd-loss_netem-stable-8mbit,missing_tcp_pct,1,1,0,0.0,1,0.1669449081803005,0.1669449081803005,,,
cc-bbr_abr-throughput_signals-cwnd-loss_netem-stable-8mbit,tcp_age_mean_ms,1,1,0,0.0,1,220.5192307694488,220.5192307694488,,,
cc-bbr_abr-throughput_signals-cwnd_netem-constrained-2mbit,startup_sec,1,1,0,0.0,1,1.045,1.045,,,
cc-bbr_abr-throughput_signals-cwnd_netem-constrained-2mbit,stall_sec,1,1,0,0.0,1,0.0,0.0,,,
cc-bbr_abr-throughput_signals-cwnd_netem-constrained-2mbit,stall_count,1,1,0,0.0,1,0.0,0,,,
cc-bbr_abr-throughput_signals-cwnd_netem-constrained-2mbit,switch_count,1,1,0,0.0,1,30.0,30,,,
cc-bbr_abr-throughput_signals-cwnd_netem-constrained-2mbit,avg_bitrate_mbps,1,1,0,0.0,1,1.2205716381909546,1.2205716381909546,,,
cc-bbr_abr-throughput_signals-cwnd_netem-constrained-2mbit,time_weighted_bitrate_mbps,1,1,0,0.0,1,1.2232341907090123,1.2232341907090123,,,
cc-bbr_abr-throughput_signals-cwnd_netem-constrained-2mbit,buffer_mean_sec,1,1,0,0.0,1,18.696682196339435,18.696682196339435,,,
cc-bbr_abr-throughput_signals-cwnd_netem-constrained-2mbit,guardrail_count,1,1,0,0.0,1,0.0,0,,,
cc-bbr_abr-throughput_signals-cwnd_netem-constrained-2mbit,rtt_mean_ms,1,1,0,0.0,1,97.57027085124678,97.57027085124678,,,
cc-bbr_abr-throughput_signals-cwnd_netem-constrained-2mbit,cwnd_mean_packets,1,1,0,0.0,1,28.509888220120377,28.509888220120377,,,
cc-bbr_abr-throughput_signals-cwnd_netem-constrained-2mbit,loss_mean_pct,1,1,0,0.0,1,0.6564650339279778,0.6564650339279778,,,
cc-bbr_abr-throughput_signals-cwnd_netem-constrained-2mbit,missing_tcp_pct,1,1,0,0.0,1,2.995008319467554,2.995008319467554,,,
cc-bbr_abr-throughput_signals-cwnd_netem-constrained-2mbit,tcp_age_mean_ms,1,1,0,0.0,1,313.2142367065528,313.2142367065528,,,
cc-bbr_abr-throughput_signals-cwnd_netem-high-rtt-loss,startup_sec,1,1,0,0.0,1,1.753,1.753,,,
cc-bbr_abr-throughput_signals-cwnd_netem-high-rtt-loss,stall_sec,1,1,0,0.0,1,0.0,0.0,,,
cc-bbr_abr-throughput_signals-cwnd_netem-high-rtt-loss,stall_count,1,1,0,0.0,1,0.0,0,,,
cc-bbr_abr-throughput_signals-cwnd_netem-high-rtt-loss,switch_count,1,1,0,0.0,1,3.0,3,,,
cc-bbr_abr-throughput_signals-cwnd_netem-high-rtt-loss,avg_bitrate_mbps,1,1,0,0.0,1,1.401622154362416,1.401622154362416,,,
cc-bbr_abr-throughput_signals-cwnd_netem-high-rtt-loss,time_weighted_bitrate_mbps,1,1,0,0.0,1,1.4016230511976218,1.4016230511976218,,,
cc-bbr_abr-throughput_signals-cwnd_netem-high-rtt-loss,buffer_mean_sec,1,1,0,0.0,1,25.399788333333333,25.399788333333333,,,
cc-bbr_abr-throughput_signals-cwnd_netem-high-rtt-loss,guardrail_count,1,1,0,0.0,1,0.0,0,,,
cc-bbr_abr-throughput_signals-cwnd_netem-high-rtt-loss,rtt_mean_ms,1,1,0,0.0,1,147.8573040201005,147.8573040201005,,,
cc-bbr_abr-throughput_signals-cwnd_netem-high-rtt-loss,cwnd_mean_packets,1,1,0,0.0,1,78.77554438860972,78.77554438860972,,,
cc-bbr_abr-throughput_signals-cwnd_netem-high-rtt-loss,loss_mean_pct,1,1,0,0.0,1,1.3416595021097006,1.3416595021097006,,,
cc-bbr_abr-throughput_signals-cwnd_netem-high-rtt-loss,missing_tcp_pct,1,1,0,0.0,1,0.16666666666666666,0.16666666666666666,,,
cc-bbr_abr-throughput_signals-cwnd_netem-high-rtt-loss,tcp_age_mean_ms,1,1,0,0.0,1,253.19749582675792,253.19749582675792,,,
cc-bbr_abr-throughput_signals-cwnd_netem-stable-8mbit,startup_sec,1,1,0,0.0,1,0.6235,0.6235,,,
cc-bbr_abr-throughput_signals-cwnd_netem-stable-8mbit,stall_sec,1,1,0,0.0,1,0.0,0.0,,,
cc-bbr_abr-throughput_signals-cwnd_netem-stable-8mbit,stall_count,1,1,0,0.0,1,0.0,0,,,
cc-bbr_abr-throughput_signals-cwnd_netem-stable-8mbit,switch_count,1,1,0,0.0,1,1.0,1,,,
cc-bbr_abr-throughput_signals-cwnd_netem-stable-8mbit,avg_bitrate_mbps,1,1,0,0.0,1,1.4036830771812079,1.4036830771812079,,,
cc-bbr_abr-throughput_signals-cwnd_netem-stable-8mbit,time_weighted_bitrate_mbps,1,1,0,0.0,1,1.405744,1.405744,,,
cc-bbr_abr-throughput_signals-cwnd_netem-stable-8mbit,buffer_mean_sec,1,1,0,0.0,1,26.67881469115192,26.67881469115192,,,
cc-bbr_abr-throughput_signals-cwnd_netem-stable-8mbit,guardrail_count,1,1,0,0.0,1,0.0,0,,,
cc-bbr_abr-throughput_signals-cwnd_netem-stable-8mbit,rtt_mean_ms,1,1,0,0.0,1,30.25235983263598,30.25235983263598,,,
cc-bbr_abr-throughput_signals-cwnd_netem-stable-8mbit,cwnd_mean_packets,1,1,0,0.0,1,36.03347280334728,36.03347280334728,,,
cc-bbr_abr-throughput_signals-cwnd_netem-stable-8mbit,loss_mean_pct,1,1,0,0.0,1,0.0,0.0,,,
cc-bbr_abr-throughput_signals-cwnd_netem-stable-8mbit,missing_tcp_pct,1,1,0,0.0,1,0.0,0.0,,,
cc-bbr_abr-throughput_signals-cwnd_netem-stable-8mbit,tcp_age_mean_ms,1,1,0,0.0,1,235.45709515852428,235.45709515852428,,,
cc-bbr_abr-throughput_signals-loss_netem-constrained-2mbit,startup_sec,1,1,0,0.0,1,1.0452000000029802,1.0452000000029802,,,
cc-bbr_abr-throughput_signals-loss_netem-constrained-2mbit,stall_sec,1,1,0,0.0,1,0.0,0.0,,,
cc-bbr_abr-throughput_signals-loss_netem-constrained-2mbit,stall_count,1,1,0,0.0,1,0.0,0,,,
cc-bbr_abr-throughput_signals-loss_netem-constrained-2mbit,switch_count,1,1,0,0.0,1,24.0,24,,,
cc-bbr_abr-throughput_signals-loss_netem-constrained-2mbit,avg_bitrate_mbps,1,1,0,0.0,1,1.1872861812080535,1.1872861812080535,,,
cc-bbr_abr-throughput_signals-loss_netem-constrained-2mbit,time_weighted_bitrate_mbps,1,1,0,0.0,1,1.189112173047216,1.189112173047216,,,
cc-bbr_abr-throughput_signals-loss_netem-constrained-2mbit,buffer_mean_sec,1,1,0,0.0,1,18.30481,18.30481,,,
cc-bbr_abr-throughput_signals-loss_netem-constrained-2mbit,guardrail_count,1,1,0,0.0,1,0.0,0,,,
cc-bbr_abr-throughput_signals-loss_netem-constrained-2mbit,rtt_mean_ms,1,1,0,0.0,1,98.82971596638654,98.82971596638654,,,
cc-bbr_abr-throughput_signals-loss_netem-constrained-2mbit,cwnd_mean_packets,1,1,0,0.0,1,28.947899159663866,28.947899159663866,,,
cc-bbr_abr-throughput_signals-loss_netem-constrained-2mbit,loss_mean_pct,1,1,0,0.0,1,0.4967765292553202,0.4967765292553202,,,
cc-bbr_abr-throughput_signals-loss_netem-constrained-2mbit,missing_tcp_pct,1,1,0,0.0,1,0.5,0.5,,,
cc-bbr_abr-throughput_signals-loss_netem-constrained-2mbit,tcp_age_mean_ms,1,1,0,0.0,1,261.6534338357236,261.6534338357236,,,
cc-bbr_abr-throughput_signals-loss_netem-high-rtt-loss,startup_sec,1,1,0,0.0,1,2.365900000002235,2.365900000002235,,,
cc-bbr_abr-throughput_signals-loss_netem-high-rtt-loss,stall_sec,1,1,0,0.0,1,0.0,0.0,,,
cc-bbr_abr-throughput_signals-loss_netem-high-rtt-loss,stall_count,1,1,0,0.0,1,0.0,0,,,
cc-bbr_abr-throughput_signals-loss_netem-high-rtt-loss,switch_count,1,1,0,0.0,1,15.0,15,,,
cc-bbr_abr-throughput_signals-loss_netem-high-rtt-loss,avg_bitrate_mbps,1,1,0,0.0,1,1.3418553926174497,1.3418553926174497,,,
cc-bbr_abr-throughput_signals-loss_netem-high-rtt-loss,time_weighted_bitrate_mbps,1,1,0,0.0,1,1.3423250331551333,1.3423250331551333,,,
cc-bbr_abr-throughput_signals-loss_netem-high-rtt-loss,buffer_mean_sec,1,1,0,0.0,1,24.432825,24.432825,,,
cc-bbr_abr-throughput_signals-loss_netem-high-rtt-loss,guardrail_count,1,1,0,0.0,1,1.0,1,,,
cc-bbr_abr-throughput_signals-loss_netem-high-rtt-loss,rtt_mean_ms,1,1,0,0.0,1,147.7846979079498,147.7846979079498,,,
cc-bbr_abr-throughput_signals-loss_netem-high-rtt-loss,cwnd_mean_packets,1,1,0,0.0,1,78.06527196652719,78.06527196652719,,,
cc-bbr_abr-throughput_signals-loss_netem-high-rtt-loss,loss_mean_pct,1,1,0,0.0,1,1.5100583233459313,1.5100583233459313,,,
cc-bbr_abr-throughput_signals-loss_netem-high-rtt-loss,missing_tcp_pct,1,1,0,0.0,1,0.16666666666666666,0.16666666666666666,,,
cc-bbr_abr-throughput_signals-loss_netem-high-rtt-loss,tcp_age_mean_ms,1,1,0,0.0,1,286.1550918197841,286.1550918197841,,,
cc-bbr_abr-throughput_signals-loss_netem-stable-8mbit,startup_sec,1,1,0,0.0,1,0.4777999999970198,0.4777999999970198,,,
cc-bbr_abr-throughput_signals-loss_netem-stable-8mbit,stall_sec,1,1,0,0.0,1,0.0,0.0,,,
cc-bbr_abr-throughput_signals-loss_netem-stable-8mbit,stall_count,1,1,0,0.0,1,0.0,0,,,
cc-bbr_abr-throughput_signals-loss_netem-stable-8mbit,switch_count,1,1,0,0.0,1,1.0,1,,,
cc-bbr_abr-throughput_signals-loss_netem-stable-8mbit,avg_bitrate_mbps,1,1,0,0.0,1,1.4036830771812079,1.4036830771812079,,,
cc-bbr_abr-throughput_signals-loss_netem-stable-8mbit,time_weighted_bitrate_mbps,1,1,0,0.0,1,1.405744,1.405744,,,
cc-bbr_abr-throughput_signals-loss_netem-stable-8mbit,buffer_mean_sec,1,1,0,0.0,1,26.721941569282137,26.721941569282137,,,
cc-bbr_abr-throughput_signals-loss_netem-stable-8mbit,guardrail_count,1,1,0,0.0,1,0.0,0,,,
cc-bbr_abr-throughput_signals-loss_netem-stable-8mbit,rtt_mean_ms,1,1,0,0.0,1,30.56224265323258,30.56224265323258,,,
cc-bbr_abr-throughput_signals-loss_netem-stable-8mbit,cwnd_mean_packets,1,1,0,0.0,1,35.73131821998321,35.73131821998321,,,
cc-bbr_abr-throughput_signals-loss_netem-stable-8mbit,loss_mean_pct,1,1,0,0.0,1,0.0,0.0,,,
cc-bbr_abr-throughput_signals-loss_netem-stable-8mbit,missing_tcp_pct,1,1,0,0.0,1,0.1669449081803005,0.1669449081803005,,,
cc-bbr_abr-throughput_signals-loss_netem-stable-8mbit,tcp_age_mean_ms,1,1,0,0.0,1,201.56705685622094,201.56705685622094,,,
cc-bbr_abr-throughput_signals-none_netem-constrained-2mbit,startup_sec,1,1,0,0.0,1,0.8197999999970198,0.8197999999970198,,,
cc-bbr_abr-throughput_signals-none_netem-constrained-2mbit,stall_sec,1,1,0,0.0,1,0.0,0.0,,,
cc-bbr_abr-throughput_signals-none_netem-constrained-2mbit,stall_count,1,1,0,0.0,1,0.0,0,,,
cc-bbr_abr-throughput_signals-none_netem-constrained-2mbit,switch_count,1,1,0,0.0,1,25.0,25,,,
cc-bbr_abr-throughput_signals-none_netem-constrained-2mbit,avg_bitrate_mbps,1,1,0,0.0,1,1.2614794026845637,1.2614794026845637,,,
cc-bbr_abr-throughput_signals-none_netem-constrained-2mbit,time_weighted_bitrate_mbps,1,1,0,0.0,1,1.2623149029252962,1.2623149029252962,,,
cc-bbr_abr-throughput_signals-none_netem-constrained-2mbit,buffer_mean_sec,1,1,0,0.0,1,18.891185618729097,18.891185618729097,,,
cc-bbr_abr-throughput_signals-none_netem-constrained-2mbit,guardrail_count,1,1,0,0.0,1,0.0,0,,,
cc-bbr_abr-throughput_signals-none_netem-constrained-2mbit,rtt_mean_ms,1,1,0,0.0,1,99.83336505190312,99.83336505190312,,,
cc-bbr_abr-throughput_signals-none_netem-constrained-2mbit,cwnd_mean_packets,1,1,0,0.0,1,28.663494809688583,28.663494809688583,,,
cc-bbr_abr-throughput_signals-none_netem-constrained-2mbit,loss_mean_pct,1,1,0,0.0,1,0.5464230950849095,0.5464230950849095,,,
cc-bbr_abr-throughput_signals-none_netem-constrained-2mbit,missing_tcp_pct,1,1,0,0.0,1,2.6755852842809364,2.6755852842809364,,,
cc-bbr_abr-throughput_signals-none_netem-constrained-2mbit,tcp_age_mean_ms,1,1,0,0.0,1,320.81512027512275,320.81512027512275,,,
cc-bbr_abr-throughput_signals-none_netem-high-rtt-loss,startup_sec,1,1,0,0.0,1,1.7515,1.7515,,,
cc-bbr_abr-throughput_signals-none_netem-high-rtt-loss,stall_sec,1,1,0,0.0,1,0.0,0.0,,,
cc-bbr_abr-throughput_signals-none_netem-high-rtt-loss,stall_count,1,1,0,0.0,1,0.0,0,,,
cc-bbr_abr-throughput_signals-none_netem-high-rtt-loss,switch_count,1,1,0,0.0,1,3.0,3,,,
cc-bbr_abr-throughput_signals-none_netem-high-rtt-loss,avg_bitrate_mbps,1,1,0,0.0,1,1.401622154362416,1.401622154362416,,,
cc-bbr_abr-throughput_signals-none_netem-high-rtt-loss,time_weighted_bitrate_mbps,1,1,0,0.0,1,1.4016241783456456,1.4016241783456456,,,
cc-bbr_abr-throughput_signals-none_netem-high-rtt-loss,buffer_mean_sec,1,1,0,0.0,1,25.272029950083194,25.272029950083194,,,
cc-bbr_abr-throughput_signals-none_netem-high-rtt-loss,guardrail_count,1,1,0,0.0,1,0.0,0,,,
cc-bbr_abr-throughput_signals-none_netem-high-rtt-loss,rtt_mean_ms,1,1,0,0.0,1,146.74831092436975,146.74831092436975,,,
cc-bbr_abr-throughput_signals-none_netem-high-rtt-loss,cwnd_mean_packets,1,1,0,0.0,1,78.35714285714286,78.35714285714286,,,
cc-bbr_abr-throughput_signals-none_netem-high-rtt-loss,loss_mean_pct,1,1,0,0.0,1,1.823991179417713,1.823991179417713,,,
cc-bbr_abr-throughput_signals-none_netem-high-rtt-loss,missing_tcp_pct,1,1,0,0.0,1,0.49916805324459235,0.49916805324459235,,,
cc-bbr_abr-throughput_signals-none_netem-high-rtt-loss,tcp_age_mean_ms,1,1,0,0.0,1,249.56638795970923,249.56638795970923,,,
cc-bbr_abr-throughput_signals-none_netem-stable-8mbit,startup_sec,1,1,0,0.0,1,0.5023999999985099,0.5023999999985099,,,
cc-bbr_abr-throughput_signals-none_netem-stable-8mbit,stall_sec,1,1,0,0.0,1,0.0,0.0,,,
cc-bbr_abr-throughput_signals-none_netem-stable-8mbit,stall_count,1,1,0,0.0,1,0.0,0,,,
cc-bbr_abr-throughput_signals-none_netem-stable-8mbit,switch_count,1,1,0,0.0,1,1.0,1,,,
cc-bbr_abr-throughput_signals-none_netem-stable-8mbit,avg_bitrate_mbps,1,1,0,0.0,1,1.4036830771812079,1.4036830771812079,,,
cc-bbr_abr-throughput_signals-none_netem-stable-8mbit,time_weighted_bitrate_mbps,1,1,0,0.0,1,1.405744,1.405744,,,
cc-bbr_abr-throughput_signals-none_netem-stable-8mbit,buffer_mean_sec,1,1,0,0.0,1,26.780023411371236,26.780023411371236,,,
cc-bbr_abr-throughput_signals-none_netem-stable-8mbit,guardrail_count,1,1,0,0.0,1,0.0,0,,,
cc-bbr_abr-throughput_signals-none_netem-stable-8mbit,rtt_mean_ms,1,1,0,0.0,1,30.876190189328746,30.876190189328746,,,
cc-bbr_abr-throughput_signals-none_netem-stable-8mbit,cwnd_mean_packets,1,1,0,0.0,1,36.13166953528399,36.13166953528399,,,
cc-bbr_abr-throughput_signals-none_netem-stable-8mbit,loss_mean_pct,1,1,0,0.0,1,0.0,0.0,,,
cc-bbr_abr-throughput_signals-none_netem-stable-8mbit,missing_tcp_pct,1,1,0,0.0,1,2.3411371237458196,2.3411371237458196,,,
cc-bbr_abr-throughput_signals-none_netem-stable-8mbit,tcp_age_mean_ms,1,1,0,0.0,1,309.8315068496685,309.8315068496685,,,
cc-bbr_abr-throughput_signals-rtt-cwnd-loss_netem-constrained-2mbit,startup_sec,1,1,0,0.0,1,1.1437000000029802,1.1437000000029802,,,
cc-bbr_abr-throughput_signals-rtt-cwnd-loss_netem-constrained-2mbit,stall_sec,1,1,0,0.0,1,0.0,0.0,,,
cc-bbr_abr-throughput_signals-rtt-cwnd-loss_netem-constrained-2mbit,stall_count,1,1,0,0.0,1,0.0,0,,,
cc-bbr_abr-throughput_signals-rtt-cwnd-loss_netem-constrained-2mbit,switch_count,1,1,0,0.0,1,17.0,17,,,
cc-bbr_abr-throughput_signals-rtt-cwnd-loss_netem-constrained-2mbit,avg_bitrate_mbps,1,1,0,0.0,1,1.2841495536912753,1.2841495536912753,,,
cc-bbr_abr-throughput_signals-rtt-cwnd-loss_netem-constrained-2mbit,time_weighted_bitrate_mbps,1,1,0,0.0,1,1.2842372036815208,1.2842372036815208,,,
cc-bbr_abr-throughput_signals-rtt-cwnd-loss_netem-constrained-2mbit,buffer_mean_sec,1,1,0,0.0,1,19.93712020033389,19.93712020033389,,,
cc-bbr_abr-throughput_signals-rtt-cwnd-loss_netem-constrained-2mbit,guardrail_count,1,1,0,0.0,1,0.0,0,,,
cc-bbr_abr-throughput_signals-rtt-cwnd-loss_netem-constrained-2mbit,rtt_mean_ms,1,1,0,0.0,1,99.28817731092437,99.28817731092437,,,
cc-bbr_abr-throughput_signals-rtt-cwnd-loss_netem-constrained-2mbit,cwnd_mean_packets,1,1,0,0.0,1,29.027731092436976,29.027731092436976,,,
cc-bbr_abr-throughput_signals-rtt-cwnd-loss_netem-constrained-2mbit,loss_mean_pct,1,1,0,0.0,1,0.4880042647060724,0.4880042647060724,,,
cc-bbr_abr-throughput_signals-rtt-cwnd-loss_netem-constrained-2mbit,missing_tcp_pct,1,1,0,0.0,1,0.1669449081803005,0.1669449081803005,,,
cc-bbr_abr-throughput_signals-rtt-cwnd-loss_netem-constrained-2mbit,tcp_age_mean_ms,1,1,0,0.0,1,262.391471572158,262.391471572158,,,
cc-bbr_abr-throughput_signals-rtt-cwnd-loss_netem-high-rtt-loss,startup_sec,1,1,0,0.0,1,1.327199999999255,1.327199999999255,,,
cc-bbr_abr-throughput_signals-rtt-cwnd-loss_netem-high-rtt-loss,stall_sec,1,1,0,0.0,1,0.0,0.0,,,
cc-bbr_abr-throughput_signals-rtt-cwnd-loss_netem-high-rtt-loss,stall_count,1,1,0,0.0,1,0.0,0,,,
cc-bbr_abr-throughput_signals-rtt-cwnd-loss_netem-high-rtt-loss,switch_count,1,1,0,0.0,1,3.0,3,,,
cc-bbr_abr-throughput_signals-rtt-cwnd-loss_netem-high-rtt-loss,avg_bitrate_mbps,1,1,0,0.0,1,1.399561231543624,1.399561231543624,,,
cc-bbr_abr-throughput_signals-rtt-cwnd-loss_netem-high-rtt-loss,time_weighted_bitrate_mbps,1,1,0,0.0,1,1.3996966965411202,1.3996966965411202,,,
cc-bbr_abr-throughput_signals-rtt-cwnd-loss_netem-high-rtt-loss,buffer_mean_sec,1,1,0,0.0,1,25.38061268781302,25.38061268781302,,,
cc-bbr_abr-throughput_signals-rtt-cwnd-loss_netem-high-rtt-loss,guardrail_count,1,1,0,0.0,1,0.0,0,,,
cc-bbr_abr-throughput_signals-rtt-cwnd-loss_netem-high-rtt-loss,rtt_mean_ms,1,1,0,0.0,1,149.0727469879518,149.0727469879518,,,
cc-bbr_abr-throughput_signals-rtt-cwnd-loss_netem-high-rtt-loss,cwnd_mean_packets,1,1,0,0.0,1,78.49053356282272,78.49053356282272,,,
cc-bbr_abr-throughput_signals-rtt-cwnd-loss_netem-high-rtt-loss,loss_mean_pct,1,1,0,0.0,1,1.6478150624430623,1.6478150624430623,,,
cc-bbr_abr-throughput_signals-rtt-cwnd-loss_netem-high-rtt-loss,missing_tcp_pct,1,1,0,0.0,1,2.337228714524207,2.337228714524207,,,
cc-bbr_abr-throughput_signals-rtt-cwnd-loss_netem-high-rtt-loss,tcp_age_mean_ms,1,1,0,0.0,1,329.34256410307097,329.34256410307097,,,
cc-bbr_abr-throughput_signals-rtt-cwnd-loss_netem-stable-8mbit,startup_sec,1,1,0,0.0,1,0.46580000000074506,0.46580000000074506,,,
cc-bbr_abr-throughput_signals-rtt-cwnd-loss_netem-stable-8mbit,stall_sec,1,1,0,0.0,1,0.0,0.0,,,
cc-bbr_abr-throughput_signals-rtt-cwnd-loss_netem-stable-8mbit,stall_count,1,1,0,0.0,1,0.0,0,,,
cc-bbr_abr-throughput_signals-rtt-cwnd-loss_netem-stable-8mbit,switch_count,1,1,0,0.0,1,1.0,1,,,
cc-bbr_abr-throughput_signals-rtt-cwnd-loss_netem-stable-8mbit,avg_bitrate_mbps,1,1,0,0.0,1,1.4036830771812079,1.4036830771812079,,,
cc-bbr_abr-throughput_signals-rtt-cwnd-loss_netem-stable-8mbit,time_weighted_bitrate_mbps,1,1,0,0.0,1,1.405744,1.405744,,,
cc-bbr_abr-throughput_signals-rtt-cwnd-loss_netem-stable-8mbit,buffer_mean_sec,1,1,0,0.0,1,26.7655,26.7655,,,
cc-bbr_abr-throughput_signals-rtt-cwnd-loss_netem-stable-8mbit,guardrail_count,1,1,0,0.0,1,0.0,0,,,
cc-bbr_abr-throughput_signals-rtt-cwnd-loss_netem-stable-8mbit,rtt_mean_ms,1,1,0,0.0,1,30.33600419111484,30.33600419111484,,,
cc-bbr_abr-throughput_signals-rtt-cwnd-loss_netem-stable-8mbit,cwnd_mean_packets,1,1,0,0.0,1,36.138306789606034,36.138306789606034,,,
cc-bbr_abr-throughput_signals-rtt-cwnd-loss_netem-stable-8mbit,loss_mean_pct,1,1,0,0.0,1,0.0,0.0,,,
cc-bbr_abr-throughput_signals-rtt-cwnd-loss_netem-stable-8mbit,missing_tcp_pct,1,1,0,0.0,1,0.16722408026755853,0.16722408026755853,,,
cc-bbr_abr-throughput_signals-rtt-cwnd-loss_netem-stable-8mbit,tcp_age_mean_ms,1,1,0,0.0,1,237.41792294790523,237.41792294790523,,,
cc-bbr_abr-throughput_signals-rtt-cwnd_netem-constrained-2mbit,startup_sec,1,1,0,0.0,1,0.849199999999255,0.849199999999255,,,
cc-bbr_abr-throughput_signals-rtt-cwnd_netem-constrained-2mbit,stall_sec,1,1,0,0.0,1,0.0,0.0,,,
cc-bbr_abr-throughput_signals-rtt-cwnd_netem-constrained-2mbit,stall_count,1,1,0,0.0,1,0.0,0,,,
cc-bbr_abr-throughput_signals-rtt-cwnd_netem-constrained-2mbit,switch_count,1,1,0,0.0,1,58.0,58,,,
cc-bbr_abr-throughput_signals-rtt-cwnd_netem-constrained-2mbit,avg_bitrate_mbps,1,1,0,0.0,1,0.8039545369127518,0.8039545369127518,,,
cc-bbr_abr-throughput_signals-rtt-cwnd_netem-constrained-2mbit,time_weighted_bitrate_mbps,1,1,0,0.0,1,0.8043585444081798,0.8043585444081798,,,
cc-bbr_abr-throughput_signals-rtt-cwnd_netem-constrained-2mbit,buffer_mean_sec,1,1,0,0.0,1,10.661414023372288,10.661414023372288,,,
cc-bbr_abr-throughput_signals-rtt-cwnd_netem-constrained-2mbit,guardrail_count,1,1,0,0.0,1,0.0,0,,,
cc-bbr_abr-throughput_signals-rtt-cwnd_netem-constrained-2mbit,rtt_mean_ms,1,1,0,0.0,1,95.31598746867168,95.31598746867168,,,
cc-bbr_abr-throughput_signals-rtt-cwnd_netem-constrained-2mbit,cwnd_mean_packets,1,1,0,0.0,1,28.562238930659984,28.562238930659984,,,
cc-bbr_abr-throughput_signals-rtt-cwnd_netem-constrained-2mbit,loss_mean_pct,1,1,0,0.0,1,0.5922894654696099,0.5922894654696099,,,
cc-bbr_abr-throughput_signals-rtt-cwnd_netem-constrained-2mbit,missing_tcp_pct,1,1,0,0.0,1,0.0,0.0,,,
cc-bbr_abr-throughput_signals-rtt-cwnd_netem-constrained-2mbit,tcp_age_mean_ms,1,1,0,0.0,1,259.07512520855363,259.07512520855363,,,
cc-bbr_abr-throughput_signals-rtt-cwnd_netem-high-rtt-loss,startup_sec,1,1,0,0.0,1,1.68460000000149,1.68460000000149,,,
cc-bbr_abr-throughput_signals-rtt-cwnd_netem-high-rtt-loss,stall_sec,1,1,0,0.0,1,0.0,0.0,,,
cc-bbr_abr-throughput_signals-rtt-cwnd_netem-high-rtt-loss,stall_count,1,1,0,0.0,1,0.0,0,,,
cc-bbr_abr-throughput_signals-rtt-cwnd_netem-high-rtt-loss,switch_count,1,1,0,0.0,1,3.0,3,,,
cc-bbr_abr-throughput_signals-rtt-cwnd_netem-high-rtt-loss,avg_bitrate_mbps,1,1,0,0.0,1,1.401622154362416,1.401622154362416,,,
cc-bbr_abr-throughput_signals-rtt-cwnd_netem-high-rtt-loss,time_weighted_bitrate_mbps,1,1,0,0.0,1,1.4016313388432229,1.4016313388432229,,,
cc-bbr_abr-throughput_signals-rtt-cwnd_netem-high-rtt-loss,buffer_mean_sec,1,1,0,0.0,1,25.291217970049914,25.291217970049914,,,
cc-bbr_abr-throughput_signals-rtt-cwnd_netem-high-rtt-loss,guardrail_count,1,1,0,0.0,1,0.0,0,,,
cc-bbr_abr-throughput_signals-rtt-cwnd_netem-high-rtt-loss,rtt_mean_ms,1,1,0,0.0,1,148.87790050167226,148.87790050167226,,,
cc-bbr_abr-throughput_signals-rtt-cwnd_netem-high-rtt-loss,cwnd_mean_packets,1,1,0,0.0,1,77.20484949832776,77.20484949832776,,,
cc-bbr_abr-throughput_signals-rtt-cwnd_netem-high-rtt-loss,loss_mean_pct,1,1,0,0.0,1,2.111649008986413,2.111649008986413,,,
cc-bbr_abr-throughput_signals-rtt-cwnd_netem-high-rtt-loss,missing_tcp_pct,1,1,0,0.0,1,0.0,0.0,,,
cc-bbr_abr-throughput_signals-rtt-cwnd_netem-high-rtt-loss,tcp_age_mean_ms,1,1,0,0.0,1,253.39816971703397,253.39816971703397,,,
cc-bbr_abr-throughput_signals-rtt-cwnd_netem-stable-8mbit,startup_sec,1,1,0,0.0,1,0.4531999999992549,0.4531999999992549,,,
cc-bbr_abr-throughput_signals-rtt-cwnd_netem-stable-8mbit,stall_sec,1,1,0,0.0,1,0.0,0.0,,,
cc-bbr_abr-throughput_signals-rtt-cwnd_netem-stable-8mbit,stall_count,1,1,0,0.0,1,0.0,0,,,
cc-bbr_abr-throughput_signals-rtt-cwnd_netem-stable-8mbit,switch_count,1,1,0,0.0,1,1.0,1,,,
cc-bbr_abr-throughput_signals-rtt-cwnd_netem-stable-8mbit,avg_bitrate_mbps,1,1,0,0.0,1,1.4036830771812079,1.4036830771812079,,,
cc-bbr_abr-throughput_signals-rtt-cwnd_netem-stable-8mbit,time_weighted_bitrate_mbps,1,1,0,0.0,1,1.405744,1.405744,,,
cc-bbr_abr-throughput_signals-rtt-cwnd_netem-stable-8mbit,buffer_mean_sec,1,1,0,0.0,1,26.767367278797998,26.767367278797998,,,
cc-bbr_abr-throughput_signals-rtt-cwnd_netem-stable-8mbit,guardrail_count,1,1,0,0.0,1,0.0,0,,,
cc-bbr_abr-throughput_signals-rtt-cwnd_netem-stable-8mbit,rtt_mean_ms,1,1,0,0.0,1,30.824987555555552,30.824987555555552,,,
cc-bbr_abr-throughput_signals-rtt-cwnd_netem-stable-8mbit,cwnd_mean_packets,1,1,0,0.0,1,36.013333333333335,36.013333333333335,,,
cc-bbr_abr-throughput_signals-rtt-cwnd_netem-stable-8mbit,loss_mean_pct,1,1,0,0.0,1,0.0,0.0,,,
cc-bbr_abr-throughput_signals-rtt-cwnd_netem-stable-8mbit,missing_tcp_pct,1,1,0,0.0,1,5.509181969949917,5.509181969949917,,,
cc-bbr_abr-throughput_signals-rtt-cwnd_netem-stable-8mbit,tcp_age_mean_ms,1,1,0,0.0,1,299.8931095406492,299.8931095406492,,,
cc-bbr_abr-throughput_signals-rtt-loss_netem-constrained-2mbit,startup_sec,1,1,0,0.0,1,0.763300000000745,0.763300000000745,,,
cc-bbr_abr-throughput_signals-rtt-loss_netem-constrained-2mbit,stall_sec,1,1,0,0.0,1,0.0,0.0,,,
cc-bbr_abr-throughput_signals-rtt-loss_netem-constrained-2mbit,stall_count,1,1,0,0.0,1,0.0,0,,,
cc-bbr_abr-throughput_signals-rtt-loss_netem-constrained-2mbit,switch_count,1,1,0,0.0,1,29.0,29,,,
cc-bbr_abr-throughput_signals-rtt-loss_netem-constrained-2mbit,avg_bitrate_mbps,1,1,0,0.0,1,1.286410700167504,1.286410700167504,,,
cc-bbr_abr-throughput_signals-rtt-loss_netem-constrained-2mbit,time_weighted_bitrate_mbps,1,1,0,0.0,1,1.2880662036846906,1.2880662036846906,,,
cc-bbr_abr-throughput_signals-rtt-loss_netem-constrained-2mbit,buffer_mean_sec,1,1,0,0.0,1,18.988540133779267,18.988540133779267,,,
cc-bbr_abr-throughput_signals-rtt-loss_netem-constrained-2mbit,guardrail_count,1,1,0,0.0,1,0.0,0,,,
cc-bbr_abr-throughput_signals-rtt-loss_netem-constrained-2mbit,rtt_mean_ms,1,1,0,0.0,1,99.70209312080537,99.70209312080537,,,
cc-bbr_abr-throughput_signals-rtt-loss_netem-constrained-2mbit,cwnd_mean_packets,1,1,0,0.0,1,29.036073825503355,29.036073825503355,,,
cc-bbr_abr-throughput_signals-rtt-loss_netem-constrained-2mbit,loss_mean_pct,1,1,0,0.0,1,0.5926017308704411,0.5926017308704411,,,
cc-bbr_abr-throughput_signals-rtt-loss_netem-constrained-2mbit,missing_tcp_pct,1,1,0,0.0,1,0.16722408026755853,0.16722408026755853,,,
cc-bbr_abr-throughput_signals-rtt-loss_netem-constrained-2mbit,tcp_age_mean_ms,1,1,0,0.0,1,239.42780569499013,239.42780569499013,,,
cc-bbr_abr-throughput_signals-rtt-loss_netem-high-rtt-loss,startup_sec,1,1,0,0.0,1,1.3025,1.3025,,,
cc-bbr_abr-throughput_signals-rtt-loss_netem-high-rtt-loss,stall_sec,1,1,0,0.0,1,0.0,0.0,,,
cc-bbr_abr-throughput_signals-rtt-loss_netem-high-rtt-loss,stall_count,1,1,0,0.0,1,0.0,0,,,
cc-bbr_abr-throughput_signals-rtt-loss_netem-high-rtt-loss,switch_count,1,1,0,0.0,1,9.0,9,,,
cc-bbr_abr-throughput_signals-rtt-loss_netem-high-rtt-loss,avg_bitrate_mbps,1,1,0,0.0,1,1.3604036979865772,1.3604036979865772,,,
cc-bbr_abr-throughput_signals-rtt-loss_netem-high-rtt-loss,time_weighted_bitrate_mbps,1,1,0,0.0,1,1.3604034766793511,1.3604034766793511,,,
cc-bbr_abr-throughput_signals-rtt-loss_netem-high-rtt-loss,buffer_mean_sec,1,1,0,0.0,1,24.719098333333335,24.719098333333335,,,
cc-bbr_abr-throughput_signals-rtt-loss_netem-high-rtt-loss,guardrail_count,1,1,0,0.0,1,1.0,1,,,
cc-bbr_abr-throughput_signals-rtt-loss_netem-high-rtt-loss,rtt_mean_ms,1,1,0,0.0,1,149.74266895368783,149.74266895368783,,,
cc-bbr_abr-throughput_signals-rtt-loss_netem-high-rtt-loss,cwnd_mean_packets,1,1,0,0.0,1,77.39536878216124,77.39536878216124,,,
cc-bbr_abr-throughput_signals-rtt-loss_netem-high-rtt-loss,loss_mean_pct,1,1,0,0.0,1,1.6628640166238693,1.6628640166238693,,,
cc-bbr_abr-throughput_signals-rtt-loss_netem-high-rtt-loss,missing_tcp_pct,1,1,0,0.0,1,2.5,2.5,,,
cc-bbr_abr-throughput_signals-rtt-loss_netem-high-rtt-loss,tcp_age_mean_ms,1,1,0,0.0,1,235.3316239313756,235.3316239313756,,,
cc-bbr_abr-throughput_signals-rtt-loss_netem-stable-8mbit,startup_sec,1,1,0,0.0,1,0.5217000000029802,0.5217000000029802,,,
cc-bbr_abr-throughput_signals-rtt-loss_netem-stable-8mbit,stall_sec,1,1,0,0.0,1,0.0,0.0,,,
cc-bbr_abr-throughput_signals-rtt-loss_netem-stable-8mbit,stall_count,1,1,0,0.0,1,0.0,0,,,
cc-bbr_abr-throughput_signals-rtt-loss_netem-stable-8mbit,switch_count,1,1,0,0.0,1,1.0,1,,,
cc-bbr_abr-throughput_signals-rtt-loss_netem-stable-8mbit,avg_bitrate_mbps,1,1,0,0.0,1,1.4036830771812079,1.4036830771812079,,,
cc-bbr_abr-throughput_signals-rtt-loss_netem-stable-8mbit,time_weighted_bitrate_mbps,1,1,0,0.0,1,1.405744,1.405744,,,
cc-bbr_abr-throughput_signals-rtt-loss_netem-stable-8mbit,buffer_mean_sec,1,1,0,0.0,1,26.728973244147156,26.728973244147156,,,
cc-bbr_abr-throughput_signals-rtt-loss_netem-stable-8mbit,guardrail_count,1,1,0,0.0,1,0.0,0,,,
cc-bbr_abr-throughput_signals-rtt-loss_netem-stable-8mbit,rtt_mean_ms,1,1,0,0.0,1,30.80398564189189,30.80398564189189,,,
cc-bbr_abr-throughput_signals-rtt-loss_netem-stable-8mbit,cwnd_mean_packets,1,1,0,0.0,1,35.9054054054054,35.9054054054054,,,
cc-bbr_abr-throughput_signals-rtt-loss_netem-stable-8mbit,loss_mean_pct,1,1,0,0.0,1,0.0,0.0,,,
cc-bbr_abr-throughput_signals-rtt-loss_netem-stable-8mbit,missing_tcp_pct,1,1,0,0.0,1,0.33444816053511706,0.33444816053511706,,,
cc-bbr_abr-throughput_signals-rtt-loss_netem-stable-8mbit,tcp_age_mean_ms,1,1,0,0.0,1,248.30184563750637,248.30184563750637,,,
cc-bbr_abr-throughput_signals-rtt_netem-constrained-2mbit,startup_sec,1,1,0,0.0,1,0.8018999999985099,0.8018999999985099,,,
cc-bbr_abr-throughput_signals-rtt_netem-constrained-2mbit,stall_sec,1,1,0,0.0,1,0.0,0.0,,,
cc-bbr_abr-throughput_signals-rtt_netem-constrained-2mbit,stall_count,1,1,0,0.0,1,0.0,0,,,
cc-bbr_abr-throughput_signals-rtt_netem-constrained-2mbit,switch_count,1,1,0,0.0,1,19.0,19,,,
cc-bbr_abr-throughput_signals-rtt_netem-constrained-2mbit,avg_bitrate_mbps,1,1,0,0.0,1,1.2596635812395311,1.2596635812395311,,,
cc-bbr_abr-throughput_signals-rtt_netem-constrained-2mbit,time_weighted_bitrate_mbps,1,1,0,0.0,1,1.2617540590509593,1.2617540590509593,,,
cc-bbr_abr-throughput_signals-rtt_netem-constrained-2mbit,buffer_mean_sec,1,1,0,0.0,1,18.696834724540903,18.696834724540903,,,
cc-bbr_abr-throughput_signals-rtt_netem-constrained-2mbit,guardrail_count,1,1,0,0.0,1,0.0,0,,,
cc-bbr_abr-throughput_signals-rtt_netem-constrained-2mbit,rtt_mean_ms,1,1,0,0.0,1,98.66436127409891,98.66436127409891,,,
cc-bbr_abr-throughput_signals-rtt_netem-constrained-2mbit,cwnd_mean_packets,1,1,0,0.0,1,28.609388097233865,28.609388097233865,,,
cc-bbr_abr-throughput_signals-rtt_netem-constrained-2mbit,loss_mean_pct,1,1,0,0.0,1,0.5338769190388373,0.5338769190388373,,,
cc-bbr_abr-throughput_signals-rtt_netem-constrained-2mbit,missing_tcp_pct,1,1,0,0.0,1,0.1669449081803005,0.1669449081803005,,,
cc-bbr_abr-throughput_signals-rtt_netem-constrained-2mbit,tcp_age_mean_ms,1,1,0,0.0,1,270.92775919702666,270.92775919702666,,,
cc-bbr_abr-throughput_signals-rtt_netem-high-rtt-loss,startup_sec,1,1,0,0.0,1,1.74,1.74,,,
cc-bbr_abr-throughput_signals-rtt_netem-high-rtt-loss,stall_sec,1,1,0,0.0,1,0.0,0.0,,,
cc-bbr_abr-throughput_signals-rtt_netem-high-rtt-loss,stall_count,1,1,0,0.0,1,0.0,0,,,
cc-bbr_abr-throughput_signals-rtt_netem-high-rtt-loss,switch_count,1,1,0,0.0,1,3.0,3,,,
cc-bbr_abr-throughput_signals-rtt_netem-high-rtt-loss,avg_bitrate_mbps,1,1,0,0.0,1,1.4016290586264657,1.4016290586264657,,,
cc-bbr_abr-throughput_signals-rtt_netem-high-rtt-loss,time_weighted_bitrate_mbps,1,1,0,0.0,1,1.40162926713047,1.40162926713047,,,
cc-bbr_abr-throughput_signals-rtt_netem-high-rtt-loss,buffer_mean_sec,1,1,0,0.0,1,25.246642262895175,25.246642262895175,,,
cc-bbr_abr-throughput_signals-rtt_netem-high-rtt-loss,guardrail_count,1,1,0,0.0,1,0.0,0,,,
cc-bbr_abr-throughput_signals-rtt_netem-high-rtt-loss,rtt_mean_ms,1,1,0,0.0,1,150.52820540997465,150.52820540997465,,,
cc-bbr_abr-throughput_signals-rtt_netem-high-rtt-loss,cwnd_mean_packets,1,1,0,0.0,1,78.8334742180896,78.8334742180896,,,
cc-bbr_abr-throughput_signals-rtt_netem-high-rtt-loss,loss_mean_pct,1,1,0,0.0,1,1.6054519759885613,1.6054519759885613,,,
cc-bbr_abr-throughput_signals-rtt_netem-high-rtt-loss,missing_tcp_pct,1,1,0,0.0,1,0.6655574043261231,0.6655574043261231,,,
cc-bbr_abr-throughput_signals-rtt_netem-high-rtt-loss,tcp_age_mean_ms,1,1,0,0.0,1,267.5467336685701,267.5467336685701,,,
cc-bbr_abr-throughput_signals-rtt_netem-stable-8mbit,startup_sec,1,1,0,0.0,1,0.4793999999985099,0.4793999999985099,,,
cc-bbr_abr-throughput_signals-rtt_netem-stable-8mbit,stall_sec,1,1,0,0.0,1,0.0,0.0,,,
cc-bbr_abr-throughput_signals-rtt_netem-stable-8mbit,stall_count,1,1,0,0.0,1,0.0,0,,,
cc-bbr_abr-throughput_signals-rtt_netem-stable-8mbit,switch_count,1,1,0,0.0,1,1.0,1,,,
cc-bbr_abr-throughput_signals-rtt_netem-stable-8mbit,avg_bitrate_mbps,1,1,0,0.0,1,1.4036830771812079,1.4036830771812079,,,
cc-bbr_abr-throughput_signals-rtt_netem-stable-8mbit,time_weighted_bitrate_mbps,1,1,0,0.0,1,1.405744,1.405744,,,
cc-bbr_abr-throughput_signals-rtt_netem-stable-8mbit,buffer_mean_sec,1,1,0,0.0,1,26.740287625418063,26.740287625418063,,,
cc-bbr_abr-throughput_signals-rtt_netem-stable-8mbit,guardrail_count,1,1,0,0.0,1,0.0,0,,,
cc-bbr_abr-throughput_signals-rtt_netem-stable-8mbit,rtt_mean_ms,1,1,0,0.0,1,30.69912970711297,30.69912970711297,,,
cc-bbr_abr-throughput_signals-rtt_netem-stable-8mbit,cwnd_mean_packets,1,1,0,0.0,1,36.201673640167364,36.201673640167364,,,
cc-bbr_abr-throughput_signals-rtt_netem-stable-8mbit,loss_mean_pct,1,1,0,0.0,1,0.0,0.0,,,
cc-bbr_abr-throughput_signals-rtt_netem-stable-8mbit,missing_tcp_pct,1,1,0,0.0,1,0.0,0.0,,,
cc-bbr_abr-throughput_signals-rtt_netem-stable-8mbit,tcp_age_mean_ms,1,1,0,0.0,1,232.7520066893295,232.7520066893295,,,
cc-cubic_abr-bola_signals-cwnd-loss_netem-constrained-2mbit,startup_sec,1,1,0,0.0,1,0.8621000000014901,0.8621000000014901,,,
cc-cubic_abr-bola_signals-cwnd-loss_netem-constrained-2mbit,stall_sec,1,1,0,0.0,1,0.0,0.0,,,
cc-cubic_abr-bola_signals-cwnd-loss_netem-constrained-2mbit,stall_count,1,1,0,0.0,1,0.0,0,,,
cc-cubic_abr-bola_signals-cwnd-loss_netem-constrained-2mbit,switch_count,1,1,0,0.0,1,76.0,76,,,
cc-cubic_abr-bola_signals-cwnd-loss_netem-constrained-2mbit,avg_bitrate_mbps,1,1,0,0.0,1,0.5195471879194631,0.5195471879194631,,,
cc-cubic_abr-bola_signals-cwnd-loss_netem-constrained-2mbit,time_weighted_bitrate_mbps,1,1,0,0.0,1,0.5215803840907974,0.5215803840907974,,,
cc-cubic_abr-bola_signals-cwnd-loss_netem-constrained-2mbit,buffer_mean_sec,1,1,0,0.0,1,8.478921666666666,8.478921666666666,,,
cc-cubic_abr-bola_signals-cwnd-loss_netem-constrained-2mbit,guardrail_count,1,1,0,0.0,1,21.0,21,,,
cc-cubic_abr-bola_signals-cwnd-loss_netem-constrained-2mbit,rtt_mean_ms,1,1,0,0.0,1,161.55826779661015,161.55826779661015,,,
cc-cubic_abr-bola_signals-cwnd-loss_netem-constrained-2mbit,cwnd_mean_packets,1,1,0,0.0,1,28.529661016949152,28.529661016949152,,,
cc-cubic_abr-bola_signals-cwnd-loss_netem-constrained-2mbit,loss_mean_pct,1,1,0,0.0,1,0.7535961440536785,0.7535961440536785,,,
cc-cubic_abr-bola_signals-cwnd-loss_netem-constrained-2mbit,missing_tcp_pct,1,1,0,0.0,1,1.0,1.0,,,
cc-cubic_abr-bola_signals-cwnd-loss_netem-constrained-2mbit,tcp_age_mean_ms,1,1,0,0.0,1,268.13619528628686,268.13619528628686,,,
cc-cubic_abr-bola_signals-cwnd-loss_netem-high-rtt-loss,startup_sec,1,1,0,0.0,1,1.276300000000745,1.276300000000745,,,
cc-cubic_abr-bola_signals-cwnd-loss_netem-high-rtt-loss,stall_sec,1,1,0,0.0,1,0.0,0.0,,,
cc-cubic_abr-bola_signals-cwnd-loss_netem-high-rtt-loss,stall_count,1,1,0,0.0,1,0.0,0,,,
cc-cubic_abr-bola_signals-cwnd-loss_netem-high-rtt-loss,switch_count,1,1,0,0.0,1,6.0,6,,,
cc-cubic_abr-bola_signals-cwnd-loss_netem-high-rtt-loss,avg_bitrate_mbps,1,1,0,0.0,1,0.18773861409395973,0.18773861409395973,,,
cc-cubic_abr-bola_signals-cwnd-loss_netem-high-rtt-loss,time_weighted_bitrate_mbps,1,1,0,0.0,1,0.18692062808139123,0.18692062808139123,,,
cc-cubic_abr-bola_signals-cwnd-loss_netem-high-rtt-loss,buffer_mean_sec,1,1,0,0.0,1,13.693492487479132,13.693492487479132,,,
cc-cubic_abr-bola_signals-cwnd-loss_netem-high-rtt-loss,guardrail_count,1,1,0,0.0,1,2.0,2,,,
cc-cubic_abr-bola_signals-cwnd-loss_netem-high-rtt-loss,rtt_mean_ms,1,1,0,0.0,1,139.30773653198654,139.30773653198654,,,
cc-cubic_abr-bola_signals-cwnd-loss_netem-high-rtt-loss,cwnd_mean_packets,1,1,0,0.0,1,17.86111111111111,17.86111111111111,,,
cc-cubic_abr-bola_signals-cwnd-loss_netem-high-rtt-loss,loss_mean_pct,1,1,0,0.0,1,0.7628625843797686,0.7628625843797686,,,
cc-cubic_abr-bola_signals-cwnd-loss_netem-high-rtt-loss,missing_tcp_pct,1,1,0,0.0,1,0.5008347245409015,0.5008347245409015,,,
cc-cubic_abr-bola_signals-cwnd-loss_netem-high-rtt-loss,tcp_age_mean_ms,1,1,0,0.0,1,243.10100671147066,243.10100671147066,,,
cc-cubic_abr-bola_signals-cwnd-loss_netem-stable-8mbit,startup_sec,1,1,0,0.0,1,0.498,0.498,,,
cc-cubic_abr-bola_signals-cwnd-loss_netem-stable-8mbit,stall_sec,1,1,0,0.0,1,0.0,0.0,,,
cc-cubic_abr-bola_signals-cwnd-loss_netem-stable-8mbit,stall_count,1,1,0,0.0,1,0.0,0,,,
cc-cubic_abr-bola_signals-cwnd-loss_netem-stable-8mbit,switch_count,1,1,0,0.0,1,1.0,1,,,
cc-cubic_abr-bola_signals-cwnd-loss_netem-stable-8mbit,avg_bitrate_mbps,1,1,0,0.0,1,1.4036830771812079,1.4036830771812079,,,
cc-cubic_abr-bola_signals-cwnd-loss_netem-stable-8mbit,time_weighted_bitrate_mbps,1,1,0,0.0,1,1.405744,1.405744,,,
cc-cubic_abr-bola_signals-cwnd-loss_netem-stable-8mbit,buffer_mean_sec,1,1,0,0.0,1,26.719096828046744,26.719096828046744,,,
cc-cubic_abr-bola_signals-cwnd-loss_netem-stable-8mbit,guardrail_count,1,1,0,0.0,1,0.0,0,,,
cc-cubic_abr-bola_signals-cwnd-loss_netem-stable-8mbit,rtt_mean_ms,1,1,0,0.0,1,205.148235447437,205.148235447437,,,
cc-cubic_abr-bola_signals-cwnd-loss_netem-stable-8mbit,cwnd_mean_packets,1,1,0,0.0,1,249.6976542137272,249.6976542137272,,,
cc-cubic_abr-bola_signals-cwnd-loss_netem-stable-8mbit,loss_mean_pct,1,1,0,0.0,1,0.0,0.0,,,
cc-cubic_abr-bola_signals-cwnd-loss_netem-stable-8mbit,missing_tcp_pct,1,1,0,0.0,1,3.5058430717863107,3.5058430717863107,,,
cc-cubic_abr-bola_signals-cwnd-loss_netem-stable-8mbit,tcp_age_mean_ms,1,1,0,0.0,1,245.09256055373635,245.09256055373635,,,
cc-cubic_abr-bola_signals-cwnd_netem-constrained-2mbit,startup_sec,1,1,0,0.0,1,0.8016000000014901,0.8016000000014901,,,
cc-cubic_abr-bola_signals-cwnd_netem-constrained-2mbit,stall_sec,1,1,0,0.0,1,0.0,0.0,,,
cc-cubic_abr-bola_signals-cwnd_netem-constrained-2mbit,stall_count,1,1,0,0.0,1,0.0,0,,,
cc-cubic_abr-bola_signals-cwnd_netem-constrained-2mbit,switch_count,1,1,0,0.0,1,25.0,25,,,
cc-cubic_abr-bola_signals-cwnd_netem-constrained-2mbit,avg_bitrate_mbps,1,1,0,0.0,1,1.179042489932886,1.179042489932886,,,
cc-cubic_abr-bola_signals-cwnd_netem-constrained-2mbit,time_weighted_bitrate_mbps,1,1,0,0.0,1,1.1789046465591484,1.1789046465591484,,,
cc-cubic_abr-bola_signals-cwnd_netem-constrained-2mbit,buffer_mean_sec,1,1,0,0.0,1,17.916227045075125,17.916227045075125,,,
cc-cubic_abr-bola_signals-cwnd_netem-constrained-2mbit,guardrail_count,1,1,0,0.0,1,6.0,6,,,
cc-cubic_abr-bola_signals-cwnd_netem-constrained-2mbit,rtt_mean_ms,1,1,0,0.0,1,170.30565016778522,170.30565016778522,,,
cc-cubic_abr-bola_signals-cwnd_netem-constrained-2mbit,cwnd_mean_packets,1,1,0,0.0,1,28.113255033557046,28.113255033557046,,,
cc-cubic_abr-bola_signals-cwnd_netem-constrained-2mbit,loss_mean_pct,1,1,0,0.0,1,1.0783712445721276,1.0783712445721276,,,
cc-cubic_abr-bola_signals-cwnd_netem-constrained-2mbit,missing_tcp_pct,1,1,0,0.0,1,0.333889816360601,0.333889816360601,,,
cc-cubic_abr-bola_signals-cwnd_netem-constrained-2mbit,tcp_age_mean_ms,1,1,0,0.0,1,284.8527638190855,284.8527638190855,,,
cc-cubic_abr-bola_signals-cwnd_netem-high-rtt-loss,startup_sec,1,1,0,0.0,1,1.3734000000022353,1.3734000000022353,,,
cc-cubic_abr-bola_signals-cwnd_netem-high-rtt-loss,stall_sec,1,1,0,0.0,1,0.0,0.0,,,
cc-cubic_abr-bola_signals-cwnd_netem-high-rtt-loss,stall_count,1,1,0,0.0,1,0.0,0,,,
cc-cubic_abr-bola_signals-cwnd_netem-high-rtt-loss,switch_count,1,1,0,0.0,1,6.0,6,,,
cc-cubic_abr-bola_signals-cwnd_netem-high-rtt-loss,avg_bitrate_mbps,1,1,0,0.0,1,0.18361676845637584,0.18361676845637584,,,
cc-cubic_abr-bola_signals-cwnd_netem-high-rtt-loss,time_weighted_bitrate_mbps,1,1,0,0.0,1,0.18383246564826675,0.18383246564826675,,,
cc-cubic_abr-bola_signals-cwnd_netem-high-rtt-loss,buffer_mean_sec,1,1,0,0.0,1,13.90903010033445,13.90903010033445,,,
cc-cubic_abr-bola_signals-cwnd_netem-high-rtt-loss,guardrail_count,1,1,0,0.0,1,2.0,2,,,
cc-cubic_abr-bola_signals-cwnd_netem-high-rtt-loss,rtt_mean_ms,1,1,0,0.0,1,138.8688629661752,138.8688629661752,,,
cc-cubic_abr-bola_signals-cwnd_netem-high-rtt-loss,cwnd_mean_packets,1,1,0,0.0,1,17.43191673894189,17.43191673894189,,,
cc-cubic_abr-bola_signals-cwnd_netem-high-rtt-loss,loss_mean_pct,1,1,0,0.0,1,1.0091946097918965,1.0091946097918965,,,
cc-cubic_abr-bola_signals-cwnd_netem-high-rtt-loss,missing_tcp_pct,1,1,0,0.0,1,2.6755852842809364,2.6755852842809364,,,
cc-cubic_abr-bola_signals-cwnd_netem-high-rtt-loss,tcp_age_mean_ms,1,1,0,0.0,1,312.2886597933408,312.2886597933408,,,
cc-cubic_abr-bola_signals-cwnd_netem-stable-8mbit,startup_sec,1,1,0,0.0,1,0.40569999999925493,0.40569999999925493,,,
cc-cubic_abr-bola_signals-cwnd_netem-stable-8mbit,stall_sec,1,1,0,0.0,1,0.0,0.0,,,
cc-cubic_abr-bola_signals-cwnd_netem-stable-8mbit,stall_count,1,1,0,0.0,1,0.0,0,,,
cc-cubic_abr-bola_signals-cwnd_netem-stable-8mbit,switch_count,1,1,0,0.0,1,1.0,1,,,
cc-cubic_abr-bola_signals-cwnd_netem-stable-8mbit,avg_bitrate_mbps,1,1,0,0.0,1,1.4036830771812079,1.4036830771812079,,,
cc-cubic_abr-bola_signals-cwnd_netem-stable-8mbit,time_weighted_bitrate_mbps,1,1,0,0.0,1,1.4057440000000014,1.4057440000000014,,,
cc-cubic_abr-bola_signals-cwnd_netem-stable-8mbit,buffer_mean_sec,1,1,0,0.0,1,26.734754180602007,26.734754180602007,,,
cc-cubic_abr-bola_signals-cwnd_netem-stable-8mbit,guardrail_count,1,1,0,0.0,1,0.0,0,,,
cc-cubic_abr-bola_signals-cwnd_netem-stable-8mbit,rtt_mean_ms,1,1,0,0.0,1,203.81725944584383,203.81725944584383,,,
cc-cubic_abr-bola_signals-cwnd_netem-stable-8mbit,cwnd_mean_packets,1,1,0,0.0,1,246.4416456759026,246.4416456759026,,,
cc-cubic_abr-bola_signals-cwnd_netem-stable-8mbit,loss_mean_pct,1,1,0,0.0,1,0.0,0.0,,,
cc-cubic_abr-bola_signals-cwnd_netem-stable-8mbit,missing_tcp_pct,1,1,0,0.0,1,0.16722408026755853,0.16722408026755853,,,
cc-cubic_abr-bola_signals-cwnd_netem-stable-8mbit,tcp_age_mean_ms,1,1,0,0.0,1,234.9408710217431,234.9408710217431,,,
cc-cubic_abr-bola_signals-loss_netem-constrained-2mbit,startup_sec,1,1,0,0.0,1,0.9453999999985099,0.9453999999985099,,,
cc-cubic_abr-bola_signals-loss_netem-constrained-2mbit,stall_sec,1,1,0,0.0,1,0.0,0.0,,,
cc-cubic_abr-bola_signals-loss_netem-constrained-2mbit,stall_count,1,1,0,0.0,1,0.0,0,,,
cc-cubic_abr-bola_signals-loss_netem-constrained-2mbit,switch_count,1,1,0,0.0,1,27.0,27,,,
cc-cubic_abr-bola_signals-loss_netem-constrained-2mbit,avg_bitrate_mbps,1,1,0,0.0,1,1.2676621711409397,1.2676621711409397,,,
cc-cubic_abr-bola_signals-loss_netem-constrained-2mbit,time_weighted_bitrate_mbps,1,1,0,0.0,1,1.2687311440647606,1.2687311440647606,,,
cc-cubic_abr-bola_signals-loss_netem-constrained-2mbit,buffer_mean_sec,1,1,0,0.0,1,18.386589999999998,18.386589999999998,,,
cc-cubic_abr-bola_signals-loss_netem-constrained-2mbit,guardrail_count,1,1,0,0.0,1,0.0,0,,,
cc-cubic_abr-bola_signals-loss_netem-constrained-2mbit,rtt_mean_ms,1,1,0,0.0,1,186.89855175292152,186.89855175292152,,,
cc-cubic_abr-bola_signals-loss_netem-constrained-2mbit,cwnd_mean_packets,1,1,0,0.0,1,31.712854757929883,31.712854757929883,,,
cc-cubic_abr-bola_signals-loss_netem-constrained-2mbit,loss_mean_pct,1,1,0,0.0,1,0.7795882817893871,0.7795882817893871,,,
cc-cubic_abr-bola_signals-loss_netem-constrained-2mbit,missing_tcp_pct,1,1,0,0.0,1,0.0,0.0,,,
cc-cubic_abr-bola_signals-loss_netem-constrained-2mbit,tcp_age_mean_ms,1,1,0,0.0,1,264.5226666669361,264.5226666669361,,,
cc-cubic_abr-bola_signals-loss_netem-high-rtt-loss,startup_sec,1,1,0,0.0,1,1.1897000000011175,1.1897000000011175,,,
cc-cubic_abr-bola_signals-loss_netem-high-rtt-loss,stall_sec,1,1,0,0.0,1,0.0,0.0,,,
cc-cubic_abr-bola_signals-loss_netem-high-rtt-loss,stall_count,1,1,0,0.0,1,0.0,0,,,
cc-cubic_abr-bola_signals-loss_netem-high-rtt-loss,switch_count,1,1,0,0.0,1,8.0,8,,,
cc-cubic_abr-bola_signals-loss_netem-high-rtt-loss,avg_bitrate_mbps,1,1,0,0.0,1,0.19186045973154361,0.19186045973154361,,,
cc-cubic_abr-bola_signals-loss_netem-high-rtt-loss,time_weighted_bitrate_mbps,1,1,0,0.0,1,0.19185943169050854,0.19185943169050854,,,
cc-cubic_abr-bola_signals-loss_netem-high-rtt-loss,buffer_mean_sec,1,1,0,0.0,1,13.738048333333333,13.738048333333333,,,
cc-cubic_abr-bola_signals-loss_netem-high-rtt-loss,guardrail_count,1,1,0,0.0,1,0.0,0,,,
cc-cubic_abr-bola_signals-loss_netem-high-rtt-loss,rtt_mean_ms,1,1,0,0.0,1,138.9137269681742,138.9137269681742,,,
cc-cubic_abr-bola_signals-loss_netem-high-rtt-loss,cwnd_mean_packets,1,1,0,0.0,1,17.105527638190956,17.105527638190956,,,
cc-cubic_abr-bola_signals-loss_netem-high-rtt-loss,loss_mean_pct,1,1,0,0.0,1,1.0427205560381305,1.0427205560381305,,,
cc-cubic_abr-bola_signals-loss_netem-high-rtt-loss,missing_tcp_pct,1,1,0,0.0,1,0.16666666666666666,0.16666666666666666,,,
cc-cubic_abr-bola_signals-loss_netem-high-rtt-loss,tcp_age_mean_ms,1,1,0,0.0,1,272.25726210360784,272.25726210360784,,,
cc-cubic_abr-bola_signals-loss_netem-stable-8mbit,startup_sec,1,1,0,0.0,1,0.4765,0.4765,,,
cc-cubic_abr-bola_signals-loss_netem-stable-8mbit,stall_sec,1,1,0,0.0,1,0.0,0.0,,,
cc-cubic_abr-bola_signals-loss_netem-stable-8mbit,stall_count,1,1,0,0.0,1,0.0,0,,,
cc-cubic_abr-bola_signals-loss_netem-stable-8mbit,switch_count,1,1,0,0.0,1,1.0,1,,,
cc-cubic_abr-bola_signals-loss_netem-stable-8mbit,avg_bitrate_mbps,1,1,0,0.0,1,1.4036830771812079,1.4036830771812079,,,
cc-cubic_abr-bola_signals-loss_netem-stable-8mbit,time_weighted_bitrate_mbps,1,1,0,0.0,1,1.405744,1.405744,,,
cc-cubic_abr-bola_signals-loss_netem-stable-8mbit,buffer_mean_sec,1,1,0,0.0,1,26.71816722408027,26.71816722408027,,,
cc-cubic_abr-bola_signals-loss_netem-stable-8mbit,guardrail_count,1,1,0,0.0,1,0.0,0,,,
cc-cubic_abr-bola_signals-loss_netem-stable-8mbit,rtt_mean_ms,1,1,0,0.0,1,206.87612100840337,206.87612100840337,,,
cc-cubic_abr-bola_signals-loss_netem-stable-8mbit,cwnd_mean_packets,1,1,0,0.0,1,253.1705882352941,253.1705882352941,,,
cc-cubic_abr-bola_signals-loss_netem-stable-8mbit,loss_mean_pct,1,1,0,0.0,1,0.0,0.0,,,
cc-cubic_abr-bola_signals-loss_netem-stable-8mbit,missing_tcp_pct,1,1,0,0.0,1,0.16722408026755853,0.16722408026755853,,,
cc-cubic_abr-bola_signals-loss_netem-stable-8mbit,tcp_age_mean_ms,1,1,0,0.0,1,252.12864321580085,252.12864321580085,,,
cc-cubic_abr-bola_signals-none_netem-constrained-2mbit,startup_sec,1,1,0,0.0,1,0.7978999999985099,0.7978999999985099,,,
cc-cubic_abr-bola_signals-none_netem-constrained-2mbit,stall_sec,1,1,0,0.0,1,0.0,0.0,,,
cc-cubic_abr-bola_signals-none_netem-constrained-2mbit,stall_count,1,1,0,0.0,1,0.0,0,,,
cc-cubic_abr-bola_signals-none_netem-constrained-2mbit,switch_count,1,1,0,0.0,1,13.0,13,,,
cc-cubic_abr-bola_signals-none_netem-constrained-2mbit,avg_bitrate_mbps,1,1,0,0.0,1,1.2822957587939698,1.2822957587939698,,,
cc-cubic_abr-bola_signals-none_netem-constrained-2mbit,time_weighted_bitrate_mbps,1,1,0,0.0,1,1.2850569474134166,1.2850569474134166,,,
cc-cubic_abr-bola_signals-none_netem-constrained-2mbit,buffer_mean_sec,1,1,0,0.0,1,19.965928213689484,19.965928213689484,,,
cc-cubic_abr-bola_signals-none_netem-constrained-2mbit,guardrail_count,1,1,0,0.0,1,0.0,0,,,
cc-cubic_abr-bola_signals-none_netem-constrained-2mbit,rtt_mean_ms,1,1,0,0.0,1,175.0809297205758,175.0809297205758,,,
cc-cubic_abr-bola_signals-none_netem-constrained-2mbit,cwnd_mean_packets,1,1,0,0.0,1,29.678238780694326,29.678238780694326,,,
cc-cubic_abr-bola_signals-none_netem-constrained-2mbit,loss_mean_pct,1,1,0,0.0,1,0.6791488632491806,0.6791488632491806,,,
cc-cubic_abr-bola_signals-none_netem-constrained-2mbit,missing_tcp_pct,1,1,0,0.0,1,0.667779632721202,0.667779632721202,,,
cc-cubic_abr-bola_signals-none_netem-constrained-2mbit,tcp_age_mean_ms,1,1,0,0.0,1,259.7465546222294,259.7465546222294,,,
cc-cubic_abr-bola_signals-none_netem-high-rtt-loss,startup_sec,1,1,0,0.0,1,1.230199999999255,1.230199999999255,,,
cc-cubic_abr-bola_signals-none_netem-high-rtt-loss,stall_sec,1,1,0,0.0,1,0.0,0.0,,,
cc-cubic_abr-bola_signals-none_netem-high-rtt-loss,stall_count,1,1,0,0.0,1,0.0,0,,,
cc-cubic_abr-bola_signals-none_netem-high-rtt-loss,switch_count,1,1,0,0.0,1,0.0,0,,,
cc-cubic_abr-bola_signals-none_netem-high-rtt-loss,avg_bitrate_mbps,1,1,0,0.0,1,0.177434,0.177434,,,
cc-cubic_abr-bola_signals-none_netem-high-rtt-loss,time_weighted_bitrate_mbps,1,1,0,0.0,1,0.17743400000000012,0.17743400000000012,,,
cc-cubic_abr-bola_signals-none_netem-high-rtt-loss,buffer_mean_sec,1,1,0,0.0,1,13.864457570715475,13.864457570715475,,,
cc-cubic_abr-bola_signals-none_netem-high-rtt-loss,guardrail_count,1,1,0,0.0,1,0.0,0,,,
cc-cubic_abr-bola_signals-none_netem-high-rtt-loss,rtt_mean_ms,1,1,0,0.0,1,138.2180495382032,138.2180495382032,,,
cc-cubic_abr-bola_signals-none_netem-high-rtt-loss,cwnd_mean_packets,1,1,0,0.0,1,15.834592779177163,15.834592779177163,,,
cc-cubic_abr-bola_signals-none_netem-high-rtt-loss,loss_mean_pct,1,1,0,0.0,1,0.7351983930089625,0.7351983930089625,,,
cc-cubic_abr-bola_signals-none_netem-high-rtt-loss,missing_tcp_pct,1,1,0,0.0,1,0.33277870216306155,0.33277870216306155,,,
cc-cubic_abr-bola_signals-none_netem-high-rtt-loss,tcp_age_mean_ms,1,1,0,0.0,1,304.7218697826395,304.7218697826395,,,
cc-cubic_abr-bola_signals-none_netem-stable-8mbit,startup_sec,1,1,0,0.0,1,0.4891000000014901,0.4891000000014901,,,
cc-cubic_abr-bola_signals-none_netem-stable-8mbit,stall_sec,1,1,0,0.0,1,0.0,0.0,,,
cc-cubic_abr-bola_signals-none_netem-stable-8mbit,stall_count,1,1,0,0.0,1,0.0,0,,,
cc-cubic_abr-bola_signals-none_netem-stable-8mbit,switch_count,1,1,0,0.0,1,1.0,1,,,
cc-cubic_abr-bola_signals-none_netem-stable-8mbit,avg_bitrate_mbps,1,1,0,0.0,1,1.4036830771812079,1.4036830771812079,,,
cc-cubic_abr-bola_signals-none_netem-stable-8mbit,time_weighted_bitrate_mbps,1,1,0,0.0,1,1.405744,1.405744,,,
cc-cubic_abr-bola_signals-none_netem-stable-8mbit,buffer_mean_sec,1,1,0,0.0,1,26.686180602006687,26.686180602006687,,,
cc-cubic_abr-bola_signals-none_netem-stable-8mbit,guardrail_count,1,1,0,0.0,1,0.0,0,,,
cc-cubic_abr-bola_signals-none_netem-stable-8mbit,rtt_mean_ms,1,1,0,0.0,1,202.4040310142498,202.4040310142498,,,
cc-cubic_abr-bola_signals-none_netem-stable-8mbit,cwnd_mean_packets,1,1,0,0.0,1,247.9656328583403,247.9656328583403,,,
cc-cubic_abr-bola_signals-none_netem-stable-8mbit,loss_mean_pct,1,1,0,0.0,1,0.0,0.0,,,
cc-cubic_abr-bola_signals-none_netem-stable-8mbit,missing_tcp_pct,1,1,0,0.0,1,0.0,0.0,,,
cc-cubic_abr-bola_signals-none_netem-stable-8mbit,tcp_age_mean_ms,1,1,0,0.0,1,239.81337792613857,239.81337792613857,,,
cc-cubic_abr-bola_signals-rtt-cwnd-loss_netem-constrained-2mbit,startup_sec,1,1,0,0.0,1,0.8520999999977649,0.8520999999977649,,,
cc-cubic_abr-bola_signals-rtt-cwnd-loss_netem-constrained-2mbit,stall_sec,1,1,0,0.0,1,0.0,0.0,,,
cc-cubic_abr-bola_signals-rtt-cwnd-loss_netem-constrained-2mbit,stall_count,1,1,0,0.0,1,0.0,0,,,
cc-cubic_abr-bola_signals-rtt-cwnd-loss_netem-constrained-2mbit,switch_count,1,1,0,0.0,1,44.0,44,,,
cc-cubic_abr-bola_signals-rtt-cwnd-loss_netem-constrained-2mbit,avg_bitrate_mbps,1,1,0,0.0,1,0.2701755268456376,0.2701755268456376,,,
cc-cubic_abr-bola_signals-rtt-cwnd-loss_netem-constrained-2mbit,time_weighted_bitrate_mbps,1,1,0,0.0,1,0.27108633524004755,0.27108633524004755,,,
cc-cubic_abr-bola_signals-rtt-cwnd-loss_netem-constrained-2mbit,buffer_mean_sec,1,1,0,0.0,1,9.189740802675585,9.189740802675585,,,
cc-cubic_abr-bola_signals-rtt-cwnd-loss_netem-constrained-2mbit,guardrail_count,1,1,0,0.0,1,40.0,40,,,
cc-cubic_abr-bola_signals-rtt-cwnd-loss_netem-constrained-2mbit,rtt_mean_ms,1,1,0,0.0,1,136.81,136.81,,,
cc-cubic_abr-bola_signals-rtt-cwnd-loss_netem-constrained-2mbit,cwnd_mean_packets,1,1,0,0.0,1,23.467391304347824,23.467391304347824,,,
cc-cubic_abr-bola_signals-rtt-cwnd-loss_netem-constrained-2mbit,loss_mean_pct,1,1,0,0.0,1,0.7687971376415579,0.7687971376415579,,,
cc-cubic_abr-bola_signals-rtt-cwnd-loss_netem-constrained-2mbit,missing_tcp_pct,1,1,0,0.0,1,0.0,0.0,,,
cc-cubic_abr-bola_signals-rtt-cwnd-loss_netem-constrained-2mbit,tcp_age_mean_ms,1,1,0,0.0,1,278.54030100349024,278.54030100349024,,,
cc-cubic_abr-bola_signals-rtt-cwnd-loss_netem-high-rtt-loss,startup_sec,1,1,0,0.0,1,1.2307999999988823,1.2307999999988823,,,
cc-cubic_abr-bola_signals-rtt-cwnd-loss_netem-high-rtt-loss,stall_sec,1,1,0,0.0,1,0.0,0.0,,,
cc-cubic_abr-bola_signals-rtt-cwnd-loss_netem-high-rtt-loss,stall_count,1,1,0,0.0,1,0.0,0,,,
cc-cubic_abr-bola_signals-rtt-cwnd-loss_netem-high-rtt-loss,switch_count,1,1,0,0.0,1,6.0,6,,,
cc-cubic_abr-bola_signals-rtt-cwnd-loss_netem-high-rtt-loss,avg_bitrate_mbps,1,1,0,0.0,1,0.18773861409395973,0.18773861409395973,,,
cc-cubic_abr-bola_signals-rtt-cwnd-loss_netem-high-rtt-loss,time_weighted_bitrate_mbps,1,1,0,0.0,1,0.18778093714060784,0.18778093714060784,,,
cc-cubic_abr-bola_signals-rtt-cwnd-loss_netem-high-rtt-loss,buffer_mean_sec,1,1,0,0.0,1,13.752893687707642,13.752893687707642,,,
cc-cubic_abr-bola_signals-rtt-cwnd-loss_netem-high-rtt-loss,guardrail_count,1,1,0,0.0,1,2.0,2,,,
cc-cubic_abr-bola_signals-rtt-cwnd-loss_netem-high-rtt-loss,rtt_mean_ms,1,1,0,0.0,1,138.79569757727654,138.79569757727654,,,
cc-cubic_abr-bola_signals-rtt-cwnd-loss_netem-high-rtt-loss,cwnd_mean_packets,1,1,0,0.0,1,17.717627401837927,17.717627401837927,,,
cc-cubic_abr-bola_signals-rtt-cwnd-loss_netem-high-rtt-loss,loss_mean_pct,1,1,0,0.0,1,0.8976503401284112,0.8976503401284112,,,
cc-cubic_abr-bola_signals-rtt-cwnd-loss_netem-high-rtt-loss,missing_tcp_pct,1,1,0,0.0,1,0.16611295681063123,0.16611295681063123,,,
cc-cubic_abr-bola_signals-rtt-cwnd-loss_netem-high-rtt-loss,tcp_age_mean_ms,1,1,0,0.0,1,247.5780366054874,247.5780366054874,,,
cc-cubic_abr-bola_signals-rtt-cwnd-loss_netem-stable-8mbit,startup_sec,1,1,0,0.0,1,0.5575999999977648,0.5575999999977648,,,
cc-cubic_abr-bola_signals-rtt-cwnd-loss_netem-stable-8mbit,stall_sec,1,1,0,0.0,1,0.0,0.0,,,
cc-cubic_abr-bola_signals-rtt-cwnd-loss_netem-stable-8mbit,stall_count,1,1,0,0.0,1,0.0,0,,,
cc-cubic_abr-bola_signals-rtt-cwnd-loss_netem-stable-8mbit,switch_count,1,1,0,0.0,1,1.0,1,,,
cc-cubic_abr-bola_signals-rtt-cwnd-loss_netem-stable-8mbit,avg_bitrate_mbps,1,1,0,0.0,1,1.4036830771812079,1.4036830771812079,,,
cc-cubic_abr-bola_signals-rtt-cwnd-loss_netem-stable-8mbit,time_weighted_bitrate_mbps,1,1,0,0.0,1,1.405744,1.405744,,,
cc-cubic_abr-bola_signals-rtt-cwnd-loss_netem-stable-8mbit,buffer_mean_sec,1,1,0,0.0,1,26.668654424040067,26.668654424040067,,,
cc-cubic_abr-bola_signals-rtt-cwnd-loss_netem-stable-8mbit,guardrail_count,1,1,0,0.0,1,0.0,0,,,
cc-cubic_abr-bola_signals-rtt-cwnd-loss_netem-stable-8mbit,rtt_mean_ms,1,1,0,0.0,1,204.8609849372385,204.8609849372385,,,
cc-cubic_abr-bola_signals-rtt-cwnd-loss_netem-stable-8mbit,cwnd_mean_packets,1,1,0,0.0,1,251.54142259414226,251.54142259414226,,,
cc-cubic_abr-bola_signals-rtt-cwnd-loss_netem-stable-8mbit,loss_mean_pct,1,1,0,0.0,1,0.0,0.0,,,
cc-cubic_abr-bola_signals-rtt-cwnd-loss_netem-stable-8mbit,missing_tcp_pct,1,1,0,0.0,1,0.1669449081803005,0.1669449081803005,,,
cc-cubic_abr-bola_signals-rtt-cwnd-loss_netem-stable-8mbit,tcp_age_mean_ms,1,1,0,0.0,1,241.15551839492292,241.15551839492292,,,
cc-cubic_abr-bola_signals-rtt-cwnd_netem-constrained-2mbit,startup_sec,1,1,0,0.0,1,0.782,0.782,,,
cc-cubic_abr-bola_signals-rtt-cwnd_netem-constrained-2mbit,stall_sec,1,1,0,0.0,1,0.0,0.0,,,
cc-cubic_abr-bola_signals-rtt-cwnd_netem-constrained-2mbit,stall_count,1,1,0,0.0,1,0.0,0,,,
cc-cubic_abr-bola_signals-rtt-cwnd_netem-constrained-2mbit,switch_count,1,1,0,0.0,1,62.0,62,,,
cc-cubic_abr-bola_signals-rtt-cwnd_netem-constrained-2mbit,avg_bitrate_mbps,1,1,0,0.0,1,0.27429737248322145,0.27429737248322145,,,
cc-cubic_abr-bola_signals-rtt-cwnd_netem-constrained-2mbit,time_weighted_bitrate_mbps,1,1,0,0.0,1,0.2753761364307838,0.2753761364307838,,,
cc-cubic_abr-bola_signals-rtt-cwnd_netem-constrained-2mbit,buffer_mean_sec,1,1,0,0.0,1,9.575651085141903,9.575651085141903,,,
cc-cubic_abr-bola_signals-rtt-cwnd_netem-constrained-2mbit,guardrail_count,1,1,0,0.0,1,37.0,37,,,
cc-cubic_abr-bola_signals-rtt-cwnd_netem-constrained-2mbit,rtt_mean_ms,1,1,0,0.0,1,136.0618383838384,136.0618383838384,,,
cc-cubic_abr-bola_signals-rtt-cwnd_netem-constrained-2mbit,cwnd_mean_packets,1,1,0,0.0,1,24.196969696969695,24.196969696969695,,,
cc-cubic_abr-bola_signals-rtt-cwnd_netem-constrained-2mbit,loss_mean_pct,1,1,0,0.0,1,0.6792821559100992,0.6792821559100992,,,
cc-cubic_abr-bola_signals-rtt-cwnd_netem-constrained-2mbit,missing_tcp_pct,1,1,0,0.0,1,0.333889816360601,0.333889816360601,,,
cc-cubic_abr-bola_signals-rtt-cwnd_netem-constrained-2mbit,tcp_age_mean_ms,1,1,0,0.0,1,305.78291457293045,305.78291457293045,,,
cc-cubic_abr-bola_signals-rtt-cwnd_netem-high-rtt-loss,startup_sec,1,1,0,0.0,1,1.151199999999255,1.151199999999255,,,
cc-cubic_abr-bola_signals-rtt-cwnd_netem-high-rtt-loss,stall_sec,1,1,0,0.0,1,0.0,0.0,,,
cc-cubic_abr-bola_signals-rtt-cwnd_netem-high-rtt-loss,stall_count,1,1,0,0.0,1,0.0,0,,,
cc-cubic_abr-bola_signals-rtt-cwnd_netem-high-rtt-loss,switch_count,1,1,0,0.0,1,4.0,4,,,
cc-cubic_abr-bola_signals-rtt-cwnd_netem-high-rtt-loss,avg_bitrate_mbps,1,1,0,0.0,1,0.19186045973154361,0.19186045973154361,,,
cc-cubic_abr-bola_signals-rtt-cwnd_netem-high-rtt-loss,time_weighted_bitrate_mbps,1,1,0,0.0,1,0.1919486449988319,0.1919486449988319,,,
cc-cubic_abr-bola_signals-rtt-cwnd_netem-high-rtt-loss,buffer_mean_sec,1,1,0,0.0,1,13.935701666666667,13.935701666666667,,,
cc-cubic_abr-bola_signals-rtt-cwnd_netem-high-rtt-loss,guardrail_count,1,1,0,0.0,1,2.0,2,,,
cc-cubic_abr-bola_signals-rtt-cwnd_netem-high-rtt-loss,rtt_mean_ms,1,1,0,0.0,1,138.56152622527944,138.56152622527944,,,
cc-cubic_abr-bola_signals-rtt-cwnd_netem-high-rtt-loss,cwnd_mean_packets,1,1,0,0.0,1,16.48323301805675,16.48323301805675,,,
cc-cubic_abr-bola_signals-rtt-cwnd_netem-high-rtt-loss,loss_mean_pct,1,1,0,0.0,1,0.8315228933147101,0.8315228933147101,,,
cc-cubic_abr-bola_signals-rtt-cwnd_netem-high-rtt-loss,missing_tcp_pct,1,1,0,0.0,1,2.0,2.0,,,
cc-cubic_abr-bola_signals-rtt-cwnd_netem-high-rtt-loss,tcp_age_mean_ms,1,1,0,0.0,1,245.4331632652035,245.4331632652035,,,
cc-cubic_abr-bola_signals-rtt-cwnd_netem-stable-8mbit,startup_sec,1,1,0,0.0,1,0.7448000000007451,0.7448000000007451,,,
cc-cubic_abr-bola_signals-rtt-cwnd_netem-stable-8mbit,stall_sec,1,1,0,0.0,1,0.0,0.0,,,
cc-cubic_abr-bola_signals-rtt-cwnd_netem-stable-8mbit,stall_count,1,1,0,0.0,1,0.0,0,,,
cc-cubic_abr-bola_signals-rtt-cwnd_netem-stable-8mbit,switch_count,1,1,0,0.0,1,1.0,1,,,
cc-cubic_abr-bola_signals-rtt-cwnd_netem-stable-8mbit,avg_bitrate_mbps,1,1,0,0.0,1,1.4036830771812079,1.4036830771812079,,,
cc-cubic_abr-bola_signals-rtt-cwnd_netem-stable-8mbit,time_weighted_bitrate_mbps,1,1,0,0.0,1,1.405744,1.405744,,,
cc-cubic_abr-bola_signals-rtt-cwnd_netem-stable-8mbit,buffer_mean_sec,1,1,0,0.0,1,26.641382303839734,26.641382303839734,,,
cc-cubic_abr-bola_signals-rtt-cwnd_netem-stable-8mbit,guardrail_count,1,1,0,0.0,1,0.0,0,,,
cc-cubic_abr-bola_signals-rtt-cwnd_netem-stable-8mbit,rtt_mean_ms,1,1,0,0.0,1,209.528481938326,209.528481938326,,,
cc-cubic_abr-bola_signals-rtt-cwnd_netem-stable-8mbit,cwnd_mean_packets,1,1,0,0.0,1,257.8555066079295,257.8555066079295,,,
cc-cubic_abr-bola_signals-rtt-cwnd_netem-stable-8mbit,loss_mean_pct,1,1,0,0.0,1,0.0,0.0,,,
cc-cubic_abr-bola_signals-rtt-cwnd_netem-stable-8mbit,missing_tcp_pct,1,1,0,0.0,1,4.841402337228715,4.841402337228715,,,
cc-cubic_abr-bola_signals-rtt-cwnd_netem-stable-8mbit,tcp_age_mean_ms,1,1,0,0.0,1,322.49894736834653,322.49894736834653,,,
cc-cubic_abr-bola_signals-rtt-loss_netem-constrained-2mbit,startup_sec,1,1,0,0.0,1,0.7258000000007451,0.7258000000007451,,,
cc-cubic_abr-bola_signals-rtt-loss_netem-constrained-2mbit,stall_sec,1,1,0,0.0,1,0.0,0.0,,,
cc-cubic_abr-bola_signals-rtt-loss_netem-constrained-2mbit,stall_count,1,1,0,0.0,1,0.0,0,,,
cc-cubic_abr-bola_signals-rtt-loss_netem-constrained-2mbit,switch_count,1,1,0,0.0,1,44.0,44,,,
cc-cubic_abr-bola_signals-rtt-loss_netem-constrained-2mbit,avg_bitrate_mbps,1,1,0,0.0,1,0.2926523584589615,0.2926523584589615,,,
cc-cubic_abr-bola_signals-rtt-loss_netem-constrained-2mbit,time_weighted_bitrate_mbps,1,1,0,0.0,1,0.2945503462076114,0.2945503462076114,,,
cc-cubic_abr-bola_signals-rtt-loss_netem-constrained-2mbit,buffer_mean_sec,1,1,0,0.0,1,9.784552587646077,9.784552587646077,,,
cc-cubic_abr-bola_signals-rtt-loss_netem-constrained-2mbit,guardrail_count,1,1,0,0.0,1,39.0,39,,,
cc-cubic_abr-bola_signals-rtt-loss_netem-constrained-2mbit,rtt_mean_ms,1,1,0,0.0,1,130.72975587248322,130.72975587248322,,,
cc-cubic_abr-bola_signals-rtt-loss_netem-constrained-2mbit,cwnd_mean_packets,1,1,0,0.0,1,22.738255033557046,22.738255033557046,,,
cc-cubic_abr-bola_signals-rtt-loss_netem-constrained-2mbit,loss_mean_pct,1,1,0,0.0,1,0.6988605490826997,0.6988605490826997,,,
cc-cubic_abr-bola_signals-rtt-loss_netem-constrained-2mbit,missing_tcp_pct,1,1,0,0.0,1,0.1669449081803005,0.1669449081803005,,,
cc-cubic_abr-bola_signals-rtt-loss_netem-constrained-2mbit,tcp_age_mean_ms,1,1,0,0.0,1,278.2339464881548,278.2339464881548,,,
cc-cubic_abr-bola_signals-rtt-loss_netem-high-rtt-loss,startup_sec,1,1,0,0.0,1,1.3699000000022352,1.3699000000022352,,,
cc-cubic_abr-bola_signals-rtt-loss_netem-high-rtt-loss,stall_sec,1,1,0,0.0,1,0.0,0.0,,,
cc-cubic_abr-bola_signals-rtt-loss_netem-high-rtt-loss,stall_count,1,1,0,0.0,1,0.0,0,,,
cc-cubic_abr-bola_signals-rtt-loss_netem-high-rtt-loss,switch_count,1,1,0,0.0,1,8.0,8,,,
cc-cubic_abr-bola_signals-rtt-loss_netem-high-rtt-loss,avg_bitrate_mbps,1,1,0,0.0,1,0.18567769127516778,0.18567769127516778,,,
cc-cubic_abr-bola_signals-rtt-loss_netem-high-rtt-loss,time_weighted_bitrate_mbps,1,1,0,0.0,1,0.18586471673871757,0.18586471673871757,,,
cc-cubic_abr-bola_signals-rtt-loss_netem-high-rtt-loss,buffer_mean_sec,1,1,0,0.0,1,13.714364392678869,13.714364392678869,,,
cc-cubic_abr-bola_signals-rtt-loss_netem-high-rtt-loss,guardrail_count,1,1,0,0.0,1,1.0,1,,,
cc-cubic_abr-bola_signals-rtt-loss_netem-high-rtt-loss,rtt_mean_ms,1,1,0,0.0,1,138.58253736356002,138.58253736356002,,,
cc-cubic_abr-bola_signals-rtt-loss_netem-high-rtt-loss,cwnd_mean_packets,1,1,0,0.0,1,17.82367758186398,17.82367758186398,,,
cc-cubic_abr-bola_signals-rtt-loss_netem-high-rtt-loss,loss_mean_pct,1,1,0,0.0,1,0.8323921782111988,0.8323921782111988,,,
cc-cubic_abr-bola_signals-rtt-loss_netem-high-rtt-loss,missing_tcp_pct,1,1,0,0.0,1,0.49916805324459235,0.49916805324459235,,,
cc-cubic_abr-bola_signals-rtt-loss_netem-high-rtt-loss,tcp_age_mean_ms,1,1,0,0.0,1,296.25434782589633,296.25434782589633,,,
cc-cubic_abr-bola_signals-rtt-loss_netem-stable-8mbit,startup_sec,1,1,0,0.0,1,0.5546999999992549,0.5546999999992549,,,
cc-cubic_abr-bola_signals-rtt-loss_netem-stable-8mbit,stall_sec,1,1,0,0.0,1,0.0,0.0,,,
cc-cubic_abr-bola_signals-rtt-loss_netem-stable-8mbit,stall_count,1,1,0,0.0,1,0.0,0,,,
cc-cubic_abr-bola_signals-rtt-loss_netem-stable-8mbit,switch_count,1,1,0,0.0,1,1.0,1,,,
cc-cubic_abr-bola_signals-rtt-loss_netem-stable-8mbit,avg_bitrate_mbps,1,1,0,0.0,1,1.4036830771812079,1.4036830771812079,,,
cc-cubic_abr-bola_signals-rtt-loss_netem-stable-8mbit,time_weighted_bitrate_mbps,1,1,0,0.0,1,1.405744,1.405744,,,
cc-cubic_abr-bola_signals-rtt-loss_netem-stable-8mbit,buffer_mean_sec,1,1,0,0.0,1,26.729404682274247,26.729404682274247,,,
cc-cubic_abr-bola_signals-rtt-loss_netem-stable-8mbit,guardrail_count,1,1,0,0.0,1,0.0,0,,,
cc-cubic_abr-bola_signals-rtt-loss_netem-stable-8mbit,rtt_mean_ms,1,1,0,0.0,1,205.63833946488293,205.63833946488293,,,
cc-cubic_abr-bola_signals-rtt-loss_netem-stable-8mbit,cwnd_mean_packets,1,1,0,0.0,1,251.5284280936455,251.5284280936455,,,
cc-cubic_abr-bola_signals-rtt-loss_netem-stable-8mbit,loss_mean_pct,1,1,0,0.0,1,0.0,0.0,,,
cc-cubic_abr-bola_signals-rtt-loss_netem-stable-8mbit,missing_tcp_pct,1,1,0,0.0,1,0.0,0.0,,,
cc-cubic_abr-bola_signals-rtt-loss_netem-stable-8mbit,tcp_age_mean_ms,1,1,0,0.0,1,249.31488294308275,249.31488294308275,,,
cc-cubic_abr-bola_signals-rtt_netem-constrained-2mbit,startup_sec,1,1,0,0.0,1,0.903800000000745,0.903800000000745,,,
cc-cubic_abr-bola_signals-rtt_netem-constrained-2mbit,stall_sec,1,1,0,0.0,1,0.0,0.0,,,
cc-cubic_abr-bola_signals-rtt_netem-constrained-2mbit,stall_count,1,1,0,0.0,1,0.0,0,,,
cc-cubic_abr-bola_signals-rtt_netem-constrained-2mbit,switch_count,1,1,0,0.0,1,42.0,42,,,
cc-cubic_abr-bola_signals-rtt_netem-constrained-2mbit,avg_bitrate_mbps,1,1,0,0.0,1,0.24544445302013423,0.24544445302013423,,,
cc-cubic_abr-bola_signals-rtt_netem-constrained-2mbit,time_weighted_bitrate_mbps,1,1,0,0.0,1,0.2459558215381653,0.2459558215381653,,,
cc-cubic_abr-bola_signals-rtt_netem-constrained-2mbit,buffer_mean_sec,1,1,0,0.0,1,9.483712854757929,9.483712854757929,,,
cc-cubic_abr-bola_signals-rtt_netem-constrained-2mbit,guardrail_count,1,1,0,0.0,1,39.0,39,,,
cc-cubic_abr-bola_signals-rtt_netem-constrained-2mbit,rtt_mean_ms,1,1,0,0.0,1,137.92310376569037,137.92310376569037,,,
cc-cubic_abr-bola_signals-rtt_netem-constrained-2mbit,cwnd_mean_packets,1,1,0,0.0,1,24.16317991631799,24.16317991631799,,,
cc-cubic_abr-bola_signals-rtt_netem-constrained-2mbit,loss_mean_pct,1,1,0,0.0,1,0.712390255410443,0.712390255410443,,,
cc-cubic_abr-bola_signals-rtt_netem-constrained-2mbit,missing_tcp_pct,1,1,0,0.0,1,0.0,0.0,,,
cc-cubic_abr-bola_signals-rtt_netem-constrained-2mbit,tcp_age_mean_ms,1,1,0,0.0,1,224.30868113513583,224.30868113513583,,,
cc-cubic_abr-bola_signals-rtt_netem-high-rtt-loss,startup_sec,1,1,0,0.0,1,1.2694000000022352,1.2694000000022352,,,
cc-cubic_abr-bola_signals-rtt_netem-high-rtt-loss,stall_sec,1,1,0,0.0,1,0.0,0.0,,,
cc-cubic_abr-bola_signals-rtt_netem-high-rtt-loss,stall_count,1,1,0,0.0,1,0.0,0,,,
cc-cubic_abr-bola_signals-rtt_netem-high-rtt-loss,switch_count,1,1,0,0.0,1,6.0,6,,,
cc-cubic_abr-bola_signals-rtt_netem-high-rtt-loss,avg_bitrate_mbps,1,1,0,0.0,1,0.18361676845637584,0.18361676845637584,,,
cc-cubic_abr-bola_signals-rtt_netem-high-rtt-loss,time_weighted_bitrate_mbps,1,1,0,0.0,1,0.18351308239393516,0.18351308239393516,,,
cc-cubic_abr-bola_signals-rtt_netem-high-rtt-loss,buffer_mean_sec,1,1,0,0.0,1,13.742420701168612,13.742420701168612,,,
cc-cubic_abr-bola_signals-rtt_netem-high-rtt-loss,guardrail_count,1,1,0,0.0,1,1.0,1,,,
cc-cubic_abr-bola_signals-rtt_netem-high-rtt-loss,rtt_mean_ms,1,1,0,0.0,1,140.096270456503,140.096270456503,,,
cc-cubic_abr-bola_signals-rtt_netem-high-rtt-loss,cwnd_mean_packets,1,1,0,0.0,1,17.35055986218777,17.35055986218777,,,
cc-cubic_abr-bola_signals-rtt_netem-high-rtt-loss,loss_mean_pct,1,1,0,0.0,1,0.7012893642111914,0.7012893642111914,,,
cc-cubic_abr-bola_signals-rtt_netem-high-rtt-loss,missing_tcp_pct,1,1,0,0.0,1,2.5041736227045077,2.5041736227045077,,,
cc-cubic_abr-bola_signals-rtt_netem-high-rtt-loss,tcp_age_mean_ms,1,1,0,0.0,1,306.9946917808194,306.9946917808194,,,
cc-cubic_abr-bola_signals-rtt_netem-stable-8mbit,startup_sec,1,1,0,0.0,1,0.47219999999925494,0.47219999999925494,,,
cc-cubic_abr-bola_signals-rtt_netem-stable-8mbit,stall_sec,1,1,0,0.0,1,0.0,0.0,,,
cc-cubic_abr-bola_signals-rtt_netem-stable-8mbit,stall_count,1,1,0,0.0,1,0.0,0,,,
cc-cubic_abr-bola_signals-rtt_netem-stable-8mbit,switch_count,1,1,0,0.0,1,1.0,1,,,
cc-cubic_abr-bola_signals-rtt_netem-stable-8mbit,avg_bitrate_mbps,1,1,0,0.0,1,1.4036830771812079,1.4036830771812079,,,
cc-cubic_abr-bola_signals-rtt_netem-stable-8mbit,time_weighted_bitrate_mbps,1,1,0,0.0,1,1.405744,1.405744,,,
cc-cubic_abr-bola_signals-rtt_netem-stable-8mbit,buffer_mean_sec,1,1,0,0.0,1,26.6718714524207,26.6718714524207,,,
cc-cubic_abr-bola_signals-rtt_netem-stable-8mbit,guardrail_count,1,1,0,0.0,1,0.0,0,,,
cc-cubic_abr-bola_signals-rtt_netem-stable-8mbit,rtt_mean_ms,1,1,0,0.0,1,204.63665020920502,204.63665020920502,,,
cc-cubic_abr-bola_signals-rtt_netem-stable-8mbit,cwnd_mean_packets,1,1,0,0.0,1,251.50460251046024,251.50460251046024,,,
cc-cubic_abr-bola_signals-rtt_netem-stable-8mbit,loss_mean_pct,1,1,0,0.0,1,0.0,0.0,,,
cc-cubic_abr-bola_signals-rtt_netem-stable-8mbit,missing_tcp_pct,1,1,0,0.0,1,0.0,0.0,,,
cc-cubic_abr-bola_signals-rtt_netem-stable-8mbit,tcp_age_mean_ms,1,1,0,0.0,1,233.36460767957524,233.36460767957524,,,
cc-cubic_abr-throughput_signals-cwnd-loss_netem-constrained-2mbit,startup_sec,1,1,0,0.0,1,0.768,0.768,,,
cc-cubic_abr-throughput_signals-cwnd-loss_netem-constrained-2mbit,stall_sec,1,1,0,0.0,1,0.0,0.0,,,
cc-cubic_abr-throughput_signals-cwnd-loss_netem-constrained-2mbit,stall_count,1,1,0,0.0,1,0.0,0,,,
cc-cubic_abr-throughput_signals-cwnd-loss_netem-constrained-2mbit,switch_count,1,1,0,0.0,1,24.0,24,,,
cc-cubic_abr-throughput_signals-cwnd-loss_netem-constrained-2mbit,avg_bitrate_mbps,1,1,0,0.0,1,1.029226864321608,1.029226864321608,,,
cc-cubic_abr-throughput_signals-cwnd-loss_netem-constrained-2mbit,time_weighted_bitrate_mbps,1,1,0,0.0,1,1.0318359799043382,1.0318359799043382,,,
cc-cubic_abr-throughput_signals-cwnd-loss_netem-constrained-2mbit,buffer_mean_sec,1,1,0,0.0,1,17.327687813021704,17.327687813021704,,,
cc-cubic_abr-throughput_signals-cwnd-loss_netem-constrained-2mbit,guardrail_count,1,1,0,0.0,1,4.0,4,,,
cc-cubic_abr-throughput_signals-cwnd-loss_netem-constrained-2mbit,rtt_mean_ms,1,1,0,0.0,1,179.21627866108787,179.21627866108787,,,
cc-cubic_abr-throughput_signals-cwnd-loss_netem-constrained-2mbit,cwnd_mean_packets,1,1,0,0.0,1,31.063598326359834,31.063598326359834,,,
cc-cubic_abr-throughput_signals-cwnd-loss_netem-constrained-2mbit,loss_mean_pct,1,1,0,0.0,1,0.9249542229515797,0.9249542229515797,,,
cc-cubic_abr-throughput_signals-cwnd-loss_netem-constrained-2mbit,missing_tcp_pct,1,1,0,0.0,1,0.0,0.0,,,
cc-cubic_abr-throughput_signals-cwnd-loss_netem-constrained-2mbit,tcp_age_mean_ms,1,1,0,0.0,1,273.8963272117937,273.8963272117937,,,
cc-cubic_abr-throughput_signals-cwnd-loss_netem-high-rtt-loss,startup_sec,1,1,0,0.0,1,1.4006999999992549,1.4006999999992549,,,
cc-cubic_abr-throughput_signals-cwnd-loss_netem-high-rtt-loss,stall_sec,1,1,0,0.0,1,0.0,0.0,,,
cc-cubic_abr-throughput_signals-cwnd-loss_netem-high-rtt-loss,stall_count,1,1,0,0.0,1,0.0,0,,,
cc-cubic_abr-throughput_signals-cwnd-loss_netem-high-rtt-loss,switch_count,1,1,0,0.0,1,4.0,4,,,
cc-cubic_abr-throughput_signals-cwnd-loss_netem-high-rtt-loss,avg_bitrate_mbps,1,1,0,0.0,1,0.1959823053691275,0.1959823053691275,,,
cc-cubic_abr-throughput_signals-cwnd-loss_netem-high-rtt-loss,time_weighted_bitrate_mbps,1,1,0,0.0,1,0.19566986946979553,0.19566986946979553,,,
cc-cubic_abr-throughput_signals-cwnd-loss_netem-high-rtt-loss,buffer_mean_sec,1,1,0,0.0,1,15.101404006677797,15.101404006677797,,,
cc-cubic_abr-throughput_signals-cwnd-loss_netem-high-rtt-loss,guardrail_count,1,1,0,0.0,1,1.0,1,,,
cc-cubic_abr-throughput_signals-cwnd-loss_netem-high-rtt-loss,rtt_mean_ms,1,1,0,0.0,1,139.03207506471094,139.03207506471094,,,
cc-cubic_abr-throughput_signals-cwnd-loss_netem-high-rtt-loss,cwnd_mean_packets,1,1,0,0.0,1,18.321829163071612,18.321829163071612,,,
cc-cubic_abr-throughput_signals-cwnd-loss_netem-high-rtt-loss,loss_mean_pct,1,1,0,0.0,1,0.7176294579067596,0.7176294579067596,,,
cc-cubic_abr-throughput_signals-cwnd-loss_netem-high-rtt-loss,missing_tcp_pct,1,1,0,0.0,1,2.671118530884808,2.671118530884808,,,
cc-cubic_abr-throughput_signals-cwnd-loss_netem-high-rtt-loss,tcp_age_mean_ms,1,1,0,0.0,1,210.5542024014898,210.5542024014898,,,
cc-cubic_abr-throughput_signals-cwnd-loss_netem-stable-8mbit,startup_sec,1,1,0,0.0,1,0.46419999999925493,0.46419999999925493,,,
cc-cubic_abr-throughput_signals-cwnd-loss_netem-stable-8mbit,stall_sec,1,1,0,0.0,1,0.0,0.0,,,
cc-cubic_abr-throughput_signals-cwnd-loss_netem-stable-8mbit,stall_count,1,1,0,0.0,1,0.0,0,,,
cc-cubic_abr-throughput_signals-cwnd-loss_netem-stable-8mbit,switch_count,1,1,0,0.0,1,1.0,1,,,
cc-cubic_abr-throughput_signals-cwnd-loss_netem-stable-8mbit,avg_bitrate_mbps,1,1,0,0.0,1,1.4036830771812079,1.4036830771812079,,,
cc-cubic_abr-throughput_signals-cwnd-loss_netem-stable-8mbit,time_weighted_bitrate_mbps,1,1,0,0.0,1,1.405744,1.405744,,,
cc-cubic_abr-throughput_signals-cwnd-loss_netem-stable-8mbit,buffer_mean_sec,1,1,0,0.0,1,26.75672408026756,26.75672408026756,,,
cc-cubic_abr-throughput_signals-cwnd-loss_netem-stable-8mbit,guardrail_count,1,1,0,0.0,1,0.0,0,,,
cc-cubic_abr-throughput_signals-cwnd-loss_netem-stable-8mbit,rtt_mean_ms,1,1,0,0.0,1,198.40582815198619,198.40582815198619,,,
cc-cubic_abr-throughput_signals-cwnd-loss_netem-stable-8mbit,cwnd_mean_packets,1,1,0,0.0,1,242.36183074265975,242.36183074265975,,,
cc-cubic_abr-throughput_signals-cwnd-loss_netem-stable-8mbit,loss_mean_pct,1,1,0,0.0,1,0.0,0.0,,,
cc-cubic_abr-throughput_signals-cwnd-loss_netem-stable-8mbit,missing_tcp_pct,1,1,0,0.0,1,2.6755852842809364,2.6755852842809364,,,
cc-cubic_abr-throughput_signals-cwnd-loss_netem-stable-8mbit,tcp_age_mean_ms,1,1,0,0.0,1,239.1835051541924,239.1835051541924,,,
cc-cubic_abr-throughput_signals-cwnd_netem-constrained-2mbit,startup_sec,1,1,0,0.0,1,0.8135,0.8135,,,
cc-cubic_abr-throughput_signals-cwnd_netem-constrained-2mbit,stall_sec,1,1,0,0.0,1,0.0,0.0,,,
cc-cubic_abr-throughput_signals-cwnd_netem-constrained-2mbit,stall_count,1,1,0,0.0,1,0.0,0,,,
cc-cubic_abr-throughput_signals-cwnd_netem-constrained-2mbit,switch_count,1,1,0,0.0,1,74.0,74,,,
cc-cubic_abr-throughput_signals-cwnd_netem-constrained-2mbit,avg_bitrate_mbps,1,1,0,0.0,1,0.3175767516778524,0.3175767516778524,,,
cc-cubic_abr-throughput_signals-cwnd_netem-constrained-2mbit,time_weighted_bitrate_mbps,1,1,0,0.0,1,0.31828051892085363,0.31828051892085363,,,
cc-cubic_abr-throughput_signals-cwnd_netem-constrained-2mbit,buffer_mean_sec,1,1,0,0.0,1,8.341085284280936,8.341085284280936,,,
cc-cubic_abr-throughput_signals-cwnd_netem-constrained-2mbit,guardrail_count,1,1,0,0.0,1,22.0,22,,,
cc-cubic_abr-throughput_signals-cwnd_netem-constrained-2mbit,rtt_mean_ms,1,1,0,0.0,1,153.27180334728033,153.27180334728033,,,
cc-cubic_abr-throughput_signals-cwnd_netem-constrained-2mbit,cwnd_mean_packets,1,1,0,0.0,1,27.507112970711297,27.507112970711297,,,
cc-cubic_abr-throughput_signals-cwnd_netem-constrained-2mbit,loss_mean_pct,1,1,0,0.0,1,0.9959682510538397,0.9959682510538397,,,
cc-cubic_abr-throughput_signals-cwnd_netem-constrained-2mbit,missing_tcp_pct,1,1,0,0.0,1,0.0,0.0,,,
cc-cubic_abr-throughput_signals-cwnd_netem-constrained-2mbit,tcp_age_mean_ms,1,1,0,0.0,1,282.07508361203764,282.07508361203764,,,
cc-cubic_abr-throughput_signals-cwnd_netem-high-rtt-loss,startup_sec,1,1,0,0.0,1,1.2708999999985098,1.2708999999985098,,,
cc-cubic_abr-throughput_signals-cwnd_netem-high-rtt-loss,stall_sec,1,1,0,0.0,1,0.0,0.0,,,
cc-cubic_abr-throughput_signals-cwnd_netem-high-rtt-loss,stall_count,1,1,0,0.0,1,0.0,0,,,
cc-cubic_abr-throughput_signals-cwnd_netem-high-rtt-loss,switch_count,1,1,0,0.0,1,4.0,4,,,
cc-cubic_abr-throughput_signals-cwnd_netem-high-rtt-loss,avg_bitrate_mbps,1,1,0,0.0,1,0.1815558456375839,0.1815558456375839,,,
cc-cubic_abr-throughput_signals-cwnd_netem-high-rtt-loss,time_weighted_bitrate_mbps,1,1,0,0.0,1,0.1815551838971495,0.1815551838971495,,,
cc-cubic_abr-throughput_signals-cwnd_netem-high-rtt-loss,buffer_mean_sec,1,1,0,0.0,1,15.129367278797996,15.129367278797996,,,
cc-cubic_abr-throughput_signals-cwnd_netem-high-rtt-loss,guardrail_count,1,1,0,0.0,1,1.0,1,,,
cc-cubic_abr-throughput_signals-cwnd_netem-high-rtt-loss,rtt_mean_ms,1,1,0,0.0,1,137.87038519764508,137.87038519764508,,,
cc-cubic_abr-throughput_signals-cwnd_netem-high-rtt-loss,cwnd_mean_packets,1,1,0,0.0,1,15.574432296047098,15.574432296047098,,,
cc-cubic_abr-throughput_signals-cwnd_netem-high-rtt-loss,loss_mean_pct,1,1,0,0.0,1,0.7743434506193716,0.7743434506193716,,,
cc-cubic_abr-throughput_signals-cwnd_netem-high-rtt-loss,missing_tcp_pct,1,1,0,0.0,1,0.333889816360601,0.333889816360601,,,
cc-cubic_abr-throughput_signals-cwnd_netem-high-rtt-loss,tcp_age_mean_ms,1,1,0,0.0,1,226.2978224458432,226.2978224458432,,,
cc-cubic_abr-throughput_signals-cwnd_netem-stable-8mbit,startup_sec,1,1,0,0.0,1,0.4576999999992549,0.4576999999992549,,,
cc-cubic_abr-throughput_signals-cwnd_netem-stable-8mbit,stall_sec,1,1,0,0.0,1,0.0,0.0,,,
cc-cubic_abr-throughput_signals-cwnd_netem-stable-8mbit,stall_count,1,1,0,0.0,1,0.0,0,,,
cc-cubic_abr-throughput_signals-cwnd_netem-stable-8mbit,switch_count,1,1,0,0.0,1,1.0,1,,,
cc-cubic_abr-throughput_signals-cwnd_netem-stable-8mbit,avg_bitrate_mbps,1,1,0,0.0,1,1.4036830771812079,1.4036830771812079,,,
cc-cubic_abr-throughput_signals-cwnd_netem-stable-8mbit,time_weighted_bitrate_mbps,1,1,0,0.0,1,1.405744,1.405744,,,
cc-cubic_abr-throughput_signals-cwnd_netem-stable-8mbit,buffer_mean_sec,1,1,0,0.0,1,26.769647157190636,26.769647157190636,,,
cc-cubic_abr-throughput_signals-cwnd_netem-stable-8mbit,guardrail_count,1,1,0,0.0,1,0.0,0,,,
cc-cubic_abr-throughput_signals-cwnd_netem-stable-8mbit,rtt_mean_ms,1,1,0,0.0,1,203.37673333333333,203.37673333333333,,,
cc-cubic_abr-throughput_signals-cwnd_netem-stable-8mbit,cwnd_mean_packets,1,1,0,0.0,1,245.47435897435898,245.47435897435898,,,
cc-cubic_abr-throughput_signals-cwnd_netem-stable-8mbit,loss_mean_pct,1,1,0,0.0,1,0.0,0.0,,,
cc-cubic_abr-throughput_signals-cwnd_netem-stable-8mbit,missing_tcp_pct,1,1,0,0.0,1,1.6722408026755853,1.6722408026755853,,,
cc-cubic_abr-throughput_signals-cwnd_netem-stable-8mbit,tcp_age_mean_ms,1,1,0,0.0,1,234.19353741513197,234.19353741513197,,,
cc-cubic_abr-throughput_signals-loss_netem-constrained-2mbit,startup_sec,1,1,0,0.0,1,0.9974000000003725,0.9974000000003725,,,
cc-cubic_abr-throughput_signals-loss_netem-constrained-2mbit,stall_sec,1,1,0,0.0,1,0.0,0.0,,,
cc-cubic_abr-throughput_signals-loss_netem-constrained-2mbit,stall_count,1,1,0,0.0,1,0.0,0,,,
cc-cubic_abr-throughput_signals-loss_netem-constrained-2mbit,switch_count,1,1,0,0.0,1,62.0,62,,,
cc-cubic_abr-throughput_signals-loss_netem-constrained-2mbit,avg_bitrate_mbps,1,1,0,0.0,1,0.597862255033557,0.597862255033557,,,
cc-cubic_abr-throughput_signals-loss_netem-constrained-2mbit,time_weighted_bitrate_mbps,1,1,0,0.0,1,0.5972670912983559,0.5972670912983559,,,
cc-cubic_abr-throughput_signals-loss_netem-constrained-2mbit,buffer_mean_sec,1,1,0,0.0,1,8.5806872909699,8.5806872909699,,,
cc-cubic_abr-throughput_signals-loss_netem-constrained-2mbit,guardrail_count,1,1,0,0.0,1,0.0,0,,,
cc-cubic_abr-throughput_signals-loss_netem-constrained-2mbit,rtt_mean_ms,1,1,0,0.0,1,163.4755407220823,163.4755407220823,,,
cc-cubic_abr-throughput_signals-loss_netem-constrained-2mbit,cwnd_mean_packets,1,1,0,0.0,1,27.53820319059614,27.53820319059614,,,
cc-cubic_abr-throughput_signals-loss_netem-constrained-2mbit,loss_mean_pct,1,1,0,0.0,1,0.7033333757787075,0.7033333757787075,,,
cc-cubic_abr-throughput_signals-loss_netem-constrained-2mbit,missing_tcp_pct,1,1,0,0.0,1,0.0,0.0,,,
cc-cubic_abr-throughput_signals-loss_netem-constrained-2mbit,tcp_age_mean_ms,1,1,0,0.0,1,266.1774247490854,266.1774247490854,,,
cc-cubic_abr-throughput_signals-loss_netem-high-rtt-loss,startup_sec,1,1,0,0.0,1,1.333,1.333,,,
cc-cubic_abr-throughput_signals-loss_netem-high-rtt-loss,stall_sec,1,1,0,0.0,1,0.0,0.0,,,
cc-cubic_abr-throughput_signals-loss_netem-high-rtt-loss,stall_count,1,1,0,0.0,1,0.0,0,,,
cc-cubic_abr-throughput_signals-loss_netem-high-rtt-loss,switch_count,1,1,0,0.0,1,2.0,2,,,
cc-cubic_abr-throughput_signals-loss_netem-high-rtt-loss,avg_bitrate_mbps,1,1,0,0.0,1,0.177434,0.177434,,,
cc-cubic_abr-throughput_signals-loss_netem-high-rtt-loss,time_weighted_bitrate_mbps,1,1,0,0.0,1,0.1774340000000001,0.1774340000000001,,,
cc-cubic_abr-throughput_signals-loss_netem-high-rtt-loss,buffer_mean_sec,1,1,0,0.0,1,14.937025041736227,14.937025041736227,,,
cc-cubic_abr-throughput_signals-loss_netem-high-rtt-loss,guardrail_count,1,1,0,0.0,1,0.0,0,,,
cc-cubic_abr-throughput_signals-loss_netem-high-rtt-loss,rtt_mean_ms,1,1,0,0.0,1,138.78947858942067,138.78947858942067,,,
cc-cubic_abr-throughput_signals-loss_netem-high-rtt-loss,cwnd_mean_packets,1,1,0,0.0,1,18.055415617128464,18.055415617128464,,,
cc-cubic_abr-throughput_signals-loss_netem-high-rtt-loss,loss_mean_pct,1,1,0,0.0,1,0.5178324790030681,0.5178324790030681,,,
cc-cubic_abr-throughput_signals-loss_netem-high-rtt-loss,missing_tcp_pct,1,1,0,0.0,1,0.333889816360601,0.333889816360601,,,
cc-cubic_abr-throughput_signals-loss_netem-high-rtt-loss,tcp_age_mean_ms,1,1,0,0.0,1,275.5599664991887,275.5599664991887,,,
cc-cubic_abr-throughput_signals-loss_netem-stable-8mbit,startup_sec,1,1,0,0.0,1,0.4518999999985099,0.4518999999985099,,,
cc-cubic_abr-throughput_signals-loss_netem-stable-8mbit,stall_sec,1,1,0,0.0,1,0.0,0.0,,,
cc-cubic_abr-throughput_signals-loss_netem-stable-8mbit,stall_count,1,1,0,0.0,1,0.0,0,,,
cc-cubic_abr-throughput_signals-loss_netem-stable-8mbit,switch_count,1,1,0,0.0,1,1.0,1,,,
cc-cubic_abr-throughput_signals-loss_netem-stable-8mbit,avg_bitrate_mbps,1,1,0,0.0,1,1.4036830771812079,1.4036830771812079,,,
cc-cubic_abr-throughput_signals-loss_netem-stable-8mbit,time_weighted_bitrate_mbps,1,1,0,0.0,1,1.4057439999999997,1.4057439999999997,,,
cc-cubic_abr-throughput_signals-loss_netem-stable-8mbit,buffer_mean_sec,1,1,0,0.0,1,26.675352842809367,26.675352842809367,,,
cc-cubic_abr-throughput_signals-loss_netem-stable-8mbit,guardrail_count,1,1,0,0.0,1,0.0,0,,,
cc-cubic_abr-throughput_signals-loss_netem-stable-8mbit,rtt_mean_ms,1,1,0,0.0,1,192.83506801007556,192.83506801007556,,,
cc-cubic_abr-throughput_signals-loss_netem-stable-8mbit,cwnd_mean_packets,1,1,0,0.0,1,227.43744752308984,227.43744752308984,,,
cc-cubic_abr-throughput_signals-loss_netem-stable-8mbit,loss_mean_pct,1,1,0,0.0,1,0.0,0.0,,,
cc-cubic_abr-throughput_signals-loss_netem-stable-8mbit,missing_tcp_pct,1,1,0,0.0,1,0.16722408026755853,0.16722408026755853,,,
cc-cubic_abr-throughput_signals-loss_netem-stable-8mbit,tcp_age_mean_ms,1,1,0,0.0,1,252.08710217783525,252.08710217783525,,,
cc-cubic_abr-throughput_signals-none_netem-constrained-2mbit,startup_sec,1,1,0,0.0,1,0.8751000000014901,0.8751000000014901,,,
cc-cubic_abr-throughput_signals-none_netem-constrained-2mbit,stall_sec,1,1,0,0.0,1,0.0,0.0,,,
cc-cubic_abr-throughput_signals-none_netem-constrained-2mbit,stall_count,1,1,0,0.0,1,0.0,0,,,
cc-cubic_abr-throughput_signals-none_netem-constrained-2mbit,switch_count,1,1,0,0.0,1,33.0,33,,,
cc-cubic_abr-throughput_signals-none_netem-constrained-2mbit,avg_bitrate_mbps,1,1,0,0.0,1,1.2305655604026846,1.2305655604026846,,,
cc-cubic_abr-throughput_signals-none_netem-constrained-2mbit,time_weighted_bitrate_mbps,1,1,0,0.0,1,1.2306620799948795,1.2306620799948795,,,
cc-cubic_abr-throughput_signals-none_netem-constrained-2mbit,buffer_mean_sec,1,1,0,0.0,1,18.746624373956596,18.746624373956596,,,
cc-cubic_abr-throughput_signals-none_netem-constrained-2mbit,guardrail_count,1,1,0,0.0,1,0.0,0,,,
cc-cubic_abr-throughput_signals-none_netem-constrained-2mbit,rtt_mean_ms,1,1,0,0.0,1,168.37462130177514,168.37462130177514,,,
cc-cubic_abr-throughput_signals-none_netem-constrained-2mbit,cwnd_mean_packets,1,1,0,0.0,1,28.417582417582416,28.417582417582416,,,
cc-cubic_abr-throughput_signals-none_netem-constrained-2mbit,loss_mean_pct,1,1,0,0.0,1,0.7349554684052463,0.7349554684052463,,,
cc-cubic_abr-throughput_signals-none_netem-constrained-2mbit,missing_tcp_pct,1,1,0,0.0,1,0.667779632721202,0.667779632721202,,,
cc-cubic_abr-throughput_signals-none_netem-constrained-2mbit,tcp_age_mean_ms,1,1,0,0.0,1,258.4240336134967,258.4240336134967,,,
cc-cubic_abr-throughput_signals-none_netem-high-rtt-loss,startup_sec,1,1,0,0.0,1,1.2656999999992549,1.2656999999992549,,,
cc-cubic_abr-throughput_signals-none_netem-high-rtt-loss,stall_sec,1,1,0,0.0,1,0.0,0.0,,,
cc-cubic_abr-throughput_signals-none_netem-high-rtt-loss,stall_count,1,1,0,0.0,1,0.0,0,,,
cc-cubic_abr-throughput_signals-none_netem-high-rtt-loss,switch_count,1,1,0,0.0,1,8.0,8,,,
cc-cubic_abr-throughput_signals-none_netem-high-rtt-loss,avg_bitrate_mbps,1,1,0,0.0,1,0.1959823053691275,0.1959823053691275,,,
cc-cubic_abr-throughput_signals-none_netem-high-rtt-loss,time_weighted_bitrate_mbps,1,1,0,0.0,1,0.19640305573650185,0.19640305573650185,,,
cc-cubic_abr-throughput_signals-none_netem-high-rtt-loss,buffer_mean_sec,1,1,0,0.0,1,15.148226666666666,15.148226666666666,,,
cc-cubic_abr-throughput_signals-none_netem-high-rtt-loss,guardrail_count,1,1,0,0.0,1,0.0,0,,,
cc-cubic_abr-throughput_signals-none_netem-high-rtt-loss,rtt_mean_ms,1,1,0,0.0,1,137.78026858108106,137.78026858108106,,,
cc-cubic_abr-throughput_signals-none_netem-high-rtt-loss,cwnd_mean_packets,1,1,0,0.0,1,15.70016891891892,15.70016891891892,,,
cc-cubic_abr-throughput_signals-none_netem-high-rtt-loss,loss_mean_pct,1,1,0,0.0,1,0.8242059705328092,0.8242059705328092,,,
cc-cubic_abr-throughput_signals-none_netem-high-rtt-loss,missing_tcp_pct,1,1,0,0.0,1,0.3333333333333333,0.3333333333333333,,,
cc-cubic_abr-throughput_signals-none_netem-high-rtt-loss,tcp_age_mean_ms,1,1,0,0.0,1,315.9622073574459,315.9622073574459,,,
cc-cubic_abr-throughput_signals-none_netem-stable-8mbit,startup_sec,1,1,0,0.0,1,0.6003999999985099,0.6003999999985099,,,
cc-cubic_abr-throughput_signals-none_netem-stable-8mbit,stall_sec,1,1,0,0.0,1,0.0,0.0,,,
cc-cubic_abr-throughput_signals-none_netem-stable-8mbit,stall_count,1,1,0,0.0,1,0.0,0,,,
cc-cubic_abr-throughput_signals-none_netem-stable-8mbit,switch_count,1,1,0,0.0,1,1.0,1,,,
cc-cubic_abr-throughput_signals-none_netem-stable-8mbit,avg_bitrate_mbps,1,1,0,0.0,1,1.4036830771812079,1.4036830771812079,,,
cc-cubic_abr-throughput_signals-none_netem-stable-8mbit,time_weighted_bitrate_mbps,1,1,0,0.0,1,1.405744,1.405744,,,
cc-cubic_abr-throughput_signals-none_netem-stable-8mbit,buffer_mean_sec,1,1,0,0.0,1,26.72165050167224,26.72165050167224,,,
cc-cubic_abr-throughput_signals-none_netem-stable-8mbit,guardrail_count,1,1,0,0.0,1,0.0,0,,,
cc-cubic_abr-throughput_signals-none_netem-stable-8mbit,rtt_mean_ms,1,1,0,0.0,1,199.14566077441077,199.14566077441077,,,
cc-cubic_abr-throughput_signals-none_netem-stable-8mbit,cwnd_mean_packets,1,1,0,0.0,1,243.58164983164983,243.58164983164983,,,
cc-cubic_abr-throughput_signals-none_netem-stable-8mbit,loss_mean_pct,1,1,0,0.0,1,0.0,0.0,,,
cc-cubic_abr-throughput_signals-none_netem-stable-8mbit,missing_tcp_pct,1,1,0,0.0,1,0.0,0.0,,,
cc-cubic_abr-throughput_signals-none_netem-stable-8mbit,tcp_age_mean_ms,1,1,0,0.0,1,275.35886287639374,275.35886287639374,,,
cc-cubic_abr-throughput_signals-rtt-cwnd-loss_netem-constrained-2mbit,startup_sec,1,1,0,0.0,1,0.960199999999255,0.960199999999255,,,
cc-cubic_abr-throughput_signals-rtt-cwnd-loss_netem-constrained-2mbit,stall_sec,1,1,0,0.0,1,0.0,0.0,,,
cc-cubic_abr-throughput_signals-rtt-cwnd-loss_netem-constrained-2mbit,stall_count,1,1,0,0.0,1,0.0,0,,,
cc-cubic_abr-throughput_signals-rtt-cwnd-loss_netem-constrained-2mbit,switch_count,1,1,0,0.0,1,58.0,58,,,
cc-cubic_abr-throughput_signals-rtt-cwnd-loss_netem-constrained-2mbit,avg_bitrate_mbps,1,1,0,0.0,1,0.28666290939597316,0.28666290939597316,,,
cc-cubic_abr-throughput_signals-rtt-cwnd-loss_netem-constrained-2mbit,time_weighted_bitrate_mbps,1,1,0,0.0,1,0.2881113602861329,0.2881113602861329,,,
cc-cubic_abr-throughput_signals-rtt-cwnd-loss_netem-constrained-2mbit,buffer_mean_sec,1,1,0,0.0,1,9.115794657762939,9.115794657762939,,,
cc-cubic_abr-throughput_signals-rtt-cwnd-loss_netem-constrained-2mbit,guardrail_count,1,1,0,0.0,1,41.0,41,,,
cc-cubic_abr-throughput_signals-rtt-cwnd-loss_netem-constrained-2mbit,rtt_mean_ms,1,1,0,0.0,1,134.0346920502092,134.0346920502092,,,
cc-cubic_abr-throughput_signals-rtt-cwnd-loss_netem-constrained-2mbit,cwnd_mean_packets,1,1,0,0.0,1,23.09121338912134,23.09121338912134,,,
cc-cubic_abr-throughput_signals-rtt-cwnd-loss_netem-constrained-2mbit,loss_mean_pct,1,1,0,0.0,1,0.9135041598099185,0.9135041598099185,,,
cc-cubic_abr-throughput_signals-rtt-cwnd-loss_netem-constrained-2mbit,missing_tcp_pct,1,1,0,0.0,1,0.0,0.0,,,
cc-cubic_abr-throughput_signals-rtt-cwnd-loss_netem-constrained-2mbit,tcp_age_mean_ms,1,1,0,0.0,1,276.64407345576086,276.64407345576086,,,
cc-cubic_abr-throughput_signals-rtt-cwnd-loss_netem-high-rtt-loss,startup_sec,1,1,0,0.0,1,1.2,1.2,,,
cc-cubic_abr-throughput_signals-rtt-cwnd-loss_netem-high-rtt-loss,stall_sec,1,1,0,0.0,1,0.0,0.0,,,
cc-cubic_abr-throughput_signals-rtt-cwnd-loss_netem-high-rtt-loss,stall_count,1,1,0,0.0,1,0.0,0,,,
cc-cubic_abr-throughput_signals-rtt-cwnd-loss_netem-high-rtt-loss,switch_count,1,1,0,0.0,1,6.0,6,,,
cc-cubic_abr-throughput_signals-rtt-cwnd-loss_netem-high-rtt-loss,avg_bitrate_mbps,1,1,0,0.0,1,0.19804322818791945,0.19804322818791945,,,
cc-cubic_abr-throughput_signals-rtt-cwnd-loss_netem-high-rtt-loss,time_weighted_bitrate_mbps,1,1,0,0.0,1,0.1983770291606602,0.1983770291606602,,,
cc-cubic_abr-throughput_signals-rtt-cwnd-loss_netem-high-rtt-loss,buffer_mean_sec,1,1,0,0.0,1,15.15522408026756,15.15522408026756,,,
cc-cubic_abr-throughput_signals-rtt-cwnd-loss_netem-high-rtt-loss,guardrail_count,1,1,0,0.0,1,1.0,1,,,
cc-cubic_abr-throughput_signals-rtt-cwnd-loss_netem-high-rtt-loss,rtt_mean_ms,1,1,0,0.0,1,138.30509067357514,138.30509067357514,,,
cc-cubic_abr-throughput_signals-rtt-cwnd-loss_netem-high-rtt-loss,cwnd_mean_packets,1,1,0,0.0,1,16.877374784110536,16.877374784110536,,,
cc-cubic_abr-throughput_signals-rtt-cwnd-loss_netem-high-rtt-loss,loss_mean_pct,1,1,0,0.0,1,0.9162076440994,0.9162076440994,,,
cc-cubic_abr-throughput_signals-rtt-cwnd-loss_netem-high-rtt-loss,missing_tcp_pct,1,1,0,0.0,1,2.6755852842809364,2.6755852842809364,,,
cc-cubic_abr-throughput_signals-rtt-cwnd-loss_netem-high-rtt-loss,tcp_age_mean_ms,1,1,0,0.0,1,285.29295532652446,285.29295532652446,,,
cc-cubic_abr-throughput_signals-rtt-cwnd-loss_netem-stable-8mbit,startup_sec,1,1,0,0.0,1,0.47419999999925494,0.47419999999925494,,,
cc-cubic_abr-throughput_signals-rtt-cwnd-loss_netem-stable-8mbit,stall_sec,1,1,0,0.0,1,0.0,0.0,,,
cc-cubic_abr-throughput_signals-rtt-cwnd-loss_netem-stable-8mbit,stall_count,1,1,0,0.0,1,0.0,0,,,
cc-cubic_abr-throughput_signals-rtt-cwnd-loss_netem-stable-8mbit,switch_count,1,1,0,0.0,1,1.0,1,,,
cc-cubic_abr-throughput_signals-rtt-cwnd-loss_netem-stable-8mbit,avg_bitrate_mbps,1,1,0,0.0,1,1.4036830771812079,1.4036830771812079,,,
cc-cubic_abr-throughput_signals-rtt-cwnd-loss_netem-stable-8mbit,time_weighted_bitrate_mbps,1,1,0,0.0,1,1.405744,1.405744,,,
cc-cubic_abr-throughput_signals-rtt-cwnd-loss_netem-stable-8mbit,buffer_mean_sec,1,1,0,0.0,1,26.718140468227425,26.718140468227425,,,
cc-cubic_abr-throughput_signals-rtt-cwnd-loss_netem-stable-8mbit,guardrail_count,1,1,0,0.0,1,0.0,0,,,
cc-cubic_abr-throughput_signals-rtt-cwnd-loss_netem-stable-8mbit,rtt_mean_ms,1,1,0,0.0,1,203.38392719665273,203.38392719665273,,,
cc-cubic_abr-throughput_signals-rtt-cwnd-loss_netem-stable-8mbit,cwnd_mean_packets,1,1,0,0.0,1,249.08702928870292,249.08702928870292,,,
cc-cubic_abr-throughput_signals-rtt-cwnd-loss_netem-stable-8mbit,loss_mean_pct,1,1,0,0.0,1,0.0,0.0,,,
cc-cubic_abr-throughput_signals-rtt-cwnd-loss_netem-stable-8mbit,missing_tcp_pct,1,1,0,0.0,1,0.0,0.0,,,
cc-cubic_abr-throughput_signals-rtt-cwnd-loss_netem-stable-8mbit,tcp_age_mean_ms,1,1,0,0.0,1,249.9026755853229,249.9026755853229,,,
cc-cubic_abr-throughput_signals-rtt-cwnd_netem-constrained-2mbit,startup_sec,1,1,0,0.0,1,0.785699999999255,0.785699999999255,,,
cc-cubic_abr-throughput_signals-rtt-cwnd_netem-constrained-2mbit,stall_sec,1,1,0,0.0,1,0.0,0.0,,,
cc-cubic_abr-throughput_signals-rtt-cwnd_netem-constrained-2mbit,stall_count,1,1,0,0.0,1,0.0,0,,,
cc-cubic_abr-throughput_signals-rtt-cwnd_netem-constrained-2mbit,switch_count,1,1,0,0.0,1,52.0,52,,,
cc-cubic_abr-throughput_signals-rtt-cwnd_netem-constrained-2mbit,avg_bitrate_mbps,1,1,0,0.0,1,0.24738800335008373,0.24738800335008373,,,
cc-cubic_abr-throughput_signals-rtt-cwnd_netem-constrained-2mbit,time_weighted_bitrate_mbps,1,1,0,0.0,1,0.24715259079854393,0.24715259079854393,,,
cc-cubic_abr-throughput_signals-rtt-cwnd_netem-constrained-2mbit,buffer_mean_sec,1,1,0,0.0,1,9.177784280936454,9.177784280936454,,,
cc-cubic_abr-throughput_signals-rtt-cwnd_netem-constrained-2mbit,guardrail_count,1,1,0,0.0,1,41.0,41,,,
cc-cubic_abr-throughput_signals-rtt-cwnd_netem-constrained-2mbit,rtt_mean_ms,1,1,0,0.0,1,137.46345234113713,137.46345234113713,,,
cc-cubic_abr-throughput_signals-rtt-cwnd_netem-constrained-2mbit,cwnd_mean_packets,1,1,0,0.0,1,24.464046822742475,24.464046822742475,,,
cc-cubic_abr-throughput_signals-rtt-cwnd_netem-constrained-2mbit,loss_mean_pct,1,1,0,0.0,1,0.6710997448031764,0.6710997448031764,,,
cc-cubic_abr-throughput_signals-rtt-cwnd_netem-constrained-2mbit,missing_tcp_pct,1,1,0,0.0,1,0.0,0.0,,,
cc-cubic_abr-throughput_signals-rtt-cwnd_netem-constrained-2mbit,tcp_age_mean_ms,1,1,0,0.0,1,282.96036789289684,282.96036789289684,,,
cc-cubic_abr-throughput_signals-rtt-cwnd_netem-high-rtt-loss,startup_sec,1,1,0,0.0,1,1.3035999999996275,1.3035999999996275,,,
cc-cubic_abr-throughput_signals-rtt-cwnd_netem-high-rtt-loss,stall_sec,1,1,0,0.0,1,0.0,0.0,,,
cc-cubic_abr-throughput_signals-rtt-cwnd_netem-high-rtt-loss,stall_count,1,1,0,0.0,1,0.0,0,,,
cc-cubic_abr-throughput_signals-rtt-cwnd_netem-high-rtt-loss,switch_count,1,1,0,0.0,1,8.0,8,,,
cc-cubic_abr-throughput_signals-rtt-cwnd_netem-high-rtt-loss,avg_bitrate_mbps,1,1,0,0.0,1,0.18567769127516778,0.18567769127516778,,,
cc-cubic_abr-throughput_signals-rtt-cwnd_netem-high-rtt-loss,time_weighted_bitrate_mbps,1,1,0,0.0,1,0.1860725684355279,0.1860725684355279,,,
cc-cubic_abr-throughput_signals-rtt-cwnd_netem-high-rtt-loss,buffer_mean_sec,1,1,0,0.0,1,15.242647746243739,15.242647746243739,,,
cc-cubic_abr-throughput_signals-rtt-cwnd_netem-high-rtt-loss,guardrail_count,1,1,0,0.0,1,1.0,1,,,
cc-cubic_abr-throughput_signals-rtt-cwnd_netem-high-rtt-loss,rtt_mean_ms,1,1,0,0.0,1,138.71505263157894,138.71505263157894,,,
cc-cubic_abr-throughput_signals-rtt-cwnd_netem-high-rtt-loss,cwnd_mean_packets,1,1,0,0.0,1,16.50125313283208,16.50125313283208,,,
cc-cubic_abr-throughput_signals-rtt-cwnd_netem-high-rtt-loss,loss_mean_pct,1,1,0,0.0,1,0.7630925089151642,0.7630925089151642,,,
cc-cubic_abr-throughput_signals-rtt-cwnd_netem-high-rtt-loss,missing_tcp_pct,1,1,0,0.0,1,0.0,0.0,,,
cc-cubic_abr-throughput_signals-rtt-cwnd_netem-high-rtt-loss,tcp_age_mean_ms,1,1,0,0.0,1,267.4861435726633,267.4861435726633,,,
cc-cubic_abr-throughput_signals-rtt-cwnd_netem-stable-8mbit,startup_sec,1,1,0,0.0,1,0.4748999999985099,0.4748999999985099,,,
cc-cubic_abr-throughput_signals-rtt-cwnd_netem-stable-8mbit,stall_sec,1,1,0,0.0,1,0.0,0.0,,,
cc-cubic_abr-throughput_signals-rtt-cwnd_netem-stable-8mbit,stall_count,1,1,0,0.0,1,0.0,0,,,
cc-cubic_abr-throughput_signals-rtt-cwnd_netem-stable-8mbit,switch_count,1,1,0,0.0,1,1.0,1,,,
cc-cubic_abr-throughput_signals-rtt-cwnd_netem-stable-8mbit,avg_bitrate_mbps,1,1,0,0.0,1,1.4036830771812079,1.4036830771812079,,,
cc-cubic_abr-throughput_signals-rtt-cwnd_netem-stable-8mbit,time_weighted_bitrate_mbps,1,1,0,0.0,1,1.405744,1.405744,,,
cc-cubic_abr-throughput_signals-rtt-cwnd_netem-stable-8mbit,buffer_mean_sec,1,1,0,0.0,1,26.71556093489149,26.71556093489149,,,
cc-cubic_abr-throughput_signals-rtt-cwnd_netem-stable-8mbit,guardrail_count,1,1,0,0.0,1,0.0,0,,,
cc-cubic_abr-throughput_signals-rtt-cwnd_netem-stable-8mbit,rtt_mean_ms,1,1,0,0.0,1,201.00956124161073,201.00956124161073,,,
cc-cubic_abr-throughput_signals-rtt-cwnd_netem-stable-8mbit,cwnd_mean_packets,1,1,0,0.0,1,247.92869127516778,247.92869127516778,,,
cc-cubic_abr-throughput_signals-rtt-cwnd_netem-stable-8mbit,loss_mean_pct,1,1,0,0.0,1,0.0,0.0,,,
cc-cubic_abr-throughput_signals-rtt-cwnd_netem-stable-8mbit,missing_tcp_pct,1,1,0,0.0,1,0.1669449081803005,0.1669449081803005,,,
cc-cubic_abr-throughput_signals-rtt-cwnd_netem-stable-8mbit,tcp_age_mean_ms,1,1,0,0.0,1,235.98210702339392,235.98210702339392,,,
cc-cubic_abr-throughput_signals-rtt-loss_netem-constrained-2mbit,startup_sec,1,1,0,0.0,1,0.811199999999255,0.811199999999255,,,
cc-cubic_abr-throughput_signals-rtt-loss_netem-constrained-2mbit,stall_sec,1,1,0,0.0,1,0.0,0.0,,,
cc-cubic_abr-throughput_signals-rtt-loss_netem-constrained-2mbit,stall_count,1,1,0,0.0,1,0.0,0,,,
cc-cubic_abr-throughput_signals-rtt-loss_netem-constrained-2mbit,switch_count,1,1,0,0.0,1,58.0,58,,,
cc-cubic_abr-throughput_signals-rtt-loss_netem-constrained-2mbit,avg_bitrate_mbps,1,1,0,0.0,1,0.26179029815745397,0.26179029815745397,,,
cc-cubic_abr-throughput_signals-rtt-loss_netem-constrained-2mbit,time_weighted_bitrate_mbps,1,1,0,0.0,1,0.2627970621348494,0.2627970621348494,,,
cc-cubic_abr-throughput_signals-rtt-loss_netem-constrained-2mbit,buffer_mean_sec,1,1,0,0.0,1,8.952175292153589,8.952175292153589,,,
cc-cubic_abr-throughput_signals-rtt-loss_netem-constrained-2mbit,guardrail_count,1,1,0,0.0,1,41.0,41,,,
cc-cubic_abr-throughput_signals-rtt-loss_netem-constrained-2mbit,rtt_mean_ms,1,1,0,0.0,1,137.03165818490248,137.03165818490248,,,
cc-cubic_abr-throughput_signals-rtt-loss_netem-constrained-2mbit,cwnd_mean_packets,1,1,0,0.0,1,24.195080576759967,24.195080576759967,,,
cc-cubic_abr-throughput_signals-rtt-loss_netem-constrained-2mbit,loss_mean_pct,1,1,0,0.0,1,0.8470943823591596,0.8470943823591596,,,
cc-cubic_abr-throughput_signals-rtt-loss_netem-constrained-2mbit,missing_tcp_pct,1,1,0,0.0,1,1.1686143572621035,1.1686143572621035,,,
cc-cubic_abr-throughput_signals-rtt-loss_netem-constrained-2mbit,tcp_age_mean_ms,1,1,0,0.0,1,287.7314189188686,287.7314189188686,,,
cc-cubic_abr-throughput_signals-rtt-loss_netem-high-rtt-loss,startup_sec,1,1,0,0.0,1,1.253199999999255,1.253199999999255,,,
cc-cubic_abr-throughput_signals-rtt-loss_netem-high-rtt-loss,stall_sec,1,1,0,0.0,1,0.0,0.0,,,
cc-cubic_abr-throughput_signals-rtt-loss_netem-high-rtt-loss,stall_count,1,1,0,0.0,1,0.0,0,,,
cc-cubic_abr-throughput_signals-rtt-loss_netem-high-rtt-loss,switch_count,1,1,0,0.0,1,6.0,6,,,
cc-cubic_abr-throughput_signals-rtt-loss_netem-high-rtt-loss,avg_bitrate_mbps,1,1,0,0.0,1,0.20216507382550336,0.20216507382550336,,,
cc-cubic_abr-throughput_signals-rtt-loss_netem-high-rtt-loss,time_weighted_bitrate_mbps,1,1,0,0.0,1,0.20225802560973885,0.20225802560973885,,,
cc-cubic_abr-throughput_signals-rtt-loss_netem-high-rtt-loss,buffer_mean_sec,1,1,0,0.0,1,14.887423333333333,14.887423333333333,,,
cc-cubic_abr-throughput_signals-rtt-loss_netem-high-rtt-loss,guardrail_count,1,1,0,0.0,1,0.0,0,,,
cc-cubic_abr-throughput_signals-rtt-loss_netem-high-rtt-loss,rtt_mean_ms,1,1,0,0.0,1,139.8848104465038,139.8848104465038,,,
cc-cubic_abr-throughput_signals-rtt-loss_netem-high-rtt-loss,cwnd_mean_packets,1,1,0,0.0,1,18.532434709351307,18.532434709351307,,,
cc-cubic_abr-throughput_signals-rtt-loss_netem-high-rtt-loss,loss_mean_pct,1,1,0,0.0,1,1.1619663524724455,1.1619663524724455,,,
cc-cubic_abr-throughput_signals-rtt-loss_netem-high-rtt-loss,missing_tcp_pct,1,1,0,0.0,1,0.3333333333333333,0.3333333333333333,,,
cc-cubic_abr-throughput_signals-rtt-loss_netem-high-rtt-loss,tcp_age_mean_ms,1,1,0,0.0,1,276.82224080258715,276.82224080258715,,,
cc-cubic_abr-throughput_signals-rtt-loss_netem-stable-8mbit,startup_sec,1,1,0,0.0,1,0.4875,0.4875,,,
cc-cubic_abr-throughput_signals-rtt-loss_netem-stable-8mbit,stall_sec,1,1,0,0.0,1,0.0,0.0,,,
cc-cubic_abr-throughput_signals-rtt-loss_netem-stable-8mbit,stall_count,1,1,0,0.0,1,0.0,0,,,
cc-cubic_abr-throughput_signals-rtt-loss_netem-stable-8mbit,switch_count,1,1,0,0.0,1,1.0,1,,,
cc-cubic_abr-throughput_signals-rtt-loss_netem-stable-8mbit,avg_bitrate_mbps,1,1,0,0.0,1,1.4036830771812079,1.4036830771812079,,,
cc-cubic_abr-throughput_signals-rtt-loss_netem-stable-8mbit,time_weighted_bitrate_mbps,1,1,0,0.0,1,1.405744,1.405744,,,
cc-cubic_abr-throughput_signals-rtt-loss_netem-stable-8mbit,buffer_mean_sec,1,1,0,0.0,1,26.660193333333332,26.660193333333332,,,
cc-cubic_abr-throughput_signals-rtt-loss_netem-stable-8mbit,guardrail_count,1,1,0,0.0,1,0.0,0,,,
cc-cubic_abr-throughput_signals-rtt-loss_netem-stable-8mbit,rtt_mean_ms,1,1,0,0.0,1,183.69691828138164,183.69691828138164,,,
cc-cubic_abr-throughput_signals-rtt-loss_netem-stable-8mbit,cwnd_mean_packets,1,1,0,0.0,1,218.66891322662173,218.66891322662173,,,
cc-cubic_abr-throughput_signals-rtt-loss_netem-stable-8mbit,loss_mean_pct,1,1,0,0.0,1,0.0,0.0,,,
cc-cubic_abr-throughput_signals-rtt-loss_netem-stable-8mbit,missing_tcp_pct,1,1,0,0.0,1,0.3333333333333333,0.3333333333333333,,,
cc-cubic_abr-throughput_signals-rtt-loss_netem-stable-8mbit,tcp_age_mean_ms,1,1,0,0.0,1,288.5526755852095,288.5526755852095,,,
cc-cubic_abr-throughput_signals-rtt_netem-constrained-2mbit,startup_sec,1,1,0,0.0,1,0.7363999999985099,0.7363999999985099,,,
cc-cubic_abr-throughput_signals-rtt_netem-constrained-2mbit,stall_sec,1,1,0,0.0,1,0.0,0.0,,,
cc-cubic_abr-throughput_signals-rtt_netem-constrained-2mbit,stall_count,1,1,0,0.0,1,0.0,0,,,
cc-cubic_abr-throughput_signals-rtt_netem-constrained-2mbit,switch_count,1,1,0,0.0,1,56.0,56,,,
cc-cubic_abr-throughput_signals-rtt_netem-constrained-2mbit,avg_bitrate_mbps,1,1,0,0.0,1,0.25973282747068677,0.25973282747068677,,,
cc-cubic_abr-throughput_signals-rtt_netem-constrained-2mbit,time_weighted_bitrate_mbps,1,1,0,0.0,1,0.2587769458828969,0.2587769458828969,,,
cc-cubic_abr-throughput_signals-rtt_netem-constrained-2mbit,buffer_mean_sec,1,1,0,0.0,1,9.370220367278797,9.370220367278797,,,
cc-cubic_abr-throughput_signals-rtt_netem-constrained-2mbit,guardrail_count,1,1,0,0.0,1,41.0,41,,,
cc-cubic_abr-throughput_signals-rtt_netem-constrained-2mbit,rtt_mean_ms,1,1,0,0.0,1,145.9058283082077,145.9058283082077,,,
cc-cubic_abr-throughput_signals-rtt_netem-constrained-2mbit,cwnd_mean_packets,1,1,0,0.0,1,25.21105527638191,25.21105527638191,,,
cc-cubic_abr-throughput_signals-rtt_netem-constrained-2mbit,loss_mean_pct,1,1,0,0.0,1,0.6905783469687967,0.6905783469687967,,,
cc-cubic_abr-throughput_signals-rtt_netem-constrained-2mbit,missing_tcp_pct,1,1,0,0.0,1,0.0,0.0,,,
cc-cubic_abr-throughput_signals-rtt_netem-constrained-2mbit,tcp_age_mean_ms,1,1,0,0.0,1,295.9587646075563,295.9587646075563,,,
cc-cubic_abr-throughput_signals-rtt_netem-high-rtt-loss,startup_sec,1,1,0,0.0,1,1.4545999999977648,1.4545999999977648,,,
cc-cubic_abr-throughput_signals-rtt_netem-high-rtt-loss,stall_sec,1,1,0,0.0,1,0.0,0.0,,,
cc-cubic_abr-throughput_signals-rtt_netem-high-rtt-loss,stall_count,1,1,0,0.0,1,0.0,0,,,
cc-cubic_abr-throughput_signals-rtt_netem-high-rtt-loss,switch_count,1,1,0,0.0,1,14.0,14,,,
cc-cubic_abr-throughput_signals-rtt_netem-high-rtt-loss,avg_bitrate_mbps,1,1,0,0.0,1,0.19392138255033559,0.19392138255033559,,,
cc-cubic_abr-throughput_signals-rtt_netem-high-rtt-loss,time_weighted_bitrate_mbps,1,1,0,0.0,1,0.19387419017620183,0.19387419017620183,,,
cc-cubic_abr-throughput_signals-rtt_netem-high-rtt-loss,buffer_mean_sec,1,1,0,0.0,1,14.849734557595994,14.849734557595994,,,
cc-cubic_abr-throughput_signals-rtt_netem-high-rtt-loss,guardrail_count,1,1,0,0.0,1,0.0,0,,,
cc-cubic_abr-throughput_signals-rtt_netem-high-rtt-loss,rtt_mean_ms,1,1,0,0.0,1,139.87856383890318,139.87856383890318,,,
cc-cubic_abr-throughput_signals-rtt_netem-high-rtt-loss,cwnd_mean_packets,1,1,0,0.0,1,19.742073693230505,19.742073693230505,,,
cc-cubic_abr-throughput_signals-rtt_netem-high-rtt-loss,loss_mean_pct,1,1,0,0.0,1,0.721724066548161,0.721724066548161,,,
cc-cubic_abr-throughput_signals-rtt_netem-high-rtt-loss,missing_tcp_pct,1,1,0,0.0,1,2.1702838063439067,2.1702838063439067,,,
cc-cubic_abr-throughput_signals-rtt_netem-high-rtt-loss,tcp_age_mean_ms,1,1,0,0.0,1,267.9341296927603,267.9341296927603,,,
cc-cubic_abr-throughput_signals-rtt_netem-stable-8mbit,startup_sec,1,1,0,0.0,1,0.4813000000044704,0.4813000000044704,,,
cc-cubic_abr-throughput_signals-rtt_netem-stable-8mbit,stall_sec,1,1,0,0.0,1,0.0,0.0,,,
cc-cubic_abr-throughput_signals-rtt_netem-stable-8mbit,stall_count,1,1,0,0.0,1,0.0,0,,,
cc-cubic_abr-throughput_signals-rtt_netem-stable-8mbit,switch_count,1,1,0,0.0,1,1.0,1,,,
cc-cubic_abr-throughput_signals-rtt_netem-stable-8mbit,avg_bitrate_mbps,1,1,0,0.0,1,1.4036830771812079,1.4036830771812079,,,
cc-cubic_abr-throughput_signals-rtt_netem-stable-8mbit,time_weighted_bitrate_mbps,1,1,0,0.0,1,1.405744,1.405744,,,
cc-cubic_abr-throughput_signals-rtt_netem-stable-8mbit,buffer_mean_sec,1,1,0,0.0,1,26.722070116861435,26.722070116861435,,,
cc-cubic_abr-throughput_signals-rtt_netem-stable-8mbit,guardrail_count,1,1,0,0.0,1,0.0,0,,,
cc-cubic_abr-throughput_signals-rtt_netem-stable-8mbit,rtt_mean_ms,1,1,0,0.0,1,210.11015771230504,210.11015771230504,,,
cc-cubic_abr-throughput_signals-rtt_netem-stable-8mbit,cwnd_mean_packets,1,1,0,0.0,1,251.1681109185442,251.1681109185442,,,
cc-cubic_abr-throughput_signals-rtt_netem-stable-8mbit,loss_mean_pct,1,1,0,0.0,1,0.0,0.0,,,
cc-cubic_abr-throughput_signals-rtt_netem-stable-8mbit,missing_tcp_pct,1,1,0,0.0,1,3.1719532554257097,3.1719532554257097,,,
cc-cubic_abr-throughput_signals-rtt_netem-stable-8mbit,tcp_age_mean_ms,1,1,0,0.0,1,235.66655172385788,235.66655172385788,,,
