condition,metric,valid,attempts,failures,failure_rate,metric_n,mean,median,stddev,ci95_low,ci95_high
cc-bbr_abr-bola_signals-cwnd-loss_netem-constrained-2mbit,startup_sec,4,4,0,0.0,4,0.8328000000044704,0.7785500000044704,0.11893726638262418,0.6435708091897153,1.0220291908192254
cc-bbr_abr-bola_signals-cwnd-loss_netem-constrained-2mbit,stall_sec,4,4,0,0.0,4,0.0,0.0,0.0,0.0,0.0
cc-bbr_abr-bola_signals-cwnd-loss_netem-constrained-2mbit,stall_count,4,4,0,0.0,4,0.0,0.0,0.0,0.0,0.0
cc-bbr_abr-bola_signals-cwnd-loss_netem-constrained-2mbit,switch_count,4,4,0,0.0,4,23.0,24.0,4.898979485566356,15.205723638463928,30.79427636153607
cc-bbr_abr-bola_signals-cwnd-loss_netem-constrained-2mbit,avg_bitrate_mbps,4,4,0,0.0,4,1.2569614248971366,1.2585209255393297,0.02231886543154085,1.221452109995555,1.292470739798718
cc-bbr_abr-bola_signals-cwnd-loss_netem-constrained-2mbit,time_weighted_bitrate_mbps,4,4,0,0.0,4,1.2581146092118098,1.2595078022593866,0.02271164372763943,1.2219803840411354,1.2942488343824843
cc-bbr_abr-bola_signals-cwnd-loss_netem-constrained-2mbit,buffer_mean_sec,4,4,0,0.0,4,18.70813309250088,18.747624373956597,0.16640136393482566,18.44338852248057,18.97287766252119
cc-bbr_abr-bola_signals-cwnd-loss_netem-constrained-2mbit,guardrail_count,4,4,0,0.0,4,0.25,0.0,0.5,-0.5455,1.0455
cc-bbr_abr-bola_signals-cwnd-loss_netem-constrained-2mbit,rtt_mean_ms,4,4,0,0.0,4,99.02684883650238,98.96687279048955,0.8001260415215905,97.75384830444153,100.29984936856323
cc-bbr_abr-bola_signals-cwnd-loss_netem-constrained-2mbit,cwnd_mean_packets,4,4,0,0.0,4,28.7368340337666,28.70398042927235,0.13273383000135264,28.525654510234446,28.94801355729875
cc-bbr_abr-bola_signals-cwnd-loss_netem-constrained-2mbit,loss_mean_pct,4,4,0,0.0,4,0.47772966173506815,0.4724200259019403,0.013973674666286694,0.455497545341006,0.4999617781291303
cc-bbr_abr-bola_signals-cwnd-loss_netem-constrained-2mbit,missing_tcp_pct,4,4,0,0.0,4,1.043684848214136,0.5848655228055678,1.2143064065006544,-0.8882766445284049,2.9756463409566773
cc-bbr_abr-bola_signals-cwnd-loss_netem-constrained-2mbit,tcp_age_mean_ms,4,4,0,0.0,4,253.4078037985468,248.7886095293515,25.240408857257982,213.25031330664936,293.5652942904443
cc-bbr_abr-bola_signals-cwnd-loss_netem-high-rtt-loss,startup_sec,4,4,0,0.0,4,1.3740249999947847,1.3136499999910591,0.14157434736866417,1.14878021333124,1.5992697866583294
cc-bbr_abr-bola_signals-cwnd-loss_netem-high-rtt-loss,stall_sec,4,4,0,0.0,4,0.0,0.0,0.0,0.0,0.0
cc-bbr_abr-bola_signals-cwnd-loss_netem-high-rtt-loss,stall_count,4,4,0,0.0,4,0.0,0.0,0.0,0.0,0.0
cc-bbr_abr-bola_signals-cwnd-loss_netem-high-rtt-loss,switch_count,4,4,0,0.0,4,8.0,9.0,5.291502622129181,-0.41878067180752687,16.418780671807525
cc-bbr_abr-bola_signals-cwnd-loss_netem-high-rtt-loss,avg_bitrate_mbps,4,4,0,0.0,4,1.3598884672818792,1.3490686224832213,0.025205965138412105,1.3197857767466654,1.399991157817093
cc-bbr_abr-bola_signals-cwnd-loss_netem-high-rtt-loss,time_weighted_bitrate_mbps,4,4,0,0.0,4,1.3598622136536171,1.349030652190685,0.02521844383550889,1.3197396695113226,1.3999847577959117
cc-bbr_abr-bola_signals-cwnd-loss_netem-high-rtt-loss,buffer_mean_sec,4,4,0,0.0,4,24.776595,24.603589166666666,0.3782383792075506,24.174817738680787,25.378372261319214
cc-bbr_abr-bola_signals-cwnd-loss_netem-high-rtt-loss,guardrail_count,4,4,0,0.0,4,1.0,1.0,0.816496580927726,-0.2990460602560121,2.2990460602560123
cc-bbr_abr-bola_signals-cwnd-loss_netem-high-rtt-loss,rtt_mean_ms,4,4,0,0.0,4,146.93564214348794,147.08177270154715,0.47981682489018174,146.17225357508767,147.6990307118882
cc-bbr_abr-bola_signals-cwnd-loss_netem-high-rtt-loss,cwnd_mean_packets,4,4,0,0.0,4,77.23670614164544,77.25426870646469,0.41405643560682004,76.57794235259499,77.8954699306959
cc-bbr_abr-bola_signals-cwnd-loss_netem-high-rtt-loss,loss_mean_pct,4,4,0,0.0,4,1.8473592467525979,1.8479025483691145,0.24435142204989552,1.4585961342712142,2.2361223592339816
cc-bbr_abr-bola_signals-cwnd-loss_netem-high-rtt-loss,missing_tcp_pct,4,4,0,0.0,4,0.75,0.3333333333333333,0.9477067838462211,-0.7578014930993378,2.257801493099338
cc-bbr_abr-bola_signals-cwnd-loss_netem-high-rtt-loss,tcp_age_mean_ms,4,4,0,0.0,4,231.85941114638197,232.57910657373031,18.00892336917579,203.20721406602328,260.51160822674063
cc-bbr_abr-bola_signals-cwnd-loss_netem-stable-8mbit,startup_sec,4,4,0,0.0,4,0.5608750000037253,0.5602000000029802,0.05258303751568625,0.47721538731626845,0.6445346126911821
cc-bbr_abr-bola_signals-cwnd-loss_netem-stable-8mbit,stall_sec,4,4,0,0.0,4,0.0,0.0,0.0,0.0,0.0
cc-bbr_abr-bola_signals-cwnd-loss_netem-stable-8mbit,stall_count,4,4,0,0.0,4,0.0,0.0,0.0,0.0,0.0
cc-bbr_abr-bola_signals-cwnd-loss_netem-stable-8mbit,switch_count,4,4,0,0.0,4,1.0,1.0,0.0,1.0,1.0
cc-bbr_abr-bola_signals-cwnd-loss_netem-stable-8mbit,avg_bitrate_mbps,4,4,0,0.0,4,1.4036830771812079,1.4036830771812079,0.0,1.4036830771812079,1.4036830771812079
cc-bbr_abr-bola_signals-cwnd-loss_netem-stable-8mbit,time_weighted_bitrate_mbps,4,4,0,0.0,4,1.405744,1.4057439999999999,8.95090418262362e-16,1.4057439999999988,1.4057440000000014
cc-bbr_abr-bola_signals-cwnd-loss_netem-stable-8mbit,buffer_mean_sec,4,4,0,0.0,4,26.706860432586453,26.70257595993322,0.04866891700173704,26.62942818563669,26.784292679536215
cc-bbr_abr-bola_signals-cwnd-loss_netem-stable-8mbit,guardrail_count,4,4,0,0.0,4,0.0,0.0,0.0,0.0,0.0
cc-bbr_abr-bola_signals-cwnd-loss_netem-stable-8mbit,rtt_mean_ms,4,4,0,0.0,4,30.577005798453175,30.557172257583474,0.10002876945743144,30.4178600262464,30.73615157065995
cc-bbr_abr-bola_signals-cwnd-loss_netem-stable-8mbit,cwnd_mean_packets,4,4,0,0.0,4,35.7610046043256,35.80491976044422,0.15721008764571912,35.51088335488126,36.01112585376994
cc-bbr_abr-bola_signals-cwnd-loss_netem-stable-8mbit,loss_mean_pct,4,4,0,0.0,4,0.0,0.0,0.0,0.0,0.0
cc-bbr_abr-bola_signals-cwnd-loss_netem-stable-8mbit,missing_tcp_pct,4,4,0,0.0,4,1.6272275606129132,1.6704261841084083,0.7371327166072764,0.45444940849073645,2.80000571273509
cc-bbr_abr-bola_signals-cwnd-loss_netem-stable-8mbit,tcp_age_mean_ms,4,4,0,0.0,4,249.90745872696496,256.5516364655816,24.17555759554632,211.44414659245078,288.3707708614792
cc-bbr_abr-bola_signals-cwnd_netem-constrained-2mbit,startup_sec,4,4,0,0.0,4,1.1187000000067056,0.9531000000014902,0.4850039312492131,0.34705874538920756,1.8903412546242035
cc-bbr_abr-bola_signals-cwnd_netem-constrained-2mbit,stall_sec,4,4,0,0.0,4,0.0,0.0,0.0,0.0,0.0
cc-bbr_abr-bola_signals-cwnd_netem-constrained-2mbit,stall_count,4,4,0,0.0,4,0.0,0.0,0.0,0.0,0.0
cc-bbr_abr-bola_signals-cwnd_netem-constrained-2mbit,switch_count,4,4,0,0.0,4,21.0,21.0,4.898979485566356,13.205723638463928,28.79427636153607
cc-bbr_abr-bola_signals-cwnd_netem-constrained-2mbit,avg_bitrate_mbps,4,4,0,0.0,4,1.2651412517298462,1.2635403255033557,0.006481249167256113,1.2548295843047417,1.2754529191549506
cc-bbr_abr-bola_signals-cwnd_netem-constrained-2mbit,time_weighted_bitrate_mbps,4,4,0,0.0,4,1.2659130346734004,1.263909465769367,0.007122413694452508,1.2545812744855265,1.2772447948612744
cc-bbr_abr-bola_signals-cwnd_netem-constrained-2mbit,buffer_mean_sec,4,4,0,0.0,4,18.48711295420368,18.494304241740693,0.0896642676840947,18.344457104318288,18.629768804089075
cc-bbr_abr-bola_signals-cwnd_netem-constrained-2mbit,guardrail_count,4,4,0,0.0,4,0.0,0.0,0.0,0.0,0.0
cc-bbr_abr-bola_signals-cwnd_netem-constrained-2mbit,rtt_mean_ms,4,4,0,0.0,4,98.090457433637,98.07829682658034,0.7382082196472717,96.9159681561782,99.2649467110958
cc-bbr_abr-bola_signals-cwnd_netem-constrained-2mbit,cwnd_mean_packets,4,4,0,0.0,4,28.705223741503126,28.724223697505302,0.10141014111422443,28.543880206990394,28.866567276015857
cc-bbr_abr-bola_signals-cwnd_netem-constrained-2mbit,loss_mean_pct,4,4,0,0.0,4,0.505837414229023,0.5104022415763795,0.07987076614986241,0.3787630252845918,0.6329118031734541
cc-bbr_abr-bola_signals-cwnd_netem-constrained-2mbit,missing_tcp_pct,4,4,0,0.0,4,0.8770896030731263,0.6675013912075681,0.8350422108908583,-0.4514625544542292,2.205641760600482
cc-bbr_abr-bola_signals-cwnd_netem-constrained-2mbit,tcp_age_mean_ms,4,4,0,0.0,4,256.5067621806314,250.44699400561848,15.478312730597333,231.88076662625107,281.1327577350118
cc-bbr_abr-bola_signals-cwnd_netem-high-rtt-loss,startup_sec,4,4,0,0.0,4,1.3473250000067054,1.3174500000029803,0.17669954490566514,1.0661960240617923,1.6284539759516186
cc-bbr_abr-bola_signals-cwnd_netem-high-rtt-loss,stall_sec,4,4,0,0.0,4,0.0,0.0,0.0,0.0,0.0
cc-bbr_abr-bola_signals-cwnd_netem-high-rtt-loss,stall_count,4,4,0,0.0,4,0.0,0.0,0.0,0.0,0.0
cc-bbr_abr-bola_signals-cwnd_netem-high-rtt-loss,switch_count,4,4,0,0.0,4,2.5,3.0,1.0,0.909,4.091
cc-bbr_abr-bola_signals-cwnd_netem-high-rtt-loss,avg_bitrate_mbps,4,4,0,0.0,4,1.3975003087248323,1.3975003087248323,0.001682736435099599,1.3948230750565889,1.4001775423930758
cc-bbr_abr-bola_signals-cwnd_netem-high-rtt-loss,time_weighted_bitrate_mbps,4,4,0,0.0,4,1.397436342348931,1.3974714091198412,0.001764398002975165,1.3946291851261976,1.4002434995716646
cc-bbr_abr-bola_signals-cwnd_netem-high-rtt-loss,buffer_mean_sec,4,4,0,0.0,4,25.26991300222593,25.253129337785197,0.05828966091467302,25.177174151710684,25.362651852741177
cc-bbr_abr-bola_signals-cwnd_netem-high-rtt-loss,guardrail_count,4,4,0,0.0,4,0.0,0.0,0.0,0.0,0.0
cc-bbr_abr-bola_signals-cwnd_netem-high-rtt-loss,rtt_mean_ms,4,4,0,0.0,4,147.5512196739397,147.1703709389107,0.989128724766656,145.97751587283594,149.12492347504346
cc-bbr_abr-bola_signals-cwnd_netem-high-rtt-loss,cwnd_mean_packets,4,4,0,0.0,4,77.67970223590622,77.74535809872992,0.5097074606791369,76.86875766596572,78.49064680584672
cc-bbr_abr-bola_signals-cwnd_netem-high-rtt-loss,loss_mean_pct,4,4,0,0.0,4,1.5336579977831146,1.6390882578422805,0.4597969402219503,0.8021210658899918,2.2651949296762375
cc-bbr_abr-bola_signals-cwnd_netem-high-rtt-loss,missing_tcp_pct,4,4,0,0.0,4,1.2084724540901501,1.0836115748469672,1.1414535483583381,-0.6075801413479658,3.024525049528266
cc-bbr_abr-bola_signals-cwnd_netem-high-rtt-loss,tcp_age_mean_ms,4,4,0,0.0,4,239.66389014784002,235.3690736665834,27.822478795046873,195.39832638492044,283.9294539107596
cc-bbr_abr-bola_signals-cwnd_netem-stable-8mbit,startup_sec,4,4,0,0.0,4,0.5067250000014901,0.5257999999970198,0.046662074171794965,0.43248563999416434,0.5809643600088159
cc-bbr_abr-bola_signals-cwnd_netem-stable-8mbit,stall_sec,4,4,0,0.0,4,0.0,0.0,0.0,0.0,0.0
cc-bbr_abr-bola_signals-cwnd_netem-stable-8mbit,stall_count,4,4,0,0.0,4,0.0,0.0,0.0,0.0,0.0
cc-bbr_abr-bola_signals-cwnd_netem-stable-8mbit,switch_count,4,4,0,0.0,4,1.0,1.0,0.0,1.0,1.0
cc-bbr_abr-bola_signals-cwnd_netem-stable-8mbit,avg_bitrate_mbps,4,4,0,0.0,4,1.4036830771812079,1.4036830771812079,0.0,1.4036830771812079,1.4036830771812079
cc-bbr_abr-bola_signals-cwnd_netem-stable-8mbit,time_weighted_bitrate_mbps,4,4,0,0.0,4,1.4057440000000003,1.4057439999999999,7.364386412590295e-16,1.4057439999999992,1.4057440000000014
cc-bbr_abr-bola_signals-cwnd_netem-stable-8mbit,buffer_mean_sec,4,4,0,0.0,4,26.769442422850794,26.784601170568564,0.03963994395878145,26.706375272012373,26.832509573689215
cc-bbr_abr-bola_signals-cwnd_netem-stable-8mbit,guardrail_count,4,4,0,0.0,4,0.0,0.0,0.0,0.0,0.0
cc-bbr_abr-bola_signals-cwnd_netem-stable-8mbit,rtt_mean_ms,4,4,0,0.0,4,30.77386508741892,30.654880495547587,0.39528721602480527,30.144963126723454,31.402767048114384
cc-bbr_abr-bola_signals-cwnd_netem-stable-8mbit,cwnd_mean_packets,4,4,0,0.0,4,35.89759201718033,35.87621564736901,0.07588206863189463,35.776863645986985,36.018320388373674
cc-bbr_abr-bola_signals-cwnd_netem-stable-8mbit,loss_mean_pct,4,4,0,0.0,4,0.0,0.0,0.0,0.0,0.0
cc-bbr_abr-bola_signals-cwnd_netem-stable-8mbit,missing_tcp_pct,4,4,0,0.0,4,0.9613290824730181,0.4176414425380093,1.1455258995622415,-0.8612026237305082,2.7838607886765443
cc-bbr_abr-bola_signals-cwnd_netem-stable-8mbit,tcp_age_mean_ms,4,4,0,0.0,4,248.64595326107252,250.65226509932103,6.817759200048164,237.79889837379588,259.49300814834913
cc-bbr_abr-bola_signals-loss_netem-constrained-2mbit,startup_sec,4,4,0,0.0,4,0.955800000000745,0.8625499999970198,0.2761776602100935,0.5164013426064864,1.3951986573950037
cc-bbr_abr-bola_signals-loss_netem-constrained-2mbit,stall_sec,4,4,0,0.0,4,0.0,0.0,0.0,0.0,0.0
cc-bbr_abr-bola_signals-loss_netem-constrained-2mbit,stall_count,4,4,0,0.0,4,0.0,0.0,0.0,0.0,0.0
cc-bbr_abr-bola_signals-loss_netem-constrained-2mbit,switch_count,4,4,0,0.0,4,21.0,20.0,2.8284271247461903,16.49997244452881,25.50002755547119
cc-bbr_abr-bola_signals-loss_netem-constrained-2mbit,avg_bitrate_mbps,4,4,0,0.0,4,1.2569087798837588,1.2574904641299338,0.013749984428820899,1.2350325546575047,1.278785005110013
cc-bbr_abr-bola_signals-loss_netem-constrained-2mbit,time_weighted_bitrate_mbps,4,4,0,0.0,4,1.2574659978804188,1.2584108700244538,0.013185538034920117,1.236487806866861,1.2784441888939766
cc-bbr_abr-bola_signals-loss_netem-constrained-2mbit,buffer_mean_sec,4,4,0,0.0,4,18.50932088362851,18.48487238294314,0.09529849487179452,18.357700978287486,18.660940788969537
cc-bbr_abr-bola_signals-loss_netem-constrained-2mbit,guardrail_count,4,4,0,0.0,4,0.0,0.0,0.0,0.0,0.0
cc-bbr_abr-bola_signals-loss_netem-constrained-2mbit,rtt_mean_ms,4,4,0,0.0,4,98.9289106639562,98.92038413107801,0.8638431016514373,97.55453628922876,100.30328503868364
cc-bbr_abr-bola_signals-loss_netem-constrained-2mbit,cwnd_mean_packets,4,4,0,0.0,4,28.775432206469297,28.770224332063123,0.10713848385561024,28.60497487865502,28.945889534283573
cc-bbr_abr-bola_signals-loss_netem-constrained-2mbit,loss_mean_pct,4,4,0,0.0,4,0.5761841326828747,0.600367215466572,0.10015823195195951,0.4168323856473071,0.7355358797184424
cc-bbr_abr-bola_signals-loss_netem-constrained-2mbit,missing_tcp_pct,4,4,0,0.0,4,0.6668755804452982,0.16708449422392951,1.1137604141909054,-1.1051172385324324,2.4388683994230287
cc-bbr_abr-bola_signals-loss_netem-constrained-2mbit,tcp_age_mean_ms,4,4,0,0.0,4,279.3215008400115,298.7943306473669,46.73801575504702,204.96131777373165,353.6816839062913
cc-bbr_abr-bola_signals-loss_netem-high-rtt-loss,startup_sec,4,4,0,0.0,4,1.3147249999977648,1.30229999999702,0.11623850122969386,1.129789544541322,1.4996604554542077
cc-bbr_abr-bola_signals-loss_netem-high-rtt-loss,stall_sec,4,4,0,0.0,4,0.0,0.0,0.0,0.0,0.0
cc-bbr_abr-bola_signals-loss_netem-high-rtt-loss,stall_count,4,4,0,0.0,4,0.0,0.0,0.0,0.0,0.0
cc-bbr_abr-bola_signals-loss_netem-high-rtt-loss,switch_count,4,4,0,0.0,4,13.5,13.0,4.43471156521669,6.4443738997402455,20.555626100259754
cc-bbr_abr-bola_signals-loss_netem-high-rtt-loss,avg_bitrate_mbps,4,4,0,0.0,4,1.322791856543624,1.332581239932886,0.04395696023776145,1.2528563328053457,1.3927273802819025
cc-bbr_abr-bola_signals-loss_netem-high-rtt-loss,time_weighted_bitrate_mbps,4,4,0,0.0,4,1.3226569589018955,1.3324777408374948,0.04394471249604836,1.2527409213206826,1.3925729964831084
cc-bbr_abr-bola_signals-loss_netem-high-rtt-loss,buffer_mean_sec,4,4,0,0.0,4,24.240010303978856,24.23749248747913,0.4389157542232074,23.541695339009735,24.938325268947978
cc-bbr_abr-bola_signals-loss_netem-high-rtt-loss,guardrail_count,4,4,0,0.0,4,2.0,2.0,0.816496580927726,0.7009539397439879,3.2990460602560123
cc-bbr_abr-bola_signals-loss_netem-high-rtt-loss,rtt_mean_ms,4,4,0,0.0,4,147.4444054760882,146.97421148327942,1.8530332624750414,144.4962295554904,150.392581396686
cc-bbr_abr-bola_signals-loss_netem-high-rtt-loss,cwnd_mean_packets,4,4,0,0.0,4,77.28041746507306,77.36487067195645,0.721407717333385,76.13265778679565,78.42817714335047
cc-bbr_abr-bola_signals-loss_netem-high-rtt-loss,loss_mean_pct,4,4,0,0.0,4,1.3039634266299334,1.3656304580313567,0.29534939919508596,0.8340625325105516,1.7738643207493152
cc-bbr_abr-bola_signals-loss_netem-high-rtt-loss,missing_tcp_pct,4,4,0,0.0,4,0.3754869226488592,0.33361157484696713,0.21010477108955097,0.04121023184538358,0.7097636134523349
cc-bbr_abr-bola_signals-loss_netem-high-rtt-loss,tcp_age_mean_ms,4,4,0,0.0,4,276.27961958271845,275.03026755643776,51.853188994588386,193.78119589232833,358.77804327310855
cc-bbr_abr-bola_signals-loss_netem-stable-8mbit,startup_sec,4,4,0,0.0,4,0.5496249999962748,0.5483000000044704,0.039805139943136135,0.4862950223467452,0.6129549776458044
cc-bbr_abr-bola_signals-loss_netem-stable-8mbit,stall_sec,4,4,0,0.0,4,0.0,0.0,0.0,0.0,0.0
cc-bbr_abr-bola_signals-loss_netem-stable-8mbit,stall_count,4,4,0,0.0,4,0.0,0.0,0.0,0.0,0.0
cc-bbr_abr-bola_signals-loss_netem-stable-8mbit,switch_count,4,4,0,0.0,4,1.0,1.0,0.0,1.0,1.0
cc-bbr_abr-bola_signals-loss_netem-stable-8mbit,avg_bitrate_mbps,4,4,0,0.0,4,1.4036830771812079,1.4036830771812079,0.0,1.4036830771812079,1.4036830771812079
cc-bbr_abr-bola_signals-loss_netem-stable-8mbit,time_weighted_bitrate_mbps,4,4,0,0.0,4,1.4057440000000005,1.4057440000000003,1.0315718549566777e-15,1.405743999999999,1.405744000000002
cc-bbr_abr-bola_signals-loss_netem-stable-8mbit,buffer_mean_sec,4,4,0,0.0,4,26.739174536462667,26.740422016069147,0.04161418945729192,26.672966361036114,26.80538271188922
cc-bbr_abr-bola_signals-loss_netem-stable-8mbit,guardrail_count,4,4,0,0.0,4,0.0,0.0,0.0,0.0,0.0
cc-bbr_abr-bola_signals-loss_netem-stable-8mbit,rtt_mean_ms,4,4,0,0.0,4,30.59832414994969,30.51943987388846,0.22097586356707324,30.246751551014476,30.949896748884903
cc-bbr_abr-bola_signals-loss_netem-stable-8mbit,cwnd_mean_packets,4,4,0,0.0,4,35.81821417967391,35.79807278339338,0.20033641471809352,35.49947894385742,36.1369494154904
cc-bbr_abr-bola_signals-loss_netem-stable-8mbit,loss_mean_pct,4,4,0,0.0,4,0.0,0.0,0.0,0.0,0.0
cc-bbr_abr-bola_signals-loss_netem-stable-8mbit,missing_tcp_pct,4,4,0,0.0,4,1.378761611232396,1.587512074192774,0.7530663961077697,0.18063297502493425,2.5768902474398576
cc-bbr_abr-bola_signals-loss_netem-stable-8mbit,tcp_age_mean_ms,4,4,0,0.0,4,255.00913614413543,243.52220799535382,42.91888432423213,186.7251911842821,323.29308110398875
cc-bbr_abr-bola_signals-none_netem-constrained-2mbit,startup_sec,4,4,0,0.0,4,0.8417499999962748,0.8407000000029803,0.018280499619108843,0.8126657251022726,0.8708342748902769
cc-bbr_abr-bola_signals-none_netem-constrained-2mbit,stall_sec,4,4,0,0.0,4,0.0,0.0,0.0,0.0,0.0
cc-bbr_abr-bola_signals-none_netem-constrained-2mbit,stall_count,4,4,0,0.0,4,0.0,0.0,0.0,0.0,0.0
cc-bbr_abr-bola_signals-none_netem-constrained-2mbit,switch_count,4,4,0,0.0,4,23.5,22.0,10.246950765959598,7.1971013313582795,39.80289866864172
cc-bbr_abr-bola_signals-none_netem-constrained-2mbit,avg_bitrate_mbps,4,4,0,0.0,4,1.2745206944411656,1.2729180421486626,0.01557781410303328,1.2497363922032396,1.2993049966790915
cc-bbr_abr-bola_signals-none_netem-constrained-2mbit,time_weighted_bitrate_mbps,4,4,0,0.0,4,1.2761164773673594,1.2739657273428204,0.015794079728699322,1.2509880965189988,1.3012448582157201
cc-bbr_abr-bola_signals-none_netem-constrained-2mbit,buffer_mean_sec,4,4,0,0.0,4,18.771825384734033,18.695273536789298,0.25585849656607346,18.36475451669741,19.178896252770656
cc-bbr_abr-bola_signals-none_netem-constrained-2mbit,guardrail_count,4,4,0,0.0,4,0.0,0.0,0.0,0.0,0.0
cc-bbr_abr-bola_signals-none_netem-constrained-2mbit,rtt_mean_ms,4,4,0,0.0,4,97.98680455193296,97.91064362501385,0.8336820550177575,96.6604164023997,99.31319270146622
cc-bbr_abr-bola_signals-none_netem-constrained-2mbit,cwnd_mean_packets,4,4,0,0.0,4,28.776310453087852,28.75946568515893,0.19000957752215486,28.474005215250102,29.078615690925602
cc-bbr_abr-bola_signals-none_netem-constrained-2mbit,loss_mean_pct,4,4,0,0.0,4,0.5178783216310299,0.5290857753836384,0.07183082444904189,0.40359547993260425,0.6321611633294555
cc-bbr_abr-bola_signals-none_netem-constrained-2mbit,missing_tcp_pct,4,4,0,0.0,4,0.9585422471119648,0.16708449422392951,1.6961349727537252,-1.7400084945392118,3.657092988763141
cc-bbr_abr-bola_signals-none_netem-constrained-2mbit,tcp_age_mean_ms,4,4,0,0.0,4,263.45285476069444,248.4692468744438,34.51869110539853,208.53361721200537,318.3720923093835
cc-bbr_abr-bola_signals-none_netem-high-rtt-loss,startup_sec,4,4,0,0.0,4,1.4917749999947847,1.3933999999910593,0.24040714597295237,1.1092872307518173,1.874262769237752
cc-bbr_abr-bola_signals-none_netem-high-rtt-loss,stall_sec,4,4,0,0.0,4,0.0,0.0,0.0,0.0,0.0
cc-bbr_abr-bola_signals-none_netem-high-rtt-loss,stall_count,4,4,0,0.0,4,0.0,0.0,0.0,0.0,0.0
cc-bbr_abr-bola_signals-none_netem-high-rtt-loss,switch_count,4,4,0,0.0,4,4.0,3.0,3.4641016151377544,-1.5113856696841674,9.511385669684167
cc-bbr_abr-bola_signals-none_netem-high-rtt-loss,avg_bitrate_mbps,4,4,0,0.0,4,1.3923531798758895,1.3954497423021146,0.009293987016647822,1.3775664465324027,1.4071399132193763
cc-bbr_abr-bola_signals-none_netem-high-rtt-loss,time_weighted_bitrate_mbps,4,4,0,0.0,4,1.3922611035876964,1.395418052061132,0.009386978594472545,1.3773264206438907,1.4071957865315021
cc-bbr_abr-bola_signals-none_netem-high-rtt-loss,buffer_mean_sec,4,4,0,0.0,4,25.19704944185493,25.313635550376528,0.24630393265676667,24.805179884998015,25.588918998711843
cc-bbr_abr-bola_signals-none_netem-high-rtt-loss,guardrail_count,4,4,0,0.0,4,0.0,0.0,0.0,0.0,0.0
cc-bbr_abr-bola_signals-none_netem-high-rtt-loss,rtt_mean_ms,4,4,0,0.0,4,148.75033851498932,147.44280587872333,3.1225663568845436,143.782335441186,153.71834158879264
cc-bbr_abr-bola_signals-none_netem-high-rtt-loss,cwnd_mean_packets,4,4,0,0.0,4,78.62202016387188,78.45064677465794,0.9217871898157066,77.1554567448751,80.08858358286867
cc-bbr_abr-bola_signals-none_netem-high-rtt-loss,loss_mean_pct,4,4,0,0.0,4,1.5853049548307068,1.5698090958508826,0.18423645545443737,1.292184754202697,1.8784251554587166
cc-bbr_abr-bola_signals-none_netem-high-rtt-loss,missing_tcp_pct,4,4,0,0.0,4,0.9575020810242991,0.5004173622704507,1.0285789916600996,-0.6789670947069193,2.5939712567555175
cc-bbr_abr-bola_signals-none_netem-high-rtt-loss,tcp_age_mean_ms,4,4,0,0.0,4,254.16175636048578,252.26150962380638,34.32884593544636,199.54456247719062,308.77895024378097
cc-bbr_abr-bola_signals-none_netem-stable-8mbit,startup_sec,4,4,0,0.0,4,0.5526499999985098,0.5524500000029802,0.07975155171369316,0.425765281222024,0.6795347187749956
cc-bbr_abr-bola_signals-none_netem-stable-8mbit,stall_sec,4,4,0,0.0,4,0.0,0.0,0.0,0.0,0.0
cc-bbr_abr-bola_signals-none_netem-stable-8mbit,stall_count,4,4,0,0.0,4,0.0,0.0,0.0,0.0,0.0
cc-bbr_abr-bola_signals-none_netem-stable-8mbit,switch_count,4,4,0,0.0,4,1.0,1.0,0.0,1.0,1.0
cc-bbr_abr-bola_signals-none_netem-stable-8mbit,avg_bitrate_mbps,4,4,0,0.0,4,1.4036830771812079,1.4036830771812079,0.0,1.4036830771812079,1.4036830771812079
cc-bbr_abr-bola_signals-none_netem-stable-8mbit,time_weighted_bitrate_mbps,4,4,0,0.0,4,1.4057439999999999,1.4057439999999997,2.220446049250313e-16,1.4057439999999994,1.4057440000000003
cc-bbr_abr-bola_signals-none_netem-stable-8mbit,buffer_mean_sec,4,4,0,0.0,4,26.74964825503487,26.750021426457696,0.001462321460503585,26.747321701591208,26.751974808478533
cc-bbr_abr-bola_signals-none_netem-stable-8mbit,guardrail_count,4,4,0,0.0,4,0.0,0.0,0.0,0.0,0.0
cc-bbr_abr-bola_signals-none_netem-stable-8mbit,rtt_mean_ms,4,4,0,0.0,4,30.646512240721176,30.65220101466135,0.16003189296787013,30.391901499009293,30.90112298243306
cc-bbr_abr-bola_signals-none_netem-stable-8mbit,cwnd_mean_packets,4,4,0,0.0,4,35.740958686657045,35.69162395022764,0.14957742552482506,35.50298100264705,35.97893637066704
cc-bbr_abr-bola_signals-none_netem-stable-8mbit,loss_mean_pct,4,4,0,0.0,4,0.0,0.0,0.0,0.0,0.0
cc-bbr_abr-bola_signals-none_netem-stable-8mbit,missing_tcp_pct,4,4,0,0.0,4,1.0451505016722409,1.0869565217391304,0.8458188910531504,-0.30054735399332144,2.390848357337803
cc-bbr_abr-bola_signals-none_netem-stable-8mbit,tcp_age_mean_ms,4,4,0,0.0,4,255.279458607634,258.38263521582076,35.100688528112805,199.43426315940656,311.12465405586147
cc-bbr_abr-bola_signals-rtt-cwnd-loss_netem-constrained-2mbit,startup_sec,4,4,0,0.0,4,1.119574999999255,0.9215,0.46373808969251895,0.38176769929845744,1.8573823007000527
cc-bbr_abr-bola_signals-rtt-cwnd-loss_netem-constrained-2mbit,stall_sec,4,4,0,0.0,4,0.0,0.0,0.0,0.0,0.0
cc-bbr_abr-bola_signals-rtt-cwnd-loss_netem-constrained-2mbit,stall_count,4,4,0,0.0,4,0.0,0.0,0.0,0.0,0.0
cc-bbr_abr-bola_signals-rtt-cwnd-loss_netem-constrained-2mbit,switch_count,4,4,0,0.0,4,20.0,22.0,6.21825270205921,10.106759951023797,29.893240048976203
cc-bbr_abr-bola_signals-rtt-cwnd-loss_netem-constrained-2mbit,avg_bitrate_mbps,4,4,0,0.0,4,1.2770295313901725,1.2667542604184234,0.036984786585404765,1.2181867359327936,1.3358723268475514
cc-bbr_abr-bola_signals-rtt-cwnd-loss_netem-constrained-2mbit,time_weighted_bitrate_mbps,4,4,0,0.0,4,1.2780954113651242,1.267284280389834,0.03774055543617231,1.218050187666174,1.3381406350640743
cc-bbr_abr-bola_signals-rtt-cwnd-loss_netem-constrained-2mbit,buffer_mean_sec,4,4,0,0.0,4,18.785443119238586,18.560785223984418,0.6432990921476908,17.76195426363161,19.808931974845564
cc-bbr_abr-bola_signals-rtt-cwnd-loss_netem-constrained-2mbit,guardrail_count,4,4,0,0.0,4,0.0,0.0,0.0,0.0,0.0
cc-bbr_abr-bola_signals-rtt-cwnd-loss_netem-constrained-2mbit,rtt_mean_ms,4,4,0,0.0,4,99.06741449807663,99.1280920080166,0.8206422166866988,97.7617727313281,100.37305626482517
cc-bbr_abr-bola_signals-rtt-cwnd-loss_netem-constrained-2mbit,cwnd_mean_packets,4,4,0,0.0,4,28.903293794250118,28.945839021290922,0.15306851998110504,28.65976177896018,29.146825809540054
cc-bbr_abr-bola_signals-rtt-cwnd-loss_netem-constrained-2mbit,loss_mean_pct,4,4,0,0.0,4,0.5310643322321856,0.49079141164034434,0.14834858224239317,0.29504173788453814,0.7670869265798331
cc-bbr_abr-bola_signals-rtt-cwnd-loss_netem-constrained-2mbit,missing_tcp_pct,4,4,0,0.0,4,0.2917362270450751,0.33347245409015025,0.24995366082892675,-0.10594004733374734,0.6894125014238977
cc-bbr_abr-bola_signals-rtt-cwnd-loss_netem-constrained-2mbit,tcp_age_mean_ms,4,4,0,0.0,4,275.22052976685256,272.3874581947574,14.797570294198948,251.67759542878204,298.7634641049231
cc-bbr_abr-bola_signals-rtt-cwnd-loss_netem-high-rtt-loss,startup_sec,4,4,0,0.0,4,1.4689250000044705,1.4156500000059604,0.21624872061227784,1.1248732855103365,1.8129767144986044
cc-bbr_abr-bola_signals-rtt-cwnd-loss_netem-high-rtt-loss,stall_sec,4,4,0,0.0,4,0.0,0.0,0.0,0.0,0.0
cc-bbr_abr-bola_signals-rtt-cwnd-loss_netem-high-rtt-loss,stall_count,4,4,0,0.0,4,0.0,0.0,0.0,0.0,0.0
cc-bbr_abr-bola_signals-rtt-cwnd-loss_netem-high-rtt-loss,switch_count,4,4,0,0.0,4,6.5,6.0,5.0,-1.455,14.455
cc-bbr_abr-bola_signals-rtt-cwnd-loss_netem-high-rtt-loss,avg_bitrate_mbps,4,4,0,0.0,4,1.376381028030252,1.386175589617551,0.028280885376121855,1.331386139396842,1.421375916663662
cc-bbr_abr-bola_signals-rtt-cwnd-loss_netem-high-rtt-loss,time_weighted_bitrate_mbps,4,4,0,0.0,4,1.376239762031729,1.3859257737684478,0.02825975155667458,1.3312784973050598,1.4212010267583983
cc-bbr_abr-bola_signals-rtt-cwnd-loss_netem-high-rtt-loss,buffer_mean_sec,4,4,0,0.0,4,24.998347662771284,25.138713689482472,0.45823936304626656,24.269288836164673,25.727406489377895
cc-bbr_abr-bola_signals-rtt-cwnd-loss_netem-high-rtt-loss,guardrail_count,4,4,0,0.0,4,0.5,0.5,0.5773502691896257,-0.41856427828069454,1.4185642782806944
cc-bbr_abr-bola_signals-rtt-cwnd-loss_netem-high-rtt-loss,rtt_mean_ms,4,4,0,0.0,4,151.7959330671702,152.3678473462649,4.845228633645551,144.08717431104014,159.50469182330028
cc-bbr_abr-bola_signals-rtt-cwnd-loss_netem-high-rtt-loss,cwnd_mean_packets,4,4,0,0.0,4,78.57027609643387,78.45159381039943,1.0681245629702951,76.87088991674813,80.26966227611962
cc-bbr_abr-bola_signals-rtt-cwnd-loss_netem-high-rtt-loss,loss_mean_pct,4,4,0,0.0,4,1.3672906039222212,1.4204420013952634,0.1832604667578039,1.0757232013105553,1.6588580065338872
cc-bbr_abr-bola_signals-rtt-cwnd-loss_netem-high-rtt-loss,missing_tcp_pct,4,4,0,0.0,4,2.295492487479132,2.003338898163606,2.1654627330672533,-1.1497587208308682,5.740743695789132
cc-bbr_abr-bola_signals-rtt-cwnd-loss_netem-high-rtt-loss,tcp_age_mean_ms,4,4,0,0.0,4,285.2516120037571,283.62038201948906,27.15027163418224,242.05552983377316,328.447694173741
cc-bbr_abr-bola_signals-rtt-cwnd-loss_netem-stable-8mbit,startup_sec,4,4,0,0.0,4,0.495625,0.48904999998956916,0.04351355152130319,0.4263949395296066,0.5648550604703934
cc-bbr_abr-bola_signals-rtt-cwnd-loss_netem-stable-8mbit,stall_sec,4,4,0,0.0,4,0.0,0.0,0.0,0.0,0.0
cc-bbr_abr-bola_signals-rtt-cwnd-loss_netem-stable-8mbit,stall_count,4,4,0,0.0,4,0.0,0.0,0.0,0.0,0.0
cc-bbr_abr-bola_signals-rtt-cwnd-loss_netem-stable-8mbit,switch_count,4,4,0,0.0,4,1.0,1.0,0.0,1.0,1.0
cc-bbr_abr-bola_signals-rtt-cwnd-loss_netem-stable-8mbit,avg_bitrate_mbps,4,4,0,0.0,4,1.4036830771812079,1.4036830771812079,0.0,1.4036830771812079,1.4036830771812079
cc-bbr_abr-bola_signals-rtt-cwnd-loss_netem-stable-8mbit,time_weighted_bitrate_mbps,4,4,0,0.0,4,1.4057439999999999,1.4057439999999999,5.285718846720614e-16,1.405743999999999,1.4057440000000008
cc-bbr_abr-bola_signals-rtt-cwnd-loss_netem-stable-8mbit,buffer_mean_sec,4,4,0,0.0,4,26.76048872982284,26.752686978297163,0.028187544999322755,26.715642345728916,26.80533511391676
cc-bbr_abr-bola_signals-rtt-cwnd-loss_netem-stable-8mbit,guardrail_count,4,4,0,0.0,4,0.0,0.0,0.0,0.0,0.0
cc-bbr_abr-bola_signals-rtt-cwnd-loss_netem-stable-8mbit,rtt_mean_ms,4,4,0,0.0,4,30.70415407077096,30.68973257704269,0.15672650554779985,30.454802200444412,30.95350594109751
cc-bbr_abr-bola_signals-rtt-cwnd-loss_netem-stable-8mbit,cwnd_mean_packets,4,4,0,0.0,4,35.92768533086049,35.96137589896009,0.1180513777892106,35.739865588797855,36.11550507292313
cc-bbr_abr-bola_signals-rtt-cwnd-loss_netem-stable-8mbit,loss_mean_pct,4,4,0,0.0,4,0.0,0.0,0.0,0.0,0.0
cc-bbr_abr-bola_signals-rtt-cwnd-loss_netem-stable-8mbit,missing_tcp_pct,4,4,0,0.0,4,0.9600030150585425,0.5844467646746807,1.1020645107517606,-0.7933816215475086,2.7133876516645934
cc-bbr_abr-bola_signals-rtt-cwnd-loss_netem-stable-8mbit,tcp_age_mean_ms,4,4,0,0.0,4,267.89549143001096,265.2364668300421,49.42164655438973,189.2656517619769,346.52533109804506
cc-bbr_abr-bola_signals-rtt-cwnd_netem-constrained-2mbit,startup_sec,4,4,0,0.0,4,0.7934749999940396,0.802,0.06862668941747177,0.684289937130842,0.9026600628572372
cc-bbr_abr-bola_signals-rtt-cwnd_netem-constrained-2mbit,stall_sec,4,4,0,0.0,4,0.0,0.0,0.0,0.0,0.0
cc-bbr_abr-bola_signals-rtt-cwnd_netem-constrained-2mbit,stall_count,4,4,0,0.0,4,0.0,0.0,0.0,0.0,0.0
cc-bbr_abr-bola_signals-rtt-cwnd_netem-constrained-2mbit,switch_count,4,4,0,0.0,4,22.0,21.0,3.4641016151377544,16.488614330315833,27.511385669684167
cc-bbr_abr-bola_signals-rtt-cwnd_netem-constrained-2mbit,avg_bitrate_mbps,4,4,0,0.0,4,1.2390888743718593,1.2308589916247907,0.020779435361540186,1.2060287927116489,1.2721489560320698
cc-bbr_abr-bola_signals-rtt-cwnd_netem-constrained-2mbit,time_weighted_bitrate_mbps,4,4,0,0.0,4,1.2412430758671338,1.2331760052345997,0.02066200998374355,1.2083698179829978,1.2741163337512698
cc-bbr_abr-bola_signals-rtt-cwnd_netem-constrained-2mbit,buffer_mean_sec,4,4,0,0.0,4,18.605266647729493,18.69356343906511,0.3809288731122223,17.999208810607946,19.21132448485104
cc-bbr_abr-bola_signals-rtt-cwnd_netem-constrained-2mbit,guardrail_count,4,4,0,0.0,4,0.0,0.0,0.0,0.0,0.0
cc-bbr_abr-bola_signals-rtt-cwnd_netem-constrained-2mbit,rtt_mean_ms,4,4,0,0.0,4,99.84223322703889,100.21455877136088,1.0423135166374435,98.18391242206872,101.50055403200906
cc-bbr_abr-bola_signals-rtt-cwnd_netem-constrained-2mbit,cwnd_mean_packets,4,4,0,0.0,4,28.99853105471911,28.95628412981354,0.10822051062799459,28.82635222230997,29.170709887128247
cc-bbr_abr-bola_signals-rtt-cwnd_netem-constrained-2mbit,loss_mean_pct,4,4,0,0.0,4,0.5822734922182313,0.5759837228963918,0.07546759058044049,0.4622045556047505,0.7023424288317122
cc-bbr_abr-bola_signals-rtt-cwnd_netem-constrained-2mbit,missing_tcp_pct,4,4,0,0.0,4,0.12527847415703988,0.1669449081803005,0.08351908645637904,-0.007600392395059163,0.2581573407091389
cc-bbr_abr-bola_signals-rtt-cwnd_netem-constrained-2mbit,tcp_age_mean_ms,4,4,0,0.0,4,263.00432745906363,267.45873138668725,23.87606328998311,225.0175107647005,300.9911441534268
cc-bbr_abr-bola_signals-rtt-cwnd_netem-high-rtt-loss,startup_sec,4,4,0,0.0,4,1.4468249999992548,1.31939999999851,0.26524767514353276,1.024815948845894,1.8688340511526156
cc-bbr_abr-bola_signals-rtt-cwnd_netem-high-rtt-loss,stall_sec,4,4,0,0.0,4,0.0,0.0,0.0,0.0,0.0
cc-bbr_abr-bola_signals-rtt-cwnd_netem-high-rtt-loss,stall_count,4,4,0,0.0,4,0.0,0.0,0.0,0.0,0.0
cc-bbr_abr-bola_signals-rtt-cwnd_netem-high-rtt-loss,switch_count,4,4,0,0.0,4,4.0,3.0,2.0,0.8180000000000001,7.182
cc-bbr_abr-bola_signals-rtt-cwnd_netem-high-rtt-loss,avg_bitrate_mbps,4,4,0,0.0,4,1.3933836412852856,1.3954497423021146,0.005829179202518902,1.384109417174078,1.4026578653964932
cc-bbr_abr-bola_signals-rtt-cwnd_netem-high-rtt-loss,time_weighted_bitrate_mbps,4,4,0,0.0,4,1.393362826377076,1.3954062959776905,0.005827747278008668,1.3840908804577643,1.4026347722963879
cc-bbr_abr-bola_signals-rtt-cwnd_netem-high-rtt-loss,buffer_mean_sec,4,4,0,0.0,4,25.083688688024132,25.110652835146762,0.2716162357952699,24.651547256873858,25.515830119174407
cc-bbr_abr-bola_signals-rtt-cwnd_netem-high-rtt-loss,guardrail_count,4,4,0,0.0,4,0.0,0.0,0.0,0.0,0.0
cc-bbr_abr-bola_signals-rtt-cwnd_netem-high-rtt-loss,rtt_mean_ms,4,4,0,0.0,4,148.33117335488382,148.28884904108014,0.9209607168120852,146.86592485443578,149.79642185533186
cc-bbr_abr-bola_signals-rtt-cwnd_netem-high-rtt-loss,cwnd_mean_packets,4,4,0,0.0,4,77.7996857204883,77.77208125507482,0.7206790039413105,76.65308542521767,78.94628601575893
cc-bbr_abr-bola_signals-rtt-cwnd_netem-high-rtt-loss,loss_mean_pct,4,4,0,0.0,4,1.6660210676197575,1.7167509103259173,0.24848551679949155,1.2706806103917665,2.0613615248477486
cc-bbr_abr-bola_signals-rtt-cwnd_netem-high-rtt-loss,missing_tcp_pct,4,4,0,0.0,4,1.3764621568393245,1.417365048236245,0.8877961598981156,-0.0360215335585774,2.788945847237226
cc-bbr_abr-bola_signals-rtt-cwnd_netem-high-rtt-loss,tcp_age_mean_ms,4,4,0,0.0,4,260.18516172927605,262.9551453859544,43.21136391387493,191.43588174230104,328.93444171625106
cc-bbr_abr-bola_signals-rtt-cwnd_netem-stable-8mbit,startup_sec,4,4,0,0.0,4,0.5332500000111758,0.5410500000044703,0.04697165812554562,0.45851809193343274,0.6079819080889189
cc-bbr_abr-bola_signals-rtt-cwnd_netem-stable-8mbit,stall_sec,4,4,0,0.0,4,0.0,0.0,0.0,0.0,0.0
cc-bbr_abr-bola_signals-rtt-cwnd_netem-stable-8mbit,stall_count,4,4,0,0.0,4,0.0,0.0,0.0,0.0,0.0
cc-bbr_abr-bola_signals-rtt-cwnd_netem-stable-8mbit,switch_count,4,4,0,0.0,4,1.0,1.0,0.0,1.0,1.0
cc-bbr_abr-bola_signals-rtt-cwnd_netem-stable-8mbit,avg_bitrate_mbps,4,4,0,0.0,4,1.4036830771812079,1.4036830771812079,0.0,1.4036830771812079,1.4036830771812079
cc-bbr_abr-bola_signals-rtt-cwnd_netem-stable-8mbit,time_weighted_bitrate_mbps,4,4,0,0.0,4,1.4057439999999999,1.4057439999999994,7.980230792051355e-16,1.4057439999999986,1.4057440000000012
cc-bbr_abr-bola_signals-rtt-cwnd_netem-stable-8mbit,buffer_mean_sec,4,4,0,0.0,4,26.75760410117755,26.754265601532097,0.028208449448476943,26.712724458105022,26.802483744250075
cc-bbr_abr-bola_signals-rtt-cwnd_netem-stable-8mbit,guardrail_count,4,4,0,0.0,4,0.0,0.0,0.0,0.0,0.0
cc-bbr_abr-bola_signals-rtt-cwnd_netem-stable-8mbit,rtt_mean_ms,4,4,0,0.0,4,30.61186167998306,30.638125525124874,0.10918699998128747,30.438145163012834,30.78557819695329
cc-bbr_abr-bola_signals-rtt-cwnd_netem-stable-8mbit,cwnd_mean_packets,4,4,0,0.0,4,35.96393949206578,36.05071026381228,0.2837985270505332,35.512416035528375,36.41546294860318
cc-bbr_abr-bola_signals-rtt-cwnd_netem-stable-8mbit,loss_mean_pct,4,4,0,0.0,4,0.0,0.0,0.0,0.0,0.0
cc-bbr_abr-bola_signals-rtt-cwnd_netem-stable-8mbit,missing_tcp_pct,4,4,0,0.0,4,0.33430857449148804,0.2506965343577088,0.23662218355228365,-0.04215731954019525,0.7107744685231714
cc-bbr_abr-bola_signals-rtt-cwnd_netem-stable-8mbit,tcp_age_mean_ms,4,4,0,0.0,4,250.8963190770531,248.96503327488233,25.526446344121887,210.28374294355518,291.50889521055103
cc-bbr_abr-bola_signals-rtt-loss_netem-constrained-2mbit,startup_sec,4,4,0,0.0,4,0.8189999999925495,0.8071499999910593,0.10053480326631953,0.659049127995835,0.9789508719892639
cc-bbr_abr-bola_signals-rtt-loss_netem-constrained-2mbit,stall_sec,4,4,0,0.0,4,0.0,0.0,0.0,0.0,0.0
cc-bbr_abr-bola_signals-rtt-loss_netem-constrained-2mbit,stall_count,4,4,0,0.0,4,0.0,0.0,0.0,0.0,0.0
cc-bbr_abr-bola_signals-rtt-loss_netem-constrained-2mbit,switch_count,4,4,0,0.0,4,17.5,18.0,8.54400374531753,3.9064900411998096,31.09350995880019
cc-bbr_abr-bola_signals-rtt-loss_netem-constrained-2mbit,avg_bitrate_mbps,4,4,0,0.0,4,1.2817503219340551,1.2771520820770519,0.03841511753033958,1.2206318699432848,1.3428687739248255
cc-bbr_abr-bola_signals-rtt-loss_netem-constrained-2mbit,time_weighted_bitrate_mbps,4,4,0,0.0,4,1.2833183586932235,1.2791332824274375,0.037889001804343396,1.2230369568225132,1.3435997605639338
cc-bbr_abr-bola_signals-rtt-loss_netem-constrained-2mbit,buffer_mean_sec,4,4,0,0.0,4,19.048977227932845,18.91937014868705,0.6648134135427429,17.99125908698634,20.10669536887935
cc-bbr_abr-bola_signals-rtt-loss_netem-constrained-2mbit,guardrail_count,4,4,0,0.0,4,0.25,0.0,0.5,-0.5455,1.0455
cc-bbr_abr-bola_signals-rtt-loss_netem-constrained-2mbit,rtt_mean_ms,4,4,0,0.0,4,98.5012446191316,98.48607010796046,0.28901628602362534,98.041419708068,98.96106953019519
cc-bbr_abr-bola_signals-rtt-loss_netem-constrained-2mbit,cwnd_mean_packets,4,4,0,0.0,4,28.745816107599637,28.722000748154624,0.08690390444574755,28.60755199562645,28.884080219572823
cc-bbr_abr-bola_signals-rtt-loss_netem-constrained-2mbit,loss_mean_pct,4,4,0,0.0,4,0.5255172489756207,0.543026671306206,0.05787903429833769,0.4334317054069654,0.617602792544276
cc-bbr_abr-bola_signals-rtt-loss_netem-constrained-2mbit,missing_tcp_pct,4,4,0,0.0,4,1.4200088218379574,1.5025041736227047,0.9888717619121111,-0.15328615136421142,2.9933037950401262
cc-bbr_abr-bola_signals-rtt-loss_netem-constrained-2mbit,tcp_age_mean_ms,4,4,0,0.0,4,262.278556214401,265.91618150594087,43.11389275811244,193.68435283624413,330.87275959255794
cc-bbr_abr-bola_signals-rtt-loss_netem-high-rtt-loss,startup_sec,4,4,0,0.0,4,1.3471500000022352,1.3140499999970197,0.12188279890164838,1.1532344669497125,1.5410655330547578
cc-bbr_abr-bola_signals-rtt-loss_netem-high-rtt-loss,stall_sec,4,4,0,0.0,4,0.0,0.0,0.0,0.0,0.0
cc-bbr_abr-bola_signals-rtt-loss_netem-high-rtt-loss,stall_count,4,4,0,0.0,4,0.0,0.0,0.0,0.0,0.0
cc-bbr_abr-bola_signals-rtt-loss_netem-high-rtt-loss,switch_count,4,4,0,0.0,4,2.5,1.0,3.0,-2.2729999999999997,7.273
cc-bbr_abr-bola_signals-rtt-loss_netem-high-rtt-loss,avg_bitrate_mbps,4,4,0,0.0,4,1.3871956946308726,1.3975003087248323,0.022004634207638638,1.3521863216065195,1.4222050676552256
cc-bbr_abr-bola_signals-rtt-loss_netem-high-rtt-loss,time_weighted_bitrate_mbps,4,4,0,0.0,4,1.3872347401303795,1.397500506503483,0.02192687823206814,1.3523490768631592,1.4221204033975998
cc-bbr_abr-bola_signals-rtt-loss_netem-high-rtt-loss,buffer_mean_sec,4,4,0,0.0,4,25.128248915274764,25.22890765391015,0.2929013590788034,24.662242852980388,25.59425497756914
cc-bbr_abr-bola_signals-rtt-loss_netem-high-rtt-loss,guardrail_count,4,4,0,0.0,4,0.25,0.0,0.5,-0.5455,1.0455
cc-bbr_abr-bola_signals-rtt-loss_netem-high-rtt-loss,rtt_mean_ms,4,4,0,0.0,4,148.09165920984717,148.33527534135618,0.9256917217682508,146.61888368051387,149.56443473918046
cc-bbr_abr-bola_signals-rtt-loss_netem-high-rtt-loss,cwnd_mean_packets,4,4,0,0.0,4,78.0832470212671,78.17575264683268,0.7056022794557999,76.96063379465292,79.20586024788128
cc-bbr_abr-bola_signals-rtt-loss_netem-high-rtt-loss,loss_mean_pct,4,4,0,0.0,4,1.7200666839572725,1.7118896735787974,0.10684279670637616,1.550079794397428,1.890053573517117
cc-bbr_abr-bola_signals-rtt-loss_netem-high-rtt-loss,missing_tcp_pct,4,4,0,0.0,4,1.499448609579471,1.501393059425165,1.170530989371508,-0.362866194510598,3.3617634136695402
cc-bbr_abr-bola_signals-rtt-loss_netem-high-rtt-loss,tcp_age_mean_ms,4,4,0,0.0,4,272.7579605638267,276.7105136817371,27.738663674720822,228.62574665734587,316.89017447030756
cc-bbr_abr-bola_signals-rtt-loss_netem-stable-8mbit,startup_sec,4,4,0,0.0,4,0.5583249999955296,0.5455,0.05254346612845428,0.4747283453851589,0.6419216546059004
cc-bbr_abr-bola_signals-rtt-loss_netem-stable-8mbit,stall_sec,4,4,0,0.0,4,0.0,0.0,0.0,0.0,0.0
cc-bbr_abr-bola_signals-rtt-loss_netem-stable-8mbit,stall_count,4,4,0,0.0,4,0.0,0.0,0.0,0.0,0.0
cc-bbr_abr-bola_signals-rtt-loss_netem-stable-8mbit,switch_count,4,4,0,0.0,4,1.0,1.0,0.0,1.0,1.0
cc-bbr_abr-bola_signals-rtt-loss_netem-stable-8mbit,avg_bitrate_mbps,4,4,0,0.0,4,1.4036830771812079,1.4036830771812079,0.0,1.4036830771812079,1.4036830771812079
cc-bbr_abr-bola_signals-rtt-loss_netem-stable-8mbit,time_weighted_bitrate_mbps,4,4,0,0.0,4,1.4057440000000003,1.4057440000000003,4.2518304777254294e-16,1.4057439999999997,1.405744000000001
cc-bbr_abr-bola_signals-rtt-loss_netem-stable-8mbit,buffer_mean_sec,4,4,0,0.0,4,26.758259992266932,26.748928929765885,0.034805173683263704,26.70288496093686,26.813635023597005
cc-bbr_abr-bola_signals-rtt-loss_netem-stable-8mbit,guardrail_count,4,4,0,0.0,4,0.0,0.0,0.0,0.0,0.0
cc-bbr_abr-bola_signals-rtt-loss_netem-stable-8mbit,rtt_mean_ms,4,4,0,0.0,4,30.48460811695438,30.549533173259373,0.15287670635473477,30.241381277143997,30.727834956764763
cc-bbr_abr-bola_signals-rtt-loss_netem-stable-8mbit,cwnd_mean_packets,4,4,0,0.0,4,35.941799212999385,35.81118049551593,0.40208814257452785,35.30207697816331,36.581521447835456
cc-bbr_abr-bola_signals-rtt-loss_netem-stable-8mbit,loss_mean_pct,4,4,0,0.0,4,0.0,0.0,0.0,0.0,0.0
cc-bbr_abr-bola_signals-rtt-loss_netem-stable-8mbit,missing_tcp_pct,4,4,0,0.0,4,2.215649270523336,1.839464882943144,2.3025788426295097,-1.4477536681002139,5.879052209146886
cc-bbr_abr-bola_signals-rtt-loss_netem-stable-8mbit,tcp_age_mean_ms,4,4,0,0.0,4,228.69523942405306,233.81773440818677,23.221227225002025,191.75026690907484,265.64021193903125
cc-bbr_abr-bola_signals-rtt_netem-constrained-2mbit,startup_sec,4,4,0,0.0,4,0.92972500000149,0.8689499999955297,0.18055190159054094,0.6424669245709395,1.2169830754320405
cc-bbr_abr-bola_signals-rtt_netem-constrained-2mbit,stall_sec,4,4,0,0.0,4,0.0,0.0,0.0,0.0,0.0
cc-bbr_abr-bola_signals-rtt_netem-constrained-2mbit,stall_count,4,4,0,0.0,4,0.0,0.0,0.0,0.0,0.0
cc-bbr_abr-bola_signals-rtt_netem-constrained-2mbit,switch_count,4,4,0,0.0,4,23.0,21.0,5.41602560309064,14.383103265482791,31.61689673451721
cc-bbr_abr-bola_signals-rtt_netem-constrained-2mbit,avg_bitrate_mbps,4,4,0,0.0,4,1.2481481318378806,1.2451214750851574,0.011862320449837824,1.2292751800021886,1.2670210836735727
cc-bbr_abr-bola_signals-rtt_netem-constrained-2mbit,time_weighted_bitrate_mbps,4,4,0,0.0,4,1.2491018667076526,1.246481546593597,0.012136094092352112,1.2297933410067203,1.2684103924085848
cc-bbr_abr-bola_signals-rtt_netem-constrained-2mbit,buffer_mean_sec,4,4,0,0.0,4,18.665075949499165,18.66123121869783,0.15765725132467517,18.41424326264161,18.915908636356722
cc-bbr_abr-bola_signals-rtt_netem-constrained-2mbit,guardrail_count,4,4,0,0.0,4,0.0,0.0,0.0,0.0,0.0
cc-bbr_abr-bola_signals-rtt_netem-constrained-2mbit,rtt_mean_ms,4,4,0,0.0,4,99.47088942322277,99.65215942465838,2.1010713527906746,96.1280849009328,102.81369394551274
cc-bbr_abr-bola_signals-rtt_netem-constrained-2mbit,cwnd_mean_packets,4,4,0,0.0,4,28.859794178085195,28.929630894363783,0.24343718189438895,28.472485621691224,29.247102734479167
cc-bbr_abr-bola_signals-rtt_netem-constrained-2mbit,loss_mean_pct,4,4,0,0.0,4,0.6873827556289878,0.7227034843579165,0.10403879751565072,0.5218570287815875,0.8529084824763881
cc-bbr_abr-bola_signals-rtt_netem-constrained-2mbit,missing_tcp_pct,4,4,0,0.0,4,0.333889816360601,0.25041736227045075,0.3606422202786789,-0.23989195610277714,0.9076715888239791
cc-bbr_abr-bola_signals-rtt_netem-constrained-2mbit,tcp_age_mean_ms,4,4,0,0.0,4,274.0383379113555,267.23743844634754,39.22422150956347,211.63260148964,336.44407433307094
cc-bbr_abr-bola_signals-rtt_netem-high-rtt-loss,startup_sec,4,4,0,0.0,4,1.254800000000745,1.2629499999955298,0.06921170420732009,1.1446841786068989,1.3649158213945913
cc-bbr_abr-bola_signals-rtt_netem-high-rtt-loss,stall_sec,4,4,0,0.0,4,0.0,0.0,0.0,0.0,0.0
cc-bbr_abr-bola_signals-rtt_netem-high-rtt-loss,stall_count,4,4,0,0.0,4,0.0,0.0,0.0,0.0,0.0
cc-bbr_abr-bola_signals-rtt_netem-high-rtt-loss,switch_count,4,4,0,0.0,4,4.5,3.0,3.0,-0.2729999999999997,9.273
cc-bbr_abr-bola_signals-rtt_netem-high-rtt-loss,avg_bitrate_mbps,4,4,0,0.0,4,1.3897718481543624,1.3975003087248323,0.015456921140939661,1.3651798866191274,1.4143638096895974
cc-bbr_abr-bola_signals-rtt_netem-high-rtt-loss,time_weighted_bitrate_mbps,4,4,0,0.0,4,1.3898336251515717,1.3975006510479204,0.015466094771270884,1.3652270683704797,1.4144401819326637
cc-bbr_abr-bola_signals-rtt_netem-high-rtt-loss,buffer_mean_sec,4,4,0,0.0,4,25.208669533945464,25.3014725,0.2402363172824882,24.826453553149026,25.590885514741903
cc-bbr_abr-bola_signals-rtt_netem-high-rtt-loss,guardrail_count,4,4,0,0.0,4,0.0,0.0,0.0,0.0,0.0
cc-bbr_abr-bola_signals-rtt_netem-high-rtt-loss,rtt_mean_ms,4,4,0,0.0,4,148.0903451601966,148.37744065100395,1.1545074949763645,146.25352373568919,149.927166584704
cc-bbr_abr-bola_signals-rtt_netem-high-rtt-loss,cwnd_mean_packets,4,4,0,0.0,4,78.06678722523165,78.15466112211857,0.299497540494716,77.59028663830456,78.54328781215874
cc-bbr_abr-bola_signals-rtt_netem-high-rtt-loss,loss_mean_pct,4,4,0,0.0,4,1.4637576492263873,1.455399950801958,0.19504515302521563,1.1534408107632692,1.7740744876895054
cc-bbr_abr-bola_signals-rtt_netem-high-rtt-loss,missing_tcp_pct,4,4,0,0.0,4,0.20833333333333331,0.16666666666666666,0.25,-0.18941666666666668,0.6060833333333333
cc-bbr_abr-bola_signals-rtt_netem-high-rtt-loss,tcp_age_mean_ms,4,4,0,0.0,4,286.2728951038942,279.89674623253893,30.82483647898396,237.23058026583072,335.3152099419577
cc-bbr_abr-bola_signals-rtt_netem-stable-8mbit,startup_sec,4,4,0,0.0,4,0.48427499999850987,0.4861500000059604,0.010035063522537089,0.46830921393415337,0.5002407860628664
cc-bbr_abr-bola_signals-rtt_netem-stable-8mbit,stall_sec,4,4,0,0.0,4,0.0,0.0,0.0,0.0,0.0
cc-bbr_abr-bola_signals-rtt_netem-stable-8mbit,stall_count,4,4,0,0.0,4,0.0,0.0,0.0,0.0,0.0
cc-bbr_abr-bola_signals-rtt_netem-stable-8mbit,switch_count,4,4,0,0.0,4,1.0,1.0,0.0,1.0,1.0
cc-bbr_abr-bola_signals-rtt_netem-stable-8mbit,avg_bitrate_mbps,4,4,0,0.0,4,1.4036830771812079,1.4036830771812079,0.0,1.4036830771812079,1.4036830771812079
cc-bbr_abr-bola_signals-rtt_netem-stable-8mbit,time_weighted_bitrate_mbps,4,4,0,0.0,4,1.4057440000000003,1.4057440000000003,1.2819751242557092e-16,1.405744,1.4057440000000005
cc-bbr_abr-bola_signals-rtt_netem-stable-8mbit,buffer_mean_sec,4,4,0,0.0,4,26.754087960145394,26.75531177380361,0.023088484604255985,26.717354181140024,26.790821739150765
cc-bbr_abr-bola_signals-rtt_netem-stable-8mbit,guardrail_count,4,4,0,0.0,4,0.0,0.0,0.0,0.0,0.0
cc-bbr_abr-bola_signals-rtt_netem-stable-8mbit,rtt_mean_ms,4,4,0,0.0,4,30.895367971506914,30.76429813476451,0.3887584570117973,30.276853266401144,31.513882676612685
cc-bbr_abr-bola_signals-rtt_netem-stable-8mbit,cwnd_mean_packets,4,4,0,0.0,4,35.99104533232224,35.92867060098072,0.18285516868824198,35.700122758939244,36.28196790570523
cc-bbr_abr-bola_signals-rtt_netem-stable-8mbit,loss_mean_pct,4,4,0,0.0,4,0.0,0.0,0.0,0.0,0.0
cc-bbr_abr-bola_signals-rtt_netem-stable-8mbit,missing_tcp_pct,4,4,0,0.0,4,0.45958704864852795,0.33416898844785903,0.2510223731166667,0.060210453019911236,0.8589636442771447
cc-bbr_abr-bola_signals-rtt_netem-stable-8mbit,tcp_age_mean_ms,4,4,0,0.0,4,256.5549807463966,245.33876190145025,29.68717955451216,209.32267807516777,303.7872834176255
cc-bbr_abr-throughput_signals-cwnd-loss_netem-constrained-2mbit,startup_sec,4,4,0,0.0,4,1.0897250000014902,0.8872999999970197,0.4854287683787651,0.317407829510875,1.8620421704921055
cc-bbr_abr-throughput_signals-cwnd-loss_netem-constrained-2mbit,stall_sec,4,4,0,0.0,4,0.0,0.0,0.0,0.0,0.0
cc-bbr_abr-throughput_signals-cwnd-loss_netem-constrained-2mbit,stall_count,4,4,0,0.0,4,0.0,0.0,0.0,0.0,0.0
cc-bbr_abr-throughput_signals-cwnd-loss_netem-constrained-2mbit,switch_count,4,4,0,0.0,4,17.5,19.0,7.54983443527075,5.488213413484237,29.51178658651576
cc-bbr_abr-throughput_signals-cwnd-loss_netem-constrained-2mbit,avg_bitrate_mbps,4,4,0,0.0,4,1.2812074741731587,1.2688031007751284,0.03149516946328872,1.2310986595570663,1.3313162887892511
cc-bbr_abr-throughput_signals-cwnd-loss_netem-constrained-2mbit,time_weighted_bitrate_mbps,4,4,0,0.0,4,1.2825471137268272,1.270203125024249,0.03250499098883875,1.2308316730635847,1.3342625543900697
cc-bbr_abr-throughput_signals-cwnd-loss_netem-constrained-2mbit,buffer_mean_sec,4,4,0,0.0,4,18.580959792996225,18.365015824986088,0.6486254108309909,17.54899676436412,19.61292282162833
cc-bbr_abr-throughput_signals-cwnd-loss_netem-constrained-2mbit,guardrail_count,4,4,0,0.0,4,0.25,0.0,0.5,-0.5455,1.0455
cc-bbr_abr-throughput_signals-cwnd-loss_netem-constrained-2mbit,rtt_mean_ms,4,4,0,0.0,4,98.32046079405171,98.37360587931224,0.5467429697889922,97.45059272911743,99.19032885898599
cc-bbr_abr-throughput_signals-cwnd-loss_netem-constrained-2mbit,cwnd_mean_packets,4,4,0,0.0,4,28.725104181887303,28.751991207464084,0.07430601252447946,28.606883315960857,28.84332504781375
cc-bbr_abr-throughput_signals-cwnd-loss_netem-constrained-2mbit,loss_mean_pct,4,4,0,0.0,4,0.5390508564628312,0.5351670567756697,0.09353089201029899,0.39024320727444556,0.687858505651217
cc-bbr_abr-throughput_signals-cwnd-loss_netem-constrained-2mbit,missing_tcp_pct,4,4,0,0.0,4,1.2504876205790774,0.33430857449148804,2.0657884903389787,-2.036181867550238,4.537157108708392
cc-bbr_abr-throughput_signals-cwnd-loss_netem-constrained-2mbit,tcp_age_mean_ms,4,4,0,0.0,4,287.4981679878945,288.5536212815414,21.914819541479932,252.6316900973999,322.36464587838907
cc-bbr_abr-throughput_signals-cwnd-loss_netem-high-rtt-loss,startup_sec,4,4,0,0.0,4,1.268050000000745,1.2701500000059605,0.061937845195392305,1.169506888294876,1.3665931117066141
cc-bbr_abr-throughput_signals-cwnd-loss_netem-high-rtt-loss,stall_sec,4,4,0,0.0,4,0.0,0.0,0.0,0.0,0.0
cc-bbr_abr-throughput_signals-cwnd-loss_netem-high-rtt-loss,stall_count,4,4,0,0.0,4,0.0,0.0,0.0,0.0,0.0
cc-bbr_abr-throughput_signals-cwnd-loss_netem-high-rtt-loss,switch_count,4,4,0,0.0,4,5.0,4.0,2.8284271247461903,0.4999724445288116,9.500027555471188
cc-bbr_abr-throughput_signals-cwnd-loss_netem-high-rtt-loss,avg_bitrate_mbps,4,4,0,0.0,4,1.3835890796979866,1.3871956946308726,0.020771743813123033,1.3505412352913078,1.4166369241046655
cc-bbr_abr-throughput_signals-cwnd-loss_netem-high-rtt-loss,time_weighted_bitrate_mbps,4,4,0,0.0,4,1.3835368070335285,1.3870785472447955,0.02078987055161801,1.3504601229859043,1.4166134910811528
cc-bbr_abr-throughput_signals-cwnd-loss_netem-high-rtt-loss,buffer_mean_sec,4,4,0,0.0,4,25.155247083333332,25.233104166666667,0.2772306230993032,24.71417316198234,25.596321004684324
cc-bbr_abr-throughput_signals-cwnd-loss_netem-high-rtt-loss,guardrail_count,4,4,0,0.0,4,0.25,0.0,0.5,-0.5455,1.0455
cc-bbr_abr-throughput_signals-cwnd-loss_netem-high-rtt-loss,rtt_mean_ms,4,4,0,0.0,4,149.21337276280926,149.0559383660465,2.691298215665023,144.9315173016862,153.49522822393232
cc-bbr_abr-throughput_signals-cwnd-loss_netem-high-rtt-loss,cwnd_mean_packets,4,4,0,0.0,4,78.1268592672093,78.12063613403183,1.1881054633775503,76.23658347497562,80.01713505944298
cc-bbr_abr-throughput_signals-cwnd-loss_netem-high-rtt-loss,loss_mean_pct,4,4,0,0.0,4,1.6569589442250323,1.7390944263506123,0.3413943185811051,1.1138005833624942,2.2001173050875704
cc-bbr_abr-throughput_signals-cwnd-loss_netem-high-rtt-loss,missing_tcp_pct,4,4,0,0.0,4,2.25,1.5,2.3194028605720116,-1.4401699511700703,5.94016995117007
cc-bbr_abr-throughput_signals-cwnd-loss_netem-high-rtt-loss,tcp_age_mean_ms,4,4,0,0.0,4,263.2736030190482,268.56375350646056,18.50474802204154,233.8325489159801,292.7146571221163
cc-bbr_abr-throughput_signals-cwnd-loss_netem-stable-8mbit,startup_sec,4,4,0,0.0,4,0.5037250000014901,0.5229999999999999,0.05686477380312716,0.4132531448807148,0.5941968551222654
cc-bbr_abr-throughput_signals-cwnd-loss_netem-stable-8mbit,stall_sec,4,4,0,0.0,4,0.0,0.0,0.0,0.0,0.0
cc-bbr_abr-throughput_signals-cwnd-loss_netem-stable-8mbit,stall_count,4,4,0,0.0,4,0.0,0.0,0.0,0.0,0.0
cc-bbr_abr-throughput_signals-cwnd-loss_netem-stable-8mbit,switch_count,4,4,0,0.0,4,1.0,1.0,0.0,1.0,1.0
cc-bbr_abr-throughput_signals-cwnd-loss_netem-stable-8mbit,avg_bitrate_mbps,4,4,0,0.0,4,1.403683940214214,1.4036830771812079,1.7260660124529537e-06,1.4036811940431881,1.40368668638524
cc-bbr_abr-throughput_signals-cwnd-loss_netem-stable-8mbit,time_weighted_bitrate_mbps,4,4,0,0.0,4,1.4057439999999999,1.4057439999999999,6.661338147750939e-16,1.4057439999999988,1.405744000000001
cc-bbr_abr-throughput_signals-cwnd-loss_netem-stable-8mbit,buffer_mean_sec,4,4,0,0.0,4,26.73973167025868,26.747555788354056,0.030254255248617887,26.69159715015813,26.78786619035923
cc-bbr_abr-throughput_signals-cwnd-loss_netem-stable-8mbit,guardrail_count,4,4,0,0.0,4,0.0,0.0,0.0,0.0,0.0
cc-bbr_abr-throughput_signals-cwnd-loss_netem-stable-8mbit,rtt_mean_ms,4,4,0,0.0,4,30.490849820365185,30.52286336020895,0.1677576587318351,30.223947385322834,30.757752255407535
cc-bbr_abr-throughput_signals-cwnd-loss_netem-stable-8mbit,cwnd_mean_packets,4,4,0,0.0,4,35.95049201292186,35.9129298142601,0.2626788324548532,35.532569990486195,36.36841403535753
cc-bbr_abr-throughput_signals-cwnd-loss_netem-stable-8mbit,loss_mean_pct,4,4,0,0.0,4,0.0,0.0,0.0,0.0,0.0
cc-bbr_abr-throughput_signals-cwnd-loss_netem-stable-8mbit,missing_tcp_pct,4,4,0,0.0,4,0.20875092824719013,0.16708449422392951,0.21004929303885347,-0.1254374969776257,0.542939353472006
cc-bbr_abr-throughput_signals-cwnd-loss_netem-stable-8mbit,tcp_age_mean_ms,4,4,0,0.0,4,252.91149206506574,257.08285035257165,11.683164439805633,234.32357744133498,271.4994066887965
cc-bbr_abr-throughput_signals-cwnd_netem-constrained-2mbit,startup_sec,4,4,0,0.0,4,0.8185500000044703,0.80725,0.03160701399065488,0.7682632407453384,0.8688367592636023
cc-bbr_abr-throughput_signals-cwnd_netem-constrained-2mbit,stall_sec,4,4,0,0.0,4,0.0,0.0,0.0,0.0,0.0
cc-bbr_abr-throughput_signals-cwnd_netem-constrained-2mbit,stall_count,4,4,0,0.0,4,0.0,0.0,0.0,0.0,0.0
cc-bbr_abr-throughput_signals-cwnd_netem-constrained-2mbit,switch_count,4,4,0,0.0,4,18.0,19.0,5.033222956847166,9.992142275656159,26.007857724343843
cc-bbr_abr-throughput_signals-cwnd_netem-constrained-2mbit,avg_bitrate_mbps,4,4,0,0.0,4,1.2518531325334727,1.268922199329983,0.04977473767483007,1.172661524892818,1.3310447401741274
cc-bbr_abr-throughput_signals-cwnd_netem-constrained-2mbit,time_weighted_bitrate_mbps,4,4,0,0.0,4,1.2535401968494193,1.2710778241230154,0.05058151228108805,1.1730650108102083,1.3340153828886303
cc-bbr_abr-throughput_signals-cwnd_netem-constrained-2mbit,buffer_mean_sec,4,4,0,0.0,4,18.687060391522564,18.5724494509476,0.4523415885372074,17.967384924159866,19.406735858885263
cc-bbr_abr-throughput_signals-cwnd_netem-constrained-2mbit,guardrail_count,4,4,0,0.0,4,0.0,0.0,0.0,0.0,0.0
cc-bbr_abr-throughput_signals-cwnd_netem-constrained-2mbit,rtt_mean_ms,4,4,0,0.0,4,98.57265409076419,98.26843151260505,1.2191094331363315,96.63305098264429,100.51225719888409
cc-bbr_abr-throughput_signals-cwnd_netem-constrained-2mbit,cwnd_mean_packets,4,4,0,0.0,4,28.73334578562455,28.74206251538272,0.24918117490575675,28.33689853634949,29.12979303489961
cc-bbr_abr-throughput_signals-cwnd_netem-constrained-2mbit,loss_mean_pct,4,4,0,0.0,4,0.5956616341419952,0.579435993174376,0.058895852157610444,0.501958333359237,0.6893649349247535
cc-bbr_abr-throughput_signals-cwnd_netem-constrained-2mbit,missing_tcp_pct,4,4,0,0.0,4,1.2938928314191436,0.08361204013377926,2.477557358019252,-2.6479009251894867,5.235686588027773
cc-bbr_abr-throughput_signals-cwnd_netem-constrained-2mbit,tcp_age_mean_ms,4,4,0,0.0,4,276.69534350098996,276.23766471685957,34.61810919456697,221.6179317724339,331.772755229546
cc-bbr_abr-throughput_signals-cwnd_netem-high-rtt-loss,startup_sec,4,4,0,0.0,4,1.397449999999255,1.3557999999970198,0.13201829418843092,1.1874088939454612,1.6074911060530486
cc-bbr_abr-throughput_signals-cwnd_netem-high-rtt-loss,stall_sec,4,4,0,0.0,4,0.0,0.0,0.0,0.0,0.0
cc-bbr_abr-throughput_signals-cwnd_netem-high-rtt-loss,stall_count,4,4,0,0.0,4,0.0,0.0,0.0,0.0,0.0
cc-bbr_abr-throughput_signals-cwnd_netem-high-rtt-loss,switch_count,4,4,0,0.0,4,3.0,3.0,0.0,3.0,3.0
cc-bbr_abr-throughput_signals-cwnd_netem-high-rtt-loss,avg_bitrate_mbps,4,4,0,0.0,4,1.399561231543624,1.399561231543624,0.0016827364350995083,1.3968839978753809,1.4022384652118673
cc-bbr_abr-throughput_signals-cwnd_netem-high-rtt-loss,time_weighted_bitrate_mbps,4,4,0,0.0,4,1.399616420719913,1.399525854660164,0.0018909992815873584,1.3966078408629077,1.4026250005769185
cc-bbr_abr-throughput_signals-cwnd_netem-high-rtt-loss,buffer_mean_sec,4,4,0,0.0,4,25.350241626321647,25.359247419309963,0.0692655847320948,25.240040081012886,25.46044317163041
cc-bbr_abr-throughput_signals-cwnd_netem-high-rtt-loss,guardrail_count,4,4,0,0.0,4,0.0,0.0,0.0,0.0,0.0
cc-bbr_abr-throughput_signals-cwnd_netem-high-rtt-loss,rtt_mean_ms,4,4,0,0.0,4,150.98748866009453,150.2353648138422,3.9867410051314347,144.64458372093043,157.33039359925863
cc-bbr_abr-throughput_signals-cwnd_netem-high-rtt-loss,cwnd_mean_packets,4,4,0,0.0,4,78.24253384560949,78.11488145384523,0.6500082616014007,77.20837070140166,79.27669698981731
cc-bbr_abr-throughput_signals-cwnd_netem-high-rtt-loss,loss_mean_pct,4,4,0,0.0,4,1.4438786854055237,1.4347180875319023,0.24173870395628377,1.0592724074110762,1.8284849633999711
cc-bbr_abr-throughput_signals-cwnd_netem-high-rtt-loss,missing_tcp_pct,4,4,0,0.0,4,1.1668057874234836,0.4169449081803005,1.672120574742523,-1.4935380469918702,3.8271496218388377
cc-bbr_abr-throughput_signals-cwnd_netem-high-rtt-loss,tcp_age_mean_ms,4,4,0,0.0,4,251.97996188154366,256.809060884731,27.18331212737456,208.73131228689073,295.2286114761966
cc-bbr_abr-throughput_signals-cwnd_netem-stable-8mbit,startup_sec,4,4,0,0.0,4,0.5017749999947846,0.5094999999925494,0.04377414572004514,0.4321303341541928,0.5714196658353764
cc-bbr_abr-throughput_signals-cwnd_netem-stable-8mbit,stall_sec,4,4,0,0.0,4,0.0,0.0,0.0,0.0,0.0
cc-bbr_abr-throughput_signals-cwnd_netem-stable-8mbit,stall_count,4,4,0,0.0,4,0.0,0.0,0.0,0.0,0.0
cc-bbr_abr-throughput_signals-cwnd_netem-stable-8mbit,switch_count,4,4,0,0.0,4,1.0,1.0,0.0,1.0,1.0
cc-bbr_abr-throughput_signals-cwnd_netem-stable-8mbit,avg_bitrate_mbps,4,4,0,0.0,4,1.4036830771812079,1.4036830771812079,0.0,1.4036830771812079,1.4036830771812079
cc-bbr_abr-throughput_signals-cwnd_netem-stable-8mbit,time_weighted_bitrate_mbps,4,4,0,0.0,4,1.4057439999999999,1.4057439999999999,5.285718846720614e-16,1.405743999999999,1.4057440000000008
cc-bbr_abr-throughput_signals-cwnd_netem-stable-8mbit,buffer_mean_sec,4,4,0,0.0,4,26.753945313677754,26.745808963936547,0.018695369703430404,26.724200980479598,26.78368964687591
cc-bbr_abr-throughput_signals-cwnd_netem-stable-8mbit,guardrail_count,4,4,0,0.0,4,0.0,0.0,0.0,0.0,0.0
cc-bbr_abr-throughput_signals-cwnd_netem-stable-8mbit,rtt_mean_ms,4,4,0,0.0,4,30.60201508837311,30.631902269530748,0.1352173051544461,30.386884355872386,30.817145820873836
cc-bbr_abr-throughput_signals-cwnd_netem-stable-8mbit,cwnd_mean_packets,4,4,0,0.0,4,35.9759806279314,35.992296038286185,0.08787726645819748,35.83616789699641,36.11579335886639
cc-bbr_abr-throughput_signals-cwnd_netem-stable-8mbit,loss_mean_pct,4,4,0,0.0,4,0.0,0.0,0.0,0.0,0.0
cc-bbr_abr-throughput_signals-cwnd_netem-stable-8mbit,missing_tcp_pct,4,4,0,0.0,4,0.2923629683809694,0.2508361204013378,0.28509921189052234,-0.1612298777368516,0.7459558144987904
cc-bbr_abr-throughput_signals-cwnd_netem-stable-8mbit,tcp_age_mean_ms,4,4,0,0.0,4,254.02108117855275,265.2133859813122,31.693447551335602,203.5968061243778,304.4453562327277
cc-bbr_abr-throughput_signals-loss_netem-constrained-2mbit,startup_sec,4,4,0,0.0,4,0.8051250000037253,0.8103500000014902,0.09642936533591107,0.6517058797542908,0.9585441202531598
cc-bbr_abr-throughput_signals-loss_netem-constrained-2mbit,stall_sec,4,4,0,0.0,4,0.0,0.0,0.0,0.0,0.0
cc-bbr_abr-throughput_signals-loss_netem-constrained-2mbit,stall_count,4,4,0,0.0,4,0.0,0.0,0.0,0.0,0.0
cc-bbr_abr-throughput_signals-loss_netem-constrained-2mbit,switch_count,4,4,0,0.0,4,23.25,24.5,5.909032633745279,13.84872907971126,32.65127092028874
cc-bbr_abr-throughput_signals-loss_netem-constrained-2mbit,avg_bitrate_mbps,4,4,0,0.0,4,1.2368493037207853,1.2563270956375838,0.048308168811180066,1.1599910071421977,1.3137076002993728
cc-bbr_abr-throughput_signals-loss_netem-constrained-2mbit,time_weighted_bitrate_mbps,4,4,0,0.0,4,1.2380114445053518,1.256528446667839,0.047494485678451236,1.1624477177909358,1.3135751712197679
cc-bbr_abr-throughput_signals-loss_netem-constrained-2mbit,buffer_mean_sec,4,4,0,0.0,4,18.53875265911413,18.5931856187291,0.16235691482960907,18.280442807620222,18.79706251060804
cc-bbr_abr-throughput_signals-loss_netem-constrained-2mbit,guardrail_count,4,4,0,0.0,4,0.0,0.0,0.0,0.0,0.0
cc-bbr_abr-throughput_signals-loss_netem-constrained-2mbit,rtt_mean_ms,4,4,0,0.0,4,99.1134048347057,98.7034793147242,1.052119490920479,97.43948272465123,100.78732694476018
cc-bbr_abr-throughput_signals-loss_netem-constrained-2mbit,cwnd_mean_packets,4,4,0,0.0,4,28.835326585830067,28.782109469165825,0.21951001095893438,28.486086158394404,29.18456701326573
cc-bbr_abr-throughput_signals-loss_netem-constrained-2mbit,loss_mean_pct,4,4,0,0.0,4,0.5487782661814978,0.5408773434017274,0.13210768447103277,0.33859494018808467,0.758961592174911
cc-bbr_abr-throughput_signals-loss_netem-constrained-2mbit,missing_tcp_pct,4,4,0,0.0,4,0.9615384615384616,0.08361204013377926,1.8133085105477282,-1.9234353787429739,3.8465123018198972
cc-bbr_abr-throughput_signals-loss_netem-constrained-2mbit,tcp_age_mean_ms,4,4,0,0.0,4,262.34115775682585,272.1302268824183,24.947649309665987,222.64944770514728,302.0328678085044
cc-bbr_abr-throughput_signals-loss_netem-high-rtt-loss,startup_sec,4,4,0,0.0,4,1.3678249999955296,1.3167999999895692,0.12493537996748734,1.1690528104672573,1.566597189523802
cc-bbr_abr-throughput_signals-loss_netem-high-rtt-loss,stall_sec,4,4,0,0.0,4,0.0,0.0,0.0,0.0,0.0
cc-bbr_abr-throughput_signals-loss_netem-high-rtt-loss,stall_count,4,4,0,0.0,4,0.0,0.0,0.0,0.0,0.0
cc-bbr_abr-throughput_signals-loss_netem-high-rtt-loss,switch_count,4,4,0,0.0,4,7.5,6.0,5.744562646538029,-1.6395991706420041,16.639599170642004
cc-bbr_abr-throughput_signals-loss_netem-high-rtt-loss,avg_bitrate_mbps,4,4,0,0.0,4,1.373799696308725,1.3779215419463087,0.030959606692251753,1.3245429620613525,1.4230564305560973
cc-bbr_abr-throughput_signals-loss_netem-high-rtt-loss,time_weighted_bitrate_mbps,4,4,0,0.0,4,1.3737224963335968,1.3779930080491374,0.0312786082314404,1.3239582306373752,1.4234867620298184
cc-bbr_abr-throughput_signals-loss_netem-high-rtt-loss,buffer_mean_sec,4,4,0,0.0,4,24.970782293405676,25.10113689482471,0.5353360590406305,24.119062623472033,25.82250196333932
cc-bbr_abr-throughput_signals-loss_netem-high-rtt-loss,guardrail_count,4,4,0,0.0,4,0.75,0.5,0.9574271077563381,-0.773266528440334,2.2732665284403337
cc-bbr_abr-throughput_signals-loss_netem-high-rtt-loss,rtt_mean_ms,4,4,0,0.0,4,147.31409828146582,147.07572544145373,0.6126348297681905,146.33939626730464,148.288800295627
cc-bbr_abr-throughput_signals-loss_netem-high-rtt-loss,cwnd_mean_packets,4,4,0,0.0,4,77.6418345449224,77.47458520005412,0.6580888293444211,76.59481521743542,78.68885387240938
cc-bbr_abr-throughput_signals-loss_netem-high-rtt-loss,loss_mean_pct,4,4,0,0.0,4,1.4860816795232918,1.4554340132828067,0.106871408715727,1.31604926825657,1.6561140907900136
cc-bbr_abr-throughput_signals-loss_netem-high-rtt-loss,missing_tcp_pct,4,4,0,0.0,4,1.0014607679465777,0.8343071786310517,0.7591253711606119,-0.20630769756995582,2.209229233463111
cc-bbr_abr-throughput_signals-loss_netem-high-rtt-loss,tcp_age_mean_ms,4,4,0,0.0,4,261.3092161863119,260.99925542644036,18.70954731544837,231.54232640743356,291.07610596519027
cc-bbr_abr-throughput_signals-loss_netem-stable-8mbit,startup_sec,4,4,0,0.0,4,0.5285499999970198,0.52539999999851,0.0336813994104322,0.47496289353502213,0.5821371064590174
cc-bbr_abr-throughput_signals-loss_netem-stable-8mbit,stall_sec,4,4,0,0.0,4,0.0,0.0,0.0,0.0,0.0
cc-bbr_abr-throughput_signals-loss_netem-stable-8mbit,stall_count,4,4,0,0.0,4,0.0,0.0,0.0,0.0,0.0
cc-bbr_abr-throughput_signals-loss_netem-stable-8mbit,switch_count,4,4,0,0.0,4,1.0,1.0,0.0,1.0,1.0
cc-bbr_abr-throughput_signals-loss_netem-stable-8mbit,avg_bitrate_mbps,4,4,0,0.0,4,1.4036830771812079,1.4036830771812079,0.0,1.4036830771812079,1.4036830771812079
cc-bbr_abr-throughput_signals-loss_netem-stable-8mbit,time_weighted_bitrate_mbps,4,4,0,0.0,4,1.4057439999999999,1.4057439999999999,3.3306690738754696e-16,1.4057439999999994,1.4057440000000003
cc-bbr_abr-throughput_signals-loss_netem-stable-8mbit,buffer_mean_sec,4,4,0,0.0,4,26.706888615052865,26.7092061769616,0.018218089428035447,26.67790363477286,26.73587359533287
cc-bbr_abr-throughput_signals-loss_netem-stable-8mbit,guardrail_count,4,4,0,0.0,4,0.0,0.0,0.0,0.0,0.0
cc-bbr_abr-throughput_signals-loss_netem-stable-8mbit,rtt_mean_ms,4,4,0,0.0,4,30.724641762688137,30.709062519042703,0.15519193001214726,30.47773140203881,30.971552123337464
cc-bbr_abr-throughput_signals-loss_netem-stable-8mbit,cwnd_mean_packets,4,4,0,0.0,4,35.9971341349607,35.97508796622097,0.1445153885560027,35.767210151768104,36.2270581181533
cc-bbr_abr-throughput_signals-loss_netem-stable-8mbit,loss_mean_pct,4,4,0,0.0,4,0.0,0.0,0.0,0.0,0.0
cc-bbr_abr-throughput_signals-loss_netem-stable-8mbit,missing_tcp_pct,4,4,0,0.0,4,0.8764607679465777,0.5008347245409015,1.1435015352272966,-0.942850174600051,2.695771710493206
cc-bbr_abr-throughput_signals-loss_netem-stable-8mbit,tcp_age_mean_ms,4,4,0,0.0,4,252.04636208228237,244.7294403563892,24.100145720778677,213.7030302405235,290.38969392404124
cc-bbr_abr-throughput_signals-none_netem-constrained-2mbit,startup_sec,4,4,0,0.0,4,0.8493500000014902,0.8464500000029802,0.048568062207170415,0.7720782130298821,0.9266217869730983
cc-bbr_abr-throughput_signals-none_netem-constrained-2mbit,stall_sec,4,4,0,0.0,4,0.0,0.0,0.0,0.0,0.0
cc-bbr_abr-throughput_signals-none_netem-constrained-2mbit,stall_count,4,4,0,0.0,4,0.0,0.0,0.0,0.0,0.0
cc-bbr_abr-throughput_signals-none_netem-constrained-2mbit,switch_count,4,4,0,0.0,4,23.5,25.0,6.191391873668904,13.649495528992775,33.35050447100723
cc-bbr_abr-throughput_signals-none_netem-constrained-2mbit,avg_bitrate_mbps,4,4,0,0.0,4,1.2558627838802514,1.2635403255033557,0.031243550975520545,1.2061542942781982,1.3055712734823046
cc-bbr_abr-throughput_signals-none_netem-constrained-2mbit,time_weighted_bitrate_mbps,4,4,0,0.0,4,1.2568614054006149,1.2640575853219524,0.03180873091772445,1.2062537145105152,1.3074690962907145
cc-bbr_abr-throughput_signals-none_netem-constrained-2mbit,buffer_mean_sec,4,4,0,0.0,4,18.372315986510404,18.51781385642738,0.30074945781453033,17.893823599127487,18.850808373893322
cc-bbr_abr-throughput_signals-none_netem-constrained-2mbit,guardrail_count,4,4,0,0.0,4,0.0,0.0,0.0,0.0,0.0
cc-bbr_abr-throughput_signals-none_netem-constrained-2mbit,rtt_mean_ms,4,4,0,0.0,4,98.07478155605725,98.1799352088637,0.8265802582948326,96.75969236511017,99.38987074700432
cc-bbr_abr-throughput_signals-none_netem-constrained-2mbit,cwnd_mean_packets,4,4,0,0.0,4,28.70570840764567,28.699615662970775,0.13311392419638107,28.49392415424923,28.91749266104211
cc-bbr_abr-throughput_signals-none_netem-constrained-2mbit,loss_mean_pct,4,4,0,0.0,4,0.5167886274297635,0.5411718266575885,0.07507402342444389,0.3973458561614733,0.6362313986980537
cc-bbr_abr-throughput_signals-none_netem-constrained-2mbit,missing_tcp_pct,4,4,0,0.0,4,0.7929883138564273,0.25041736227045075,1.2741517130612476,-1.2341870616240178,2.8201636893368724
cc-bbr_abr-throughput_signals-none_netem-constrained-2mbit,tcp_age_mean_ms,4,4,0,0.0,4,300.6081160949992,296.44598544967675,19.836055302290674,269.04895210905477,332.16728008094367
cc-bbr_abr-throughput_signals-none_netem-high-rtt-loss,startup_sec,4,4,0,0.0,4,1.553425000000745,1.2943000000044704,0.568723772292976,0.6485854782826203,2.4582645217188697
cc-bbr_abr-throughput_signals-none_netem-high-rtt-loss,stall_sec,4,4,0,0.0,4,0.0,0.0,0.0,0.0,0.0
cc-bbr_abr-throughput_signals-none_netem-high-rtt-loss,stall_count,4,4,0,0.0,4,0.0,0.0,0.0,0.0,0.0
cc-bbr_abr-throughput_signals-none_netem-high-rtt-loss,switch_count,4,4,0,0.0,4,3.0,3.0,0.0,3.0,3.0
cc-bbr_abr-throughput_signals-none_netem-high-rtt-loss,avg_bitrate_mbps,4,4,0,0.0,4,1.401106923657718,1.4005916929530202,0.001973183373704967,1.3979675889101535,1.4042462584052826
cc-bbr_abr-throughput_signals-none_netem-high-rtt-loss,time_weighted_bitrate_mbps,4,4,0,0.0,4,1.4011009232165574,1.4005930478878073,0.0019616892045317617,1.3979798756921473,1.4042219707409676
cc-bbr_abr-throughput_signals-none_netem-high-rtt-loss,buffer_mean_sec,4,4,0,0.0,4,25.335792156983583,25.312925247634947,0.10665508497145891,25.166103916793993,25.505480397173173
cc-bbr_abr-throughput_signals-none_netem-high-rtt-loss,guardrail_count,4,4,0,0.0,4,0.0,0.0,0.0,0.0,0.0
cc-bbr_abr-throughput_signals-none_netem-high-rtt-loss,rtt_mean_ms,4,4,0,0.0,4,149.9794087090877,149.19753257386287,3.996833551591367,143.62044652850582,156.33837088966956
cc-bbr_abr-throughput_signals-none_netem-high-rtt-loss,cwnd_mean_packets,4,4,0,0.0,4,78.53925268858521,78.27511645916304,1.37280747324941,76.3551159986454,80.72338937852501
cc-bbr_abr-throughput_signals-none_netem-high-rtt-loss,loss_mean_pct,4,4,0,0.0,4,1.5064405236333491,1.5414307239820904,0.42529906080706403,0.8297897178893102,2.183091329377388
cc-bbr_abr-throughput_signals-none_netem-high-rtt-loss,missing_tcp_pct,4,4,0,0.0,4,1.7545286365421373,0.6670840289371174,2.291658650662129,-1.89150027666131,5.400557549745585
cc-bbr_abr-throughput_signals-none_netem-high-rtt-loss,tcp_age_mean_ms,4,4,0,0.0,4,240.70087173955443,235.069324771634,30.894597475029524,191.54756715678246,289.8541763223264
cc-bbr_abr-throughput_signals-none_netem-stable-8mbit,startup_sec,4,4,0,0.0,4,0.48292500000447036,0.47784999999403954,0.06263233323965403,0.3832769578201808,0.5825730421887599
cc-bbr_abr-throughput_signals-none_netem-stable-8mbit,stall_sec,4,4,0,0.0,4,0.0,0.0,0.0,0.0,0.0
cc-bbr_abr-throughput_signals-none_netem-stable-8mbit,stall_count,4,4,0,0.0,4,0.0,0.0,0.0,0.0,0.0
cc-bbr_abr-throughput_signals-none_netem-stable-8mbit,switch_count,4,4,0,0.0,4,1.0,1.0,0.0,1.0,1.0
cc-bbr_abr-throughput_signals-none_netem-stable-8mbit,avg_bitrate_mbps,4,4,0,0.0,4,1.4036830771812079,1.4036830771812079,0.0,1.4036830771812079,1.4036830771812079
cc-bbr_abr-throughput_signals-none_netem-stable-8mbit,time_weighted_bitrate_mbps,4,4,0,0.0,4,1.405744,1.405744,2.7940000073818173e-16,1.4057439999999997,1.4057440000000005
cc-bbr_abr-throughput_signals-none_netem-stable-8mbit,buffer_mean_sec,4,4,0,0.0,4,26.757740089390904,26.759334364408907,0.03691529581994168,26.699007853741378,26.81647232504043
cc-bbr_abr-throughput_signals-none_netem-stable-8mbit,guardrail_count,4,4,0,0.0,4,0.0,0.0,0.0,0.0,0.0
cc-bbr_abr-throughput_signals-none_netem-stable-8mbit,rtt_mean_ms,4,4,0,0.0,4,30.793581639642156,30.773174547686676,0.2238315798998746,30.437465596021454,31.149697683262858
cc-bbr_abr-throughput_signals-none_netem-stable-8mbit,cwnd_mean_packets,4,4,0,0.0,4,35.87812289776217,35.88307844877082,0.22831234390409805,35.51487795861075,36.24136783691359
cc-bbr_abr-throughput_signals-none_netem-stable-8mbit,loss_mean_pct,4,4,0,0.0,4,0.0,0.0,0.0,0.0,0.0
cc-bbr_abr-throughput_signals-none_netem-stable-8mbit,missing_tcp_pct,4,4,0,0.0,4,1.504946929386212,0.4179206146252673,2.4690843811105108,-2.4233663209606107,5.433260179733034
cc-bbr_abr-throughput_signals-none_netem-stable-8mbit,tcp_age_mean_ms,4,4,0,0.0,4,259.3592989903334,256.13835371704045,28.48988427906781,214.0318931023365,304.68670487833026
cc-bbr_abr-throughput_signals-rtt-cwnd-loss_netem-constrained-2mbit,startup_sec,4,4,0,0.0,4,0.8825499999970198,0.8141999999955296,0.14255114871298452,0.6557511223946614,1.109348877599378
cc-bbr_abr-throughput_signals-rtt-cwnd-loss_netem-constrained-2mbit,stall_sec,4,4,0,0.0,4,0.0,0.0,0.0,0.0,0.0
cc-bbr_abr-throughput_signals-rtt-cwnd-loss_netem-constrained-2mbit,stall_count,4,4,0,0.0,4,0.0,0.0,0.0,0.0,0.0
cc-bbr_abr-throughput_signals-rtt-cwnd-loss_netem-constrained-2mbit,switch_count,4,4,0,0.0,4,16.5,14.0,10.246950765959598,0.19710133135827945,32.80289866864172
cc-bbr_abr-throughput_signals-rtt-cwnd-loss_netem-constrained-2mbit,avg_bitrate_mbps,4,4,0,0.0,4,1.2857824121389947,1.3047587818791944,0.06312288041231588,1.1853539094030001,1.3862109148749893
cc-bbr_abr-throughput_signals-rtt-cwnd-loss_netem-constrained-2mbit,time_weighted_bitrate_mbps,4,4,0,0.0,4,1.2864853939666856,1.3050734487271534,0.06251618069003972,1.1870221504888323,1.385948637444539
cc-bbr_abr-throughput_signals-rtt-cwnd-loss_netem-constrained-2mbit,buffer_mean_sec,4,4,0,0.0,4,19.19131248220278,19.227337953166092,0.6753793787708886,18.116783890578294,20.265841073827264
cc-bbr_abr-throughput_signals-rtt-cwnd-loss_netem-constrained-2mbit,guardrail_count,4,4,0,0.0,4,0.25,0.0,0.5,-0.5455,1.0455
cc-bbr_abr-throughput_signals-rtt-cwnd-loss_netem-constrained-2mbit,rtt_mean_ms,4,4,0,0.0,4,99.01040966428909,99.01284644766997,0.8287262204442128,97.69190624756234,100.32891308101583
cc-bbr_abr-throughput_signals-rtt-cwnd-loss_netem-constrained-2mbit,cwnd_mean_packets,4,4,0,0.0,4,28.873113777654574,28.93243824375388,0.1465985629158302,28.63987546405549,29.106352091253658
cc-bbr_abr-throughput_signals-rtt-cwnd-loss_netem-constrained-2mbit,loss_mean_pct,4,4,0,0.0,4,0.4916272316011847,0.4649463012167331,0.0633301954706285,0.39086889060741475,0.5923855725949546
cc-bbr_abr-throughput_signals-rtt-cwnd-loss_netem-constrained-2mbit,missing_tcp_pct,4,4,0,0.0,4,0.5426407446077911,0.25055694831407976,0.7634724680453013,-0.6720439520522833,1.7573254412678656
cc-bbr_abr-throughput_signals-rtt-cwnd-loss_netem-constrained-2mbit,tcp_age_mean_ms,4,4,0,0.0,4,284.6472193888053,290.9169179231702,36.24525057428986,226.98102572511013,342.31341305250044
cc-bbr_abr-throughput_signals-rtt-cwnd-loss_netem-high-rtt-loss,startup_sec,4,4,0,0.0,4,1.4492750000059604,1.3319999999999999,0.2454332410926854,1.058790713427498,1.8397592865844228
cc-bbr_abr-throughput_signals-rtt-cwnd-loss_netem-high-rtt-loss,stall_sec,4,4,0,0.0,4,0.0,0.0,0.0,0.0,0.0
cc-bbr_abr-throughput_signals-rtt-cwnd-loss_netem-high-rtt-loss,stall_count,4,4,0,0.0,4,0.0,0.0,0.0,0.0,0.0
cc-bbr_abr-throughput_signals-rtt-cwnd-loss_netem-high-rtt-loss,switch_count,4,4,0,0.0,4,4.0,3.0,2.0,0.8180000000000001,7.182
cc-bbr_abr-throughput_signals-rtt-cwnd-loss_netem-high-rtt-loss,avg_bitrate_mbps,4,4,0,0.0,4,1.3866821899921868,1.4005916929530202,0.028527186770824973,1.3412954358398044,1.4320689441445693
cc-bbr_abr-throughput_signals-rtt-cwnd-loss_netem-high-rtt-loss,time_weighted_bitrate_mbps,4,4,0,0.0,4,1.3866265273692122,1.4005254348983687,0.02854536666259726,1.34121084900902,1.4320422057294044
cc-bbr_abr-throughput_signals-rtt-cwnd-loss_netem-high-rtt-loss,buffer_mean_sec,4,4,0,0.0,4,25.174500319711978,25.306013995016613,0.3165159401002723,24.670923459012446,25.67807718041151
cc-bbr_abr-throughput_signals-rtt-cwnd-loss_netem-high-rtt-loss,guardrail_count,4,4,0,0.0,4,0.25,0.0,0.5,-0.5455,1.0455
cc-bbr_abr-throughput_signals-rtt-cwnd-loss_netem-high-rtt-loss,rtt_mean_ms,4,4,0,0.0,4,150.9257668066084,150.72347325582086,4.064128375240179,144.45973856160128,157.39179505161553
cc-bbr_abr-throughput_signals-rtt-cwnd-loss_netem-high-rtt-loss,cwnd_mean_packets,4,4,0,0.0,4,78.66825574696728,78.75306510333013,0.8771137283132981,77.27276780522082,80.06374368871373
cc-bbr_abr-throughput_signals-rtt-cwnd-loss_netem-high-rtt-loss,loss_mean_pct,4,4,0,0.0,4,1.5176211240208517,1.4502204409650714,0.32083808881469233,1.0071677247166761,2.028074523325027
cc-bbr_abr-throughput_signals-rtt-cwnd-loss_netem-high-rtt-loss,missing_tcp_pct,4,4,0,0.0,4,2.1662624769595693,1.7450179978812972,2.3390374478450844,-1.55514610256196,5.887671056481098
cc-bbr_abr-throughput_signals-rtt-cwnd-loss_netem-high-rtt-loss,tcp_age_mean_ms,4,4,0,0.0,4,286.9150345514279,282.16422875104854,16.86304400323152,260.0859315422865,313.74413756056924
cc-bbr_abr-throughput_signals-rtt-cwnd-loss_netem-stable-8mbit,startup_sec,4,4,0,0.0,4,0.5375500000044704,0.5261999999955297,0.03709964061592825,0.47852447178452856,0.5965755282244123
cc-bbr_abr-throughput_signals-rtt-cwnd-loss_netem-stable-8mbit,stall_sec,4,4,0,0.0,4,0.0,0.0,0.0,0.0,0.0
cc-bbr_abr-throughput_signals-rtt-cwnd-loss_netem-stable-8mbit,stall_count,4,4,0,0.0,4,0.0,0.0,0.0,0.0,0.0
cc-bbr_abr-throughput_signals-rtt-cwnd-loss_netem-stable-8mbit,switch_count,4,4,0,0.0,4,1.0,1.0,0.0,1.0,1.0
cc-bbr_abr-throughput_signals-rtt-cwnd-loss_netem-stable-8mbit,avg_bitrate_mbps,4,4,0,0.0,4,1.4036830771812079,1.4036830771812079,0.0,1.4036830771812079,1.4036830771812079
cc-bbr_abr-throughput_signals-rtt-cwnd-loss_netem-stable-8mbit,time_weighted_bitrate_mbps,4,4,0,0.0,4,1.4057439999999994,1.4057439999999994,1.2819751242557092e-16,1.4057439999999992,1.4057439999999997
cc-bbr_abr-throughput_signals-rtt-cwnd-loss_netem-stable-8mbit,buffer_mean_sec,4,4,0,0.0,4,26.730824443979934,26.725308118729096,0.04108993729154361,26.665450353749087,26.79619853421078
cc-bbr_abr-throughput_signals-rtt-cwnd-loss_netem-stable-8mbit,guardrail_count,4,4,0,0.0,4,0.0,0.0,0.0,0.0,0.0
cc-bbr_abr-throughput_signals-rtt-cwnd-loss_netem-stable-8mbit,rtt_mean_ms,4,4,0,0.0,4,30.702071881651307,30.736288353862975,0.1659323752403707,30.438073472643875,30.966070290658738
cc-bbr_abr-throughput_signals-rtt-cwnd-loss_netem-stable-8mbit,cwnd_mean_packets,4,4,0,0.0,4,35.95559433536389,36.00604538072126,0.18354541280122735,35.66357358359714,36.24761508713064
cc-bbr_abr-throughput_signals-rtt-cwnd-loss_netem-stable-8mbit,loss_mean_pct,4,4,0,0.0,4,0.0,0.0,0.0,0.0,0.0
cc-bbr_abr-throughput_signals-rtt-cwnd-loss_netem-stable-8mbit,missing_tcp_pct,4,4,0,0.0,4,0.9608416945373467,0.500278706800446,1.3052594088002576,-1.1158260248638632,3.0375094139385563
cc-bbr_abr-throughput_signals-rtt-cwnd-loss_netem-stable-8mbit,tcp_age_mean_ms,4,4,0,0.0,4,232.10883043316926,231.87235574330896,19.205987317256103,201.5521046114148,262.66555625492373
cc-bbr_abr-throughput_signals-rtt-cwnd_netem-constrained-2mbit,startup_sec,4,4,0,0.0,4,0.863,0.8658999999985099,0.04102714548340482,0.7977258115359029,0.928274188464097
cc-bbr_abr-throughput_signals-rtt-cwnd_netem-constrained-2mbit,stall_sec,4,4,0,0.0,4,0.0,0.0,0.0,0.0,0.0
cc-bbr_abr-throughput_signals-rtt-cwnd_netem-constrained-2mbit,stall_count,4,4,0,0.0,4,0.0,0.0,0.0,0.0,0.0
cc-bbr_abr-throughput_signals-rtt-cwnd_netem-constrained-2mbit,switch_count,4,4,0,0.0,4,23.0,28.0,10.708252269472673,5.963170639268977,40.03682936073102
cc-bbr_abr-throughput_signals-rtt-cwnd_netem-constrained-2mbit,avg_bitrate_mbps,4,4,0,0.0,4,1.2764763272332016,1.2718944850033163,0.03827052125695276,1.2155879279133897,1.3373647265530135
cc-bbr_abr-throughput_signals-rtt-cwnd_netem-constrained-2mbit,time_weighted_bitrate_mbps,4,4,0,0.0,4,1.2772198606845497,1.273020869654828,0.03805223330557915,1.2166787574953732,1.3377609638737262
cc-bbr_abr-throughput_signals-rtt-cwnd_netem-constrained-2mbit,buffer_mean_sec,4,4,0,0.0,4,18.944239461951636,18.707949908152383,0.5277292946300144,18.104622154195283,19.783856769707988
cc-bbr_abr-throughput_signals-rtt-cwnd_netem-constrained-2mbit,guardrail_count,4,4,0,0.0,4,0.0,0.0,0.0,0.0,0.0
cc-bbr_abr-throughput_signals-rtt-cwnd_netem-constrained-2mbit,rtt_mean_ms,4,4,0,0.0,4,98.50398733242895,98.46664162000185,0.4923872484720861,97.72059922010986,99.28737544474804
cc-bbr_abr-throughput_signals-rtt-cwnd_netem-constrained-2mbit,cwnd_mean_packets,4,4,0,0.0,4,28.81441587640705,28.84277450549829,0.16099596176507402,28.55827130123882,29.070560451575282
cc-bbr_abr-throughput_signals-rtt-cwnd_netem-constrained-2mbit,loss_mean_pct,4,4,0,0.0,4,0.5558167214161137,0.5636038043424192,0.08037821133340312,0.4279349871846694,0.683698455647558
cc-bbr_abr-throughput_signals-rtt-cwnd_netem-constrained-2mbit,missing_tcp_pct,4,4,0,0.0,4,1.1278552325224314,1.0851419031719534,0.7646077196129103,-0.08863564938170887,2.3443461144265716
cc-bbr_abr-throughput_signals-rtt-cwnd_netem-constrained-2mbit,tcp_age_mean_ms,4,4,0,0.0,4,272.1132248763454,278.66503867646657,26.596996657562,229.79740319416425,314.4290465585265
cc-bbr_abr-throughput_signals-rtt-cwnd_netem-high-rtt-loss,startup_sec,4,4,0,0.0,4,1.3419750000052155,1.2835500000044704,0.13528886071445032,1.126730422608525,1.557219577401906
cc-bbr_abr-throughput_signals-rtt-cwnd_netem-high-rtt-loss,stall_sec,4,4,0,0.0,4,0.0,0.0,0.0,0.0,0.0
cc-bbr_abr-throughput_signals-rtt-cwnd_netem-high-rtt-loss,stall_count,4,4,0,0.0,4,0.0,0.0,0.0,0.0,0.0
cc-bbr_abr-throughput_signals-rtt-cwnd_netem-high-rtt-loss,switch_count,4,4,0,0.0,4,3.0,3.0,1.632993161855452,0.4019078794879758,5.598092120512025
cc-bbr_abr-throughput_signals-rtt-cwnd_netem-high-rtt-loss,avg_bitrate_mbps,4,4,0,0.0,4,1.3985307701342282,1.399561231543624,0.0035696230326257026,1.3928514998893207,1.4042100403791358
cc-bbr_abr-throughput_signals-rtt-cwnd_netem-high-rtt-loss,time_weighted_bitrate_mbps,4,4,0,0.0,4,1.398506204142869,1.399562165745744,0.003617606927418647,1.392750591521346,1.404261816764392
cc-bbr_abr-throughput_signals-rtt-cwnd_netem-high-rtt-loss,buffer_mean_sec,4,4,0,0.0,4,25.337935175987756,25.354032554257095,0.0803396695789937,25.210114761687578,25.465755590287934
cc-bbr_abr-throughput_signals-rtt-cwnd_netem-high-rtt-loss,guardrail_count,4,4,0,0.0,4,0.0,0.0,0.0,0.0,0.0
cc-bbr_abr-throughput_signals-rtt-cwnd_netem-high-rtt-loss,rtt_mean_ms,4,4,0,0.0,4,148.03611310256517,148.27896663952708,0.645404417686419,147.00927467402607,149.06295153110426
cc-bbr_abr-throughput_signals-rtt-cwnd_netem-high-rtt-loss,cwnd_mean_packets,4,4,0,0.0,4,77.6579927661474,77.59927920663215,0.17001923929273519,77.38749215643266,77.92849337586215
cc-bbr_abr-throughput_signals-rtt-cwnd_netem-high-rtt-loss,loss_mean_pct,4,4,0,0.0,4,1.4891655228793597,1.3834799072788582,0.2958738509943288,1.0184302259473825,1.9599008198113368
cc-bbr_abr-throughput_signals-rtt-cwnd_netem-high-rtt-loss,missing_tcp_pct,4,4,0,0.0,4,0.25041736227045075,0.1669449081803005,0.28915706303320154,-0.2096315250153729,0.7104662495562744
cc-bbr_abr-throughput_signals-rtt-cwnd_netem-high-rtt-loss,tcp_age_mean_ms,4,4,0,0.0,4,238.94901612721344,243.22627835280113,18.71269907336248,209.17711190149373,268.72092035293315
cc-bbr_abr-throughput_signals-rtt-cwnd_netem-stable-8mbit,startup_sec,4,4,0,0.0,4,0.5458999999985099,0.5362999999970197,0.05943360441183596,0.4513411353792789,0.6404588646177409
cc-bbr_abr-throughput_signals-rtt-cwnd_netem-stable-8mbit,stall_sec,4,4,0,0.0,4,0.0,0.0,0.0,0.0,0.0
cc-bbr_abr-throughput_signals-rtt-cwnd_netem-stable-8mbit,stall_count,4,4,0,0.0,4,0.0,0.0,0.0,0.0,0.0
cc-bbr_abr-throughput_signals-rtt-cwnd_netem-stable-8mbit,switch_count,4,4,0,0.0,4,1.0,1.0,0.0,1.0,1.0
cc-bbr_abr-throughput_signals-rtt-cwnd_netem-stable-8mbit,avg_bitrate_mbps,4,4,0,0.0,4,1.4036830771812079,1.4036830771812079,0.0,1.4036830771812079,1.4036830771812079
cc-bbr_abr-throughput_signals-rtt-cwnd_netem-stable-8mbit,time_weighted_bitrate_mbps,4,4,0,0.0,4,1.4057439999999992,1.4057439999999994,4.796711693331816e-16,1.4057439999999986,1.4057439999999999
cc-bbr_abr-throughput_signals-rtt-cwnd_netem-stable-8mbit,buffer_mean_sec,4,4,0,0.0,4,26.69527111018364,26.697703053700614,0.02386739595552611,26.657298083218397,26.733244137148883
cc-bbr_abr-throughput_signals-rtt-cwnd_netem-stable-8mbit,guardrail_count,4,4,0,0.0,4,0.0,0.0,0.0,0.0,0.0
cc-bbr_abr-throughput_signals-rtt-cwnd_netem-stable-8mbit,rtt_mean_ms,4,4,0,0.0,4,30.949321916469785,30.94538257670581,0.3057701489244451,30.462841609530994,31.435802223408576
cc-bbr_abr-throughput_signals-rtt-cwnd_netem-stable-8mbit,cwnd_mean_packets,4,4,0,0.0,4,35.97146956659054,35.95339502889763,0.1341697848399176,35.75800543891023,36.18493369427085
cc-bbr_abr-throughput_signals-rtt-cwnd_netem-stable-8mbit,loss_mean_pct,4,4,0,0.0,4,0.0,0.0,0.0,0.0,0.0
cc-bbr_abr-throughput_signals-rtt-cwnd_netem-stable-8mbit,missing_tcp_pct,4,4,0,0.0,4,1.5009738452977184,1.5019476905954368,1.1715537821758855,-0.3629682221441153,3.3649159127395523
cc-bbr_abr-throughput_signals-rtt-cwnd_netem-stable-8mbit,tcp_age_mean_ms,4,4,0,0.0,4,247.86015056398207,237.40136380394964,52.77373463852052,163.89713875409592,331.82316237386823
cc-bbr_abr-throughput_signals-rtt-loss_netem-constrained-2mbit,startup_sec,4,4,0,0.0,4,0.7981000000014902,0.8109999999999999,0.0629452672320345,0.6979540798353233,0.898245920167657
cc-bbr_abr-throughput_signals-rtt-loss_netem-constrained-2mbit,stall_sec,4,4,0,0.0,4,0.0,0.0,0.0,0.0,0.0
cc-bbr_abr-throughput_signals-rtt-loss_netem-constrained-2mbit,stall_count,4,4,0,0.0,4,0.0,0.0,0.0,0.0,0.0
cc-bbr_abr-throughput_signals-rtt-loss_netem-constrained-2mbit,switch_count,4,4,0,0.0,4,25.25,23.0,5.909032633745279,15.84872907971126,34.65127092028874
cc-bbr_abr-throughput_signals-rtt-loss_netem-constrained-2mbit,avg_bitrate_mbps,4,4,0,0.0,4,1.1449595904522614,1.2411463450586266,0.24658409218263783,0.7526442997896846,1.537274881114838
cc-bbr_abr-throughput_signals-rtt-loss_netem-constrained-2mbit,time_weighted_bitrate_mbps,4,4,0,0.0,4,1.1470553817384816,1.243193984915136,0.2464618696701833,0.75493454709322,1.5391762163837432
cc-bbr_abr-throughput_signals-rtt-loss_netem-constrained-2mbit,buffer_mean_sec,4,4,0,0.0,4,16.47020674298301,17.952776591141312,3.98341509634178,10.132593324703237,22.807820161262782
cc-bbr_abr-throughput_signals-rtt-loss_netem-constrained-2mbit,guardrail_count,4,4,0,0.0,4,0.0,0.0,0.0,0.0,0.0
cc-bbr_abr-throughput_signals-rtt-loss_netem-constrained-2mbit,rtt_mean_ms,4,4,0,0.0,4,97.64012508598442,98.35391838507063,1.5812319697978345,95.12438502203607,100.15586514993278
cc-bbr_abr-throughput_signals-rtt-loss_netem-constrained-2mbit,cwnd_mean_packets,4,4,0,0.0,4,28.750505755243548,28.755496322691293,0.09676801192912123,28.596547848264315,28.90446366222278
cc-bbr_abr-throughput_signals-rtt-loss_netem-constrained-2mbit,loss_mean_pct,4,4,0,0.0,4,0.6214014171370419,0.617730999509245,0.17557862118730289,0.34205583082804303,0.9007470034460408
cc-bbr_abr-throughput_signals-rtt-loss_netem-constrained-2mbit,missing_tcp_pct,4,4,0,0.0,4,0.041736227045075125,0.0,0.08347245409015025,-0.09106844741235393,0.17454090150250418
cc-bbr_abr-throughput_signals-rtt-loss_netem-constrained-2mbit,tcp_age_mean_ms,4,4,0,0.0,4,270.8211724804769,271.4277128548873,26.684804234338472,228.36564894364437,313.2766960173094
cc-bbr_abr-throughput_signals-rtt-loss_netem-high-rtt-loss,startup_sec,4,4,0,0.0,4,1.3667749999910592,1.3745999999940395,0.035654207321738546,1.3100491561421732,1.4235008438399452
cc-bbr_abr-throughput_signals-rtt-loss_netem-high-rtt-loss,stall_sec,4,4,0,0.0,4,0.0,0.0,0.0,0.0,0.0
cc-bbr_abr-throughput_signals-rtt-loss_netem-high-rtt-loss,stall_count,4,4,0,0.0,4,0.0,0.0,0.0,0.0,0.0
cc-bbr_abr-throughput_signals-rtt-loss_netem-high-rtt-loss,switch_count,4,4,0,0.0,4,7.5,3.0,9.0,-6.818999999999999,21.819
cc-bbr_abr-throughput_signals-rtt-loss_netem-high-rtt-loss,avg_bitrate_mbps,4,4,0,0.0,4,1.3578275444630872,1.399561231543624,0.08484688506931551,1.2228361503178062,1.4928189386083681
cc-bbr_abr-throughput_signals-rtt-loss_netem-high-rtt-loss,time_weighted_bitrate_mbps,4,4,0,0.0,4,1.3579098016494213,1.3995614627004085,0.08468282601230369,1.2231794254638462,1.4926401778349965
cc-bbr_abr-throughput_signals-rtt-loss_netem-high-rtt-loss,buffer_mean_sec,4,4,0,0.0,4,24.666187395659435,25.29911853088481,1.3494720056890737,22.519177434608117,26.813197356710752
cc-bbr_abr-throughput_signals-rtt-loss_netem-high-rtt-loss,guardrail_count,4,4,0,0.0,4,0.75,0.0,1.5,-1.6364999999999998,3.1365
cc-bbr_abr-throughput_signals-rtt-loss_netem-high-rtt-loss,rtt_mean_ms,4,4,0,0.0,4,148.53449279219515,146.99730977578994,3.4626518218979343,143.02541374355553,154.04357184083477
cc-bbr_abr-throughput_signals-rtt-loss_netem-high-rtt-loss,cwnd_mean_packets,4,4,0,0.0,4,77.47813291754947,77.70441441544003,1.967193912799133,74.34832740228606,80.60793843281289
cc-bbr_abr-throughput_signals-rtt-loss_netem-high-rtt-loss,loss_mean_pct,4,4,0,0.0,4,1.4335500534705785,1.3538924408873843,0.23522758088041407,1.0593029722898397,1.8077971346513173
cc-bbr_abr-throughput_signals-rtt-loss_netem-high-rtt-loss,missing_tcp_pct,4,4,0,0.0,4,2.1285475792988313,1.5025041736227047,2.257874594175665,-1.4637309000346512,5.720826058632314
cc-bbr_abr-throughput_signals-rtt-loss_netem-high-rtt-loss,tcp_age_mean_ms,4,4,0,0.0,4,269.7054103979563,274.28023206452093,26.316874065243887,227.83526376015328,311.57555703575935
cc-bbr_abr-throughput_signals-rtt-loss_netem-stable-8mbit,startup_sec,4,4,0,0.0,4,0.5433250000029802,0.5355000000000001,0.022015505902401623,0.5082983301122592,0.5783516698937012
cc-bbr_abr-throughput_signals-rtt-loss_netem-stable-8mbit,stall_sec,4,4,0,0.0,4,0.0,0.0,0.0,0.0,0.0
cc-bbr_abr-throughput_signals-rtt-loss_netem-stable-8mbit,stall_count,4,4,0,0.0,4,0.0,0.0,0.0,0.0,0.0
cc-bbr_abr-throughput_signals-rtt-loss_netem-stable-8mbit,switch_count,4,4,0,0.0,4,1.0,1.0,0.0,1.0,1.0
cc-bbr_abr-throughput_signals-rtt-loss_netem-stable-8mbit,avg_bitrate_mbps,4,4,0,0.0,4,1.4036830771812079,1.4036830771812079,0.0,1.4036830771812079,1.4036830771812079
cc-bbr_abr-throughput_signals-rtt-loss_netem-stable-8mbit,time_weighted_bitrate_mbps,4,4,0,0.0,4,1.4057440000000003,1.4057440000000003,6.377745716588144e-16,1.4057439999999992,1.4057440000000014
cc-bbr_abr-throughput_signals-rtt-loss_netem-stable-8mbit,buffer_mean_sec,4,4,0,0.0,4,26.73410272904674,26.741534098078738,0.031349677651923855,26.68422539190253,26.78398006619095
cc-bbr_abr-throughput_signals-rtt-loss_netem-stable-8mbit,guardrail_count,4,4,0,0.0,4,0.0,0.0,0.0,0.0,0.0
cc-bbr_abr-throughput_signals-rtt-loss_netem-stable-8mbit,rtt_mean_ms,4,4,0,0.0,4,30.683217392030308,30.633725020990767,0.20360377023180612,30.359283793591505,31.00715099046911
cc-bbr_abr-throughput_signals-rtt-loss_netem-stable-8mbit,cwnd_mean_packets,4,4,0,0.0,4,35.914628555021224,35.89680897909136,0.23158354863399877,35.546179129144534,36.283077980897914
cc-bbr_abr-throughput_signals-rtt-loss_netem-stable-8mbit,loss_mean_pct,4,4,0,0.0,4,0.0,0.0,0.0,0.0,0.0
cc-bbr_abr-throughput_signals-rtt-loss_netem-stable-8mbit,missing_tcp_pct,4,4,0,0.0,4,0.2923629683809694,0.2508361204013378,0.15981350345305315,0.03809968438716188,0.5466262523747769
cc-bbr_abr-throughput_signals-rtt-loss_netem-stable-8mbit,tcp_age_mean_ms,4,4,0,0.0,4,234.41123143360767,238.19328029871116,34.1499355889083,180.07868391165457,288.74377895556074
cc-bbr_abr-throughput_signals-rtt_netem-constrained-2mbit,startup_sec,4,4,0,0.0,4,1.1250249999947846,0.9135499999970198,0.49671416579923444,0.3347527622082026,1.9152972377813664
cc-bbr_abr-throughput_signals-rtt_netem-constrained-2mbit,stall_sec,4,4,0,0.0,4,0.0,0.0,0.0,0.0,0.0
cc-bbr_abr-throughput_signals-rtt_netem-constrained-2mbit,stall_count,4,4,0,0.0,4,0.0,0.0,0.0,0.0,0.0
cc-bbr_abr-throughput_signals-rtt_netem-constrained-2mbit,switch_count,4,4,0,0.0,4,22.0,21.0,3.4641016151377544,16.488614330315833,27.511385669684167
cc-bbr_abr-throughput_signals-rtt_netem-constrained-2mbit,avg_bitrate_mbps,4,4,0,0.0,4,1.2450714191707979,1.249113865771812,0.023729057083108667,1.207318489351572,1.2828243489900237
cc-bbr_abr-throughput_signals-rtt_netem-constrained-2mbit,time_weighted_bitrate_mbps,4,4,0,0.0,4,1.2453665341310252,1.2492403203701912,0.02362851519645441,1.2077735664534661,1.2829595018085842
cc-bbr_abr-throughput_signals-rtt_netem-constrained-2mbit,buffer_mean_sec,4,4,0,0.0,4,18.47323611425025,18.53317429604897,0.27777535046318064,18.03129553166333,18.915176696837168
cc-bbr_abr-throughput_signals-rtt_netem-constrained-2mbit,guardrail_count,4,4,0,0.0,4,0.0,0.0,0.0,0.0,0.0
cc-bbr_abr-throughput_signals-rtt_netem-constrained-2mbit,rtt_mean_ms,4,4,0,0.0,4,99.14796908408266,98.86934480410893,0.7756542648847478,97.91390314865103,100.38203501951429
cc-bbr_abr-throughput_signals-rtt_netem-constrained-2mbit,cwnd_mean_packets,4,4,0,0.0,4,28.6282150937847,28.657672423594246,0.2830908127117522,28.177817610760304,29.078612576809096
cc-bbr_abr-throughput_signals-rtt_netem-constrained-2mbit,loss_mean_pct,4,4,0,0.0,4,0.48794027116980276,0.4936262570203048,0.04787614412341802,0.4117693258694447,0.5641112164701608
cc-bbr_abr-throughput_signals-rtt_netem-constrained-2mbit,missing_tcp_pct,4,4,0,0.0,4,0.20875092824719013,0.16708449422392951,0.21004929303885347,-0.1254374969776257,0.542939353472006
cc-bbr_abr-throughput_signals-rtt_netem-constrained-2mbit,tcp_age_mean_ms,4,4,0,0.0,4,253.41612012422075,243.78171252789963,33.59582282410045,199.96516601107695,306.8670742373646
cc-bbr_abr-throughput_signals-rtt_netem-high-rtt-loss,startup_sec,4,4,0,0.0,4,1.3365499999970196,1.3061999999955296,0.07143171565392245,1.222902140391629,1.4501978596024103
cc-bbr_abr-throughput_signals-rtt_netem-high-rtt-loss,stall_sec,4,4,0,0.0,4,0.0,0.0,0.0,0.0,0.0
cc-bbr_abr-throughput_signals-rtt_netem-high-rtt-loss,stall_count,4,4,0,0.0,4,0.0,0.0,0.0,0.0,0.0
cc-bbr_abr-throughput_signals-rtt_netem-high-rtt-loss,switch_count,4,4,0,0.0,4,3.0,3.0,0.0,3.0,3.0
cc-bbr_abr-throughput_signals-rtt_netem-high-rtt-loss,avg_bitrate_mbps,4,4,0,0.0,4,1.399561231543624,1.399561231543624,0.0,1.399561231543624,1.399561231543624
cc-bbr_abr-throughput_signals-rtt_netem-high-rtt-loss,time_weighted_bitrate_mbps,4,4,0,0.0,4,1.3995500412142103,1.399562025247748,0.00011819716390126014,1.3993619895264435,1.3997380929019771
cc-bbr_abr-throughput_signals-rtt_netem-high-rtt-loss,buffer_mean_sec,4,4,0,0.0,4,25.32842942186992,25.35527629382304,0.10025925225445555,25.16891695153308,25.48794189220676
cc-bbr_abr-throughput_signals-rtt_netem-high-rtt-loss,guardrail_count,4,4,0,0.0,4,0.0,0.0,0.0,0.0,0.0
cc-bbr_abr-throughput_signals-rtt_netem-high-rtt-loss,rtt_mean_ms,4,4,0,0.0,4,152.8566672420693,154.53849357072838,4.461354954642528,145.75865150923303,159.95468297490558
cc-bbr_abr-throughput_signals-rtt_netem-high-rtt-loss,cwnd_mean_packets,4,4,0,0.0,4,79.43473576607231,79.28427127506936,0.8195158743268744,78.13088601001824,80.73858552212637
cc-bbr_abr-throughput_signals-rtt_netem-high-rtt-loss,loss_mean_pct,4,4,0,0.0,4,1.5385980461115878,1.5244409601859317,0.16879621692100413,1.2700432649902702,1.8071528272329054
cc-bbr_abr-throughput_signals-rtt_netem-high-rtt-loss,missing_tcp_pct,4,4,0,0.0,4,0.45854270891493215,0.5000013888927469,0.08347661450340808,0.3257314152400099,0.5913540025898544
cc-bbr_abr-throughput_signals-rtt_netem-high-rtt-loss,tcp_age_mean_ms,4,4,0,0.0,4,274.42661626453867,274.2165268438199,20.795910804235298,241.34032217500032,307.512910354077
cc-bbr_abr-throughput_signals-rtt_netem-stable-8mbit,startup_sec,4,4,0,0.0,4,0.5153499999977649,0.5098999999985099,0.04387060519769663,0.44555186712822953,0.5851481328673002
cc-bbr_abr-throughput_signals-rtt_netem-stable-8mbit,stall_sec,4,4,0,0.0,4,0.0,0.0,0.0,0.0,0.0
cc-bbr_abr-throughput_signals-rtt_netem-stable-8mbit,stall_count,4,4,0,0.0,4,0.0,0.0,0.0,0.0,0.0
cc-bbr_abr-throughput_signals-rtt_netem-stable-8mbit,switch_count,4,4,0,0.0,4,1.0,1.0,0.0,1.0,1.0
cc-bbr_abr-throughput_signals-rtt_netem-stable-8mbit,avg_bitrate_mbps,4,4,0,0.0,4,1.4036830771812079,1.4036830771812079,0.0,1.4036830771812079,1.4036830771812079
cc-bbr_abr-throughput_signals-rtt_netem-stable-8mbit,time_weighted_bitrate_mbps,4,4,0,0.0,4,1.4057440000000003,1.4057440000000003,1.1102230246251565e-16,1.405744,1.4057440000000005
cc-bbr_abr-throughput_signals-rtt_netem-stable-8mbit,buffer_mean_sec,4,4,0,0.0,4,26.723253176280423,26.726690317195327,0.01841978133679415,26.693947304173584,26.752559048387262
cc-bbr_abr-throughput_signals-rtt_netem-stable-8mbit,guardrail_count,4,4,0,0.0,4,0.0,0.0,0.0,0.0,0.0
cc-bbr_abr-throughput_signals-rtt_netem-stable-8mbit,rtt_mean_ms,4,4,0,0.0,4,30.809169045432682,30.782733436229748,0.11387403584328071,30.627995454406022,30.990342636459342
cc-bbr_abr-throughput_signals-rtt_netem-stable-8mbit,cwnd_mean_packets,4,4,0,0.0,4,36.12602991973196,36.11780058020466,0.09915102483064578,35.96828063922641,36.28377920023752
cc-bbr_abr-throughput_signals-rtt_netem-stable-8mbit,loss_mean_pct,4,4,0,0.0,4,0.0,0.0,0.0,0.0,0.0
cc-bbr_abr-throughput_signals-rtt_netem-stable-8mbit,missing_tcp_pct,4,4,0,0.0,4,0.2921535893155259,0.25041736227045075,0.2851127091251975,-0.16146073090266333,0.7457679095337151
cc-bbr_abr-throughput_signals-rtt_netem-stable-8mbit,tcp_age_mean_ms,4,4,0,0.0,4,228.3441507340649,225.69853994917906,23.645925397026378,190.72348342739593,265.96481804073386
cc-cubic_abr-bola_signals-cwnd-loss_netem-constrained-2mbit,startup_sec,4,4,0,0.0,4,1.1653750000074505,0.8684500000104307,0.604399478131447,0.2037754303003183,2.1269745697145828
cc-cubic_abr-bola_signals-cwnd-loss_netem-constrained-2mbit,stall_sec,4,4,0,0.0,4,0.0,0.0,0.0,0.0,0.0
cc-cubic_abr-bola_signals-cwnd-loss_netem-constrained-2mbit,stall_count,4,4,0,0.0,4,0.0,0.0,0.0,0.0,0.0
cc-cubic_abr-bola_signals-cwnd-loss_netem-constrained-2mbit,switch_count,4,4,0,0.0,4,53.0,53.0,33.06559138036599,0.3926441138377186,105.60735588616228
cc-cubic_abr-bola_signals-cwnd-loss_netem-constrained-2mbit,avg_bitrate_mbps,4,4,0,0.0,4,0.8256710364476184,0.8431120704697986,0.4392238852888845,0.1268658349530032,1.5244762379422336
cc-cubic_abr-bola_signals-cwnd-loss_netem-constrained-2mbit,time_weighted_bitrate_mbps,4,4,0,0.0,4,0.8264251793073102,0.8431733600038349,0.43966009239762494,0.12692597230268898,1.5259243863119314
cc-cubic_abr-bola_signals-cwnd-loss_netem-constrained-2mbit,buffer_mean_sec,4,4,0,0.0,4,13.395345967400115,13.123493774265114,5.462050267890606,4.705223991186161,22.08546794361407
cc-cubic_abr-bola_signals-cwnd-loss_netem-constrained-2mbit,guardrail_count,4,4,0,0.0,4,10.75,10.0,8.539125638299666,-2.8357488905347683,24.335748890534767
cc-cubic_abr-bola_signals-cwnd-loss_netem-constrained-2mbit,rtt_mean_ms,4,4,0,0.0,4,168.51842198721812,171.63720872403016,14.59805699692933,145.29291330510355,191.74393066933268
cc-cubic_abr-bola_signals-cwnd-loss_netem-constrained-2mbit,cwnd_mean_packets,4,4,0,0.0,4,29.75154288463691,29.777254052886075,3.7220862887874,23.829703599176156,35.67338217009766
cc-cubic_abr-bola_signals-cwnd-loss_netem-constrained-2mbit,loss_mean_pct,4,4,0,0.0,4,0.7896205573529271,0.8246824703595882,0.08696563715638268,0.6512582286371222,0.927982886068732
cc-cubic_abr-bola_signals-cwnd-loss_netem-constrained-2mbit,missing_tcp_pct,4,4,0,0.0,4,1.585845172575622,1.4172310363441087,0.8025695786572093,0.30895697293200186,2.862733372219242
cc-cubic_abr-bola_signals-cwnd-loss_netem-constrained-2mbit,tcp_age_mean_ms,4,4,0,0.0,4,258.1241461443336,257.6173033642318,18.308888006137433,228.99470532656898,287.25358696209827
cc-cubic_abr-bola_signals-cwnd-loss_netem-high-rtt-loss,startup_sec,4,4,0,0.0,4,1.351425000000745,1.369,0.09887107346372473,1.194121122119959,1.508728877881531
cc-cubic_abr-bola_signals-cwnd-loss_netem-high-rtt-loss,stall_sec,4,4,0,0.0,4,0.0,0.0,0.0,0.0,0.0
cc-cubic_abr-bola_signals-cwnd-loss_netem-high-rtt-loss,stall_count,4,4,0,0.0,4,0.0,0.0,0.0,0.0,0.0
cc-cubic_abr-bola_signals-cwnd-loss_netem-high-rtt-loss,switch_count,4,4,0,0.0,4,5.0,4.0,5.291502622129181,-3.418780671807527,13.418780671807527
cc-cubic_abr-bola_signals-cwnd-loss_netem-high-rtt-loss,avg_bitrate_mbps,4,4,0,0.0,4,0.1841319991610738,0.18155584563758387,0.008307845482225323,0.1709142169988533,0.1973497813232943
cc-cubic_abr-bola_signals-cwnd-loss_netem-high-rtt-loss,time_weighted_bitrate_mbps,4,4,0,0.0,4,0.18421751207684145,0.18154949760472966,0.008476979616827049,0.1707306375064696,0.1977043866472133
cc-cubic_abr-bola_signals-cwnd-loss_netem-high-rtt-loss,buffer_mean_sec,4,4,0,0.0,4,13.950682898580968,13.977478297161937,0.15955625315363609,13.696828899813534,14.204536897348403
cc-cubic_abr-bola_signals-cwnd-loss_netem-high-rtt-loss,guardrail_count,4,4,0,0.0,4,1.25,1.5,0.9574271077563381,-0.27326652844033394,2.7732665284403337
cc-cubic_abr-bola_signals-cwnd-loss_netem-high-rtt-loss,rtt_mean_ms,4,4,0,0.0,4,138.25444234568593,138.3085841825607,1.1649926338959293,136.4009390651575,140.10794562621436
cc-cubic_abr-bola_signals-cwnd-loss_netem-high-rtt-loss,cwnd_mean_packets,4,4,0,0.0,4,15.564412750859837,15.594132383966246,1.3854100265029659,13.360225398693618,17.768600103026056
cc-cubic_abr-bola_signals-cwnd-loss_netem-high-rtt-loss,loss_mean_pct,4,4,0,0.0,4,0.8895848742106797,0.9186513620813155,0.1992971035653359,0.5725031824382303,1.206666565983129
cc-cubic_abr-bola_signals-cwnd-loss_netem-high-rtt-loss,missing_tcp_pct,4,4,0,0.0,4,0.5836115748469671,0.5002782415136338,0.3188517848999477,0.0763183850711503,1.0909047646227839
cc-cubic_abr-bola_signals-cwnd-loss_netem-high-rtt-loss,tcp_age_mean_ms,4,4,0,0.0,4,259.14384347524606,262.0067995728139,14.559527461965882,235.97963528325835,282.30805166723377
cc-cubic_abr-bola_signals-cwnd-loss_netem-stable-8mbit,startup_sec,4,4,0,0.0,4,0.4751750000007451,0.47880000000447037,0.04969402211076478,0.39611181082251834,0.5542381891789718
cc-cubic_abr-bola_signals-cwnd-loss_netem-stable-8mbit,stall_sec,4,4,0,0.0,4,0.0,0.0,0.0,0.0,0.0
cc-cubic_abr-bola_signals-cwnd-loss_netem-stable-8mbit,stall_count,4,4,0,0.0,4,0.0,0.0,0.0,0.0,0.0
cc-cubic_abr-bola_signals-cwnd-loss_netem-stable-8mbit,switch_count,4,4,0,0.0,4,1.0,1.0,0.0,1.0,1.0
cc-cubic_abr-bola_signals-cwnd-loss_netem-stable-8mbit,avg_bitrate_mbps,4,4,0,0.0,4,1.4036830771812079,1.4036830771812079,0.0,1.4036830771812079,1.4036830771812079
cc-cubic_abr-bola_signals-cwnd-loss_netem-stable-8mbit,time_weighted_bitrate_mbps,4,4,0,0.0,4,1.4057440000000003,1.4057440000000003,4.203236533495616e-16,1.4057439999999997,1.405744000000001
cc-cubic_abr-bola_signals-cwnd-loss_netem-stable-8mbit,buffer_mean_sec,4,4,0,0.0,4,26.66260865447429,26.655512520868115,0.019030056258927345,26.632331834966337,26.692885473982244
cc-cubic_abr-bola_signals-cwnd-loss_netem-stable-8mbit,guardrail_count,4,4,0,0.0,4,0.0,0.0,0.0,0.0,0.0
cc-cubic_abr-bola_signals-cwnd-loss_netem-stable-8mbit,rtt_mean_ms,4,4,0,0.0,4,201.295436558662,202.87996716208698,6.580322882383294,190.82614285279018,211.76473026453382
cc-cubic_abr-bola_signals-cwnd-loss_netem-stable-8mbit,cwnd_mean_packets,4,4,0,0.0,4,241.8677023544166,244.0279628364338,9.59906049944947,226.59559709979249,257.1398076090407
cc-cubic_abr-bola_signals-cwnd-loss_netem-stable-8mbit,loss_mean_pct,4,4,0,0.0,4,0.0,0.0,0.0,0.0,0.0
cc-cubic_abr-bola_signals-cwnd-loss_netem-stable-8mbit,missing_tcp_pct,4,4,0,0.0,4,0.25062674133589424,0.25041736227045075,0.21584948084102923,-0.09278978268218324,0.5940432653539718
cc-cubic_abr-bola_signals-cwnd-loss_netem-stable-8mbit,tcp_age_mean_ms,4,4,0,0.0,4,259.8954623044272,252.61627517383263,35.9965909165092,202.62488615626108,317.16603845259334
cc-cubic_abr-bola_signals-cwnd_netem-constrained-2mbit,startup_sec,4,4,0,0.0,4,0.8428749999962747,0.8402999999970198,0.07010441616880062,0.7313388738717129,0.9544111261208365
cc-cubic_abr-bola_signals-cwnd_netem-constrained-2mbit,stall_sec,4,4,0,0.0,4,0.0,0.0,0.0,0.0,0.0
cc-cubic_abr-bola_signals-cwnd_netem-constrained-2mbit,stall_count,4,4,0,0.0,4,0.0,0.0,0.0,0.0,0.0
cc-cubic_abr-bola_signals-cwnd_netem-constrained-2mbit,switch_count,4,4,0,0.0,4,26.0,18.0,21.322914122292634,-7.924756368567579,59.92475636856758
cc-cubic_abr-bola_signals-cwnd_netem-constrained-2mbit,avg_bitrate_mbps,4,4,0,0.0,4,1.026086287212067,1.2337915777798387,0.4539842752934868,0.3037973052201296,1.7483752692040047
cc-cubic_abr-bola_signals-cwnd_netem-constrained-2mbit,time_weighted_bitrate_mbps,4,4,0,0.0,4,1.026979745618303,1.2349402751925416,0.4539122212054709,0.3048054016803987,1.7491540895562072
cc-cubic_abr-bola_signals-cwnd_netem-constrained-2mbit,buffer_mean_sec,4,4,0,0.0,4,15.861848777365843,17.92878177257525,4.70800930138228,8.371405978866637,23.35229157586505
cc-cubic_abr-bola_signals-cwnd_netem-constrained-2mbit,guardrail_count,4,4,0,0.0,4,6.0,1.5,9.345230512584124,-8.868261745521341,20.86826174552134
cc-cubic_abr-bola_signals-cwnd_netem-constrained-2mbit,rtt_mean_ms,4,4,0,0.0,4,179.42447523074048,169.40051913434831,37.55495486227861,119.6745420448552,239.17440841662577
cc-cubic_abr-bola_signals-cwnd_netem-constrained-2mbit,cwnd_mean_packets,4,4,0,0.0,4,31.006428691125194,28.455694244224887,7.056234566656425,19.779959495574822,42.232897886675566
cc-cubic_abr-bola_signals-cwnd_netem-constrained-2mbit,loss_mean_pct,4,4,0,0.0,4,0.7120631717424111,0.7110210911072752,0.11429125756842873,0.530225780951041,0.8939005625337811
cc-cubic_abr-bola_signals-cwnd_netem-constrained-2mbit,missing_tcp_pct,4,4,0,0.0,4,0.1254180602006689,0.08361204013377926,0.1601048675177823,-0.12930878402012272,0.38014490442146054
cc-cubic_abr-bola_signals-cwnd_netem-constrained-2mbit,tcp_age_mean_ms,4,4,0,0.0,4,262.23916177745053,268.3075755472147,23.654224268852225,224.60529096570664,299.8730325891944
cc-cubic_abr-bola_signals-cwnd_netem-high-rtt-loss,startup_sec,4,4,0,0.0,4,1.2827999999970197,1.2350500000044704,0.13491851861866325,1.0681446368747265,1.4974553631193128
cc-cubic_abr-bola_signals-cwnd_netem-high-rtt-loss,stall_sec,4,4,0,0.0,4,0.0,0.0,0.0,0.0,0.0
cc-cubic_abr-bola_signals-cwnd_netem-high-rtt-loss,stall_count,4,4,0,0.0,4,0.0,0.0,0.0,0.0,0.0
cc-cubic_abr-bola_signals-cwnd_netem-high-rtt-loss,switch_count,4,4,0,0.0,4,5.5,5.0,5.507570547286102,-3.2625447407321886,14.262544740732189
cc-cubic_abr-bola_signals-cwnd_netem-high-rtt-loss,avg_bitrate_mbps,4,4,0,0.0,4,0.19855845889261745,0.19701276677852347,0.02346044801913419,0.16123288609417497,0.23588403169105993
cc-cubic_abr-bola_signals-cwnd_netem-high-rtt-loss,time_weighted_bitrate_mbps,4,4,0,0.0,4,0.19872478538293023,0.1971715103099524,0.023521204810372485,0.1613025485296276,0.23614702223623285
cc-cubic_abr-bola_signals-cwnd_netem-high-rtt-loss,buffer_mean_sec,4,4,0,0.0,4,13.795018032832498,13.932798053700612,0.28437615564760854,13.342575569197153,14.247460496467843
cc-cubic_abr-bola_signals-cwnd_netem-high-rtt-loss,guardrail_count,4,4,0,0.0,4,2.0,1.5,1.4142135623730951,-0.2500137777355942,4.250013777735594
cc-cubic_abr-bola_signals-cwnd_netem-high-rtt-loss,rtt_mean_ms,4,4,0,0.0,4,138.60036600370873,138.41371137164543,1.8943824550537312,135.58640351771825,141.6143284896992
cc-cubic_abr-bola_signals-cwnd_netem-high-rtt-loss,cwnd_mean_packets,4,4,0,0.0,4,16.46214603902821,16.048689560713928,2.3784369229780906,12.678052894570067,20.246239183486352
cc-cubic_abr-bola_signals-cwnd_netem-high-rtt-loss,loss_mean_pct,4,4,0,0.0,4,1.0931339014446502,1.0932071137754105,0.42391132412747395,0.41869098475783917,1.7675768181314613
cc-cubic_abr-bola_signals-cwnd_netem-high-rtt-loss,missing_tcp_pct,4,4,0,0.0,4,0.7506260434056762,0.75,0.21549026835200116,0.40778102645764236,1.0934710603537101
cc-cubic_abr-bola_signals-cwnd_netem-high-rtt-loss,tcp_age_mean_ms,4,4,0,0.0,4,261.73388382125825,267.68563677048576,22.624302311658994,225.7386188434088,297.7291487991077
cc-cubic_abr-bola_signals-cwnd_netem-stable-8mbit,startup_sec,4,4,0,0.0,4,0.49,0.49994999999552964,0.043501953982249826,0.4207883912142405,0.5592116087857595
cc-cubic_abr-bola_signals-cwnd_netem-stable-8mbit,stall_sec,4,4,0,0.0,4,0.0,0.0,0.0,0.0,0.0
cc-cubic_abr-bola_signals-cwnd_netem-stable-8mbit,stall_count,4,4,0,0.0,4,0.0,0.0,0.0,0.0,0.0
cc-cubic_abr-bola_signals-cwnd_netem-stable-8mbit,switch_count,4,4,0,0.0,4,1.0,1.0,0.0,1.0,1.0
cc-cubic_abr-bola_signals-cwnd_netem-stable-8mbit,avg_bitrate_mbps,4,4,0,0.0,4,1.4036830771812079,1.4036830771812079,0.0,1.4036830771812079,1.4036830771812079
cc-cubic_abr-bola_signals-cwnd_netem-stable-8mbit,time_weighted_bitrate_mbps,4,4,0,0.0,4,1.4057440000000003,1.4057440000000003,7.797950250597032e-16,1.405743999999999,1.4057440000000017
cc-cubic_abr-bola_signals-cwnd_netem-stable-8mbit,buffer_mean_sec,4,4,0,0.0,4,26.713530802452247,26.71752557355905,0.05299110565432372,26.629221953356218,26.797839651548276
cc-cubic_abr-bola_signals-cwnd_netem-stable-8mbit,guardrail_count,4,4,0,0.0,4,0.0,0.0,0.0,0.0,0.0
cc-cubic_abr-bola_signals-cwnd_netem-stable-8mbit,rtt_mean_ms,4,4,0,0.0,4,198.6570051097802,198.9827736458049,1.5171337757734435,196.24324527252463,201.07076494703574
cc-cubic_abr-bola_signals-cwnd_netem-stable-8mbit,cwnd_mean_packets,4,4,0,0.0,4,241.69825945607852,242.41037912912913,1.8717739698682265,238.72026707001817,244.67625184213887
cc-cubic_abr-bola_signals-cwnd_netem-stable-8mbit,loss_mean_pct,4,4,0,0.0,4,0.0,0.0,0.0,0.0,0.0
cc-cubic_abr-bola_signals-cwnd_netem-stable-8mbit,missing_tcp_pct,4,4,0,0.0,4,0.3340991954260445,0.33416898844785903,0.13619618979571305,0.11741105746106503,0.5507873333910239
cc-cubic_abr-bola_signals-cwnd_netem-stable-8mbit,tcp_age_mean_ms,4,4,0,0.0,4,240.7707008904264,232.31686241812253,26.578274121492413,198.484666763132,283.0567350177208
cc-cubic_abr-bola_signals-loss_netem-constrained-2mbit,startup_sec,4,4,0,0.0,4,1.1587249999940394,0.88225,0.5710145612442893,0.25024083305437517,2.067209166933704
cc-cubic_abr-bola_signals-loss_netem-constrained-2mbit,stall_sec,4,4,0,0.0,4,0.0,0.0,0.0,0.0,0.0
cc-cubic_abr-bola_signals-loss_netem-constrained-2mbit,stall_count,4,4,0,0.0,4,0.0,0.0,0.0,0.0,0.0
cc-cubic_abr-bola_signals-loss_netem-constrained-2mbit,switch_count,4,4,0,0.0,4,33.25,33.5,4.924428900898052,25.4152336186712,41.0847663813288
cc-cubic_abr-bola_signals-loss_netem-constrained-2mbit,avg_bitrate_mbps,4,4,0,0.0,4,1.1647463481852776,1.1771179263290725,0.10246004651337189,1.0017324141825028,1.3277602821880523
cc-cubic_abr-bola_signals-loss_netem-constrained-2mbit,time_weighted_bitrate_mbps,4,4,0,0.0,4,1.1649073698253274,1.1764045604820472,0.1030262548594851,1.0009925983438865,1.3288221413067682
cc-cubic_abr-bola_signals-loss_netem-constrained-2mbit,buffer_mean_sec,4,4,0,0.0,4,17.109818522202556,16.972669598662208,1.9699063993514108,13.97569744083446,20.24393960357065
cc-cubic_abr-bola_signals-loss_netem-constrained-2mbit,guardrail_count,4,4,0,0.0,4,0.25,0.0,0.5,-0.5455,1.0455
cc-cubic_abr-bola_signals-loss_netem-constrained-2mbit,rtt_mean_ms,4,4,0,0.0,4,182.79414580615446,168.382646931115,32.4815093227101,131.1160644737227,234.47222713858622
cc-cubic_abr-bola_signals-loss_netem-constrained-2mbit,cwnd_mean_packets,4,4,0,0.0,4,31.46303029202322,27.96968792554805,7.2948311690771455,19.85695390202148,43.06910668202496
cc-cubic_abr-bola_signals-loss_netem-constrained-2mbit,loss_mean_pct,4,4,0,0.0,4,0.750100070956641,0.7304918285240483,0.242846641966204,0.36373106358841045,1.1364690783248714
cc-cubic_abr-bola_signals-loss_netem-constrained-2mbit,missing_tcp_pct,4,4,0,0.0,4,0.37590568077974623,0.2501391207568169,0.43987177634564256,-0.32393031538617106,1.0757416769456636
cc-cubic_abr-bola_signals-loss_netem-constrained-2mbit,tcp_age_mean_ms,4,4,0,0.0,4,260.8716965690144,261.22805974932146,25.496897339098844,220.30613290250812,301.4372602355206
cc-cubic_abr-bola_signals-loss_netem-high-rtt-loss,startup_sec,4,4,0,0.0,4,1.3071749999970197,1.3168499999940395,0.051994895579595815,1.2244511211298827,1.3898988788641566
cc-cubic_abr-bola_signals-loss_netem-high-rtt-loss,stall_sec,4,4,0,0.0,4,0.0,0.0,0.0,0.0,0.0
cc-cubic_abr-bola_signals-loss_netem-high-rtt-loss,stall_count,4,4,0,0.0,4,0.0,0.0,0.0,0.0,0.0
cc-cubic_abr-bola_signals-loss_netem-high-rtt-loss,switch_count,4,4,0,0.0,4,4.0,2.0,5.656854249492381,-5.000055110942377,13.000055110942377
cc-cubic_abr-bola_signals-loss_netem-high-rtt-loss,avg_bitrate_mbps,4,4,0,0.0,4,0.19289092114093961,0.17949492281879195,0.02823288751913723,0.1479723970979923,0.23780944518388694
cc-cubic_abr-bola_signals-loss_netem-high-rtt-loss,time_weighted_bitrate_mbps,4,4,0,0.0,4,0.1929367680545314,0.17957002137339706,0.028229432655246675,0.14802374070003393,0.23784979540902884
cc-cubic_abr-bola_signals-loss_netem-high-rtt-loss,buffer_mean_sec,4,4,0,0.0,4,13.771450544657764,13.707938651919868,0.28364651053376827,13.320168946398539,14.222732142916989
cc-cubic_abr-bola_signals-loss_netem-high-rtt-loss,guardrail_count,4,4,0,0.0,4,0.25,0.0,0.5,-0.5455,1.0455
cc-cubic_abr-bola_signals-loss_netem-high-rtt-loss,rtt_mean_ms,4,4,0,0.0,4,138.4145227738789,138.51488069905173,0.8082869597656455,137.12853822089176,139.70050732686605
cc-cubic_abr-bola_signals-loss_netem-high-rtt-loss,cwnd_mean_packets,4,4,0,0.0,4,16.355438825787573,16.038316406816815,1.6007702508577042,13.808613356672966,18.90226429490218
cc-cubic_abr-bola_signals-loss_netem-high-rtt-loss,loss_mean_pct,4,4,0,0.0,4,1.0452090297310832,1.0057022118579961,0.20276420567647124,0.7226111784998175,1.367806880962349
cc-cubic_abr-bola_signals-loss_netem-high-rtt-loss,missing_tcp_pct,4,4,0,0.0,4,0.333889816360601,0.333889816360601,0.3855427507109354,-0.2795087000204972,0.9472883327416992
cc-cubic_abr-bola_signals-loss_netem-high-rtt-loss,tcp_age_mean_ms,4,4,0,0.0,4,273.40220767779226,267.28459322908157,45.62097754196039,200.81923240853328,345.98518294705127
cc-cubic_abr-bola_signals-loss_netem-stable-8mbit,startup_sec,4,4,0,0.0,4,0.4922000000029802,0.49290000000596046,0.01978197832856871,0.4607268724822274,0.523673127523733
cc-cubic_abr-bola_signals-loss_netem-stable-8mbit,stall_sec,4,4,0,0.0,4,0.0,0.0,0.0,0.0,0.0
cc-cubic_abr-bola_signals-loss_netem-stable-8mbit,stall_count,4,4,0,0.0,4,0.0,0.0,0.0,0.0,0.0
cc-cubic_abr-bola_signals-loss_netem-stable-8mbit,switch_count,4,4,0,0.0,4,1.0,1.0,0.0,1.0,1.0
cc-cubic_abr-bola_signals-loss_netem-stable-8mbit,avg_bitrate_mbps,4,4,0,0.0,4,1.4036830771812079,1.4036830771812079,0.0,1.4036830771812079,1.4036830771812079
cc-cubic_abr-bola_signals-loss_netem-stable-8mbit,time_weighted_bitrate_mbps,4,4,0,0.0,4,1.4057439999999999,1.405744,3.8459253727671276e-16,1.4057439999999992,1.4057440000000005
cc-cubic_abr-bola_signals-loss_netem-stable-8mbit,buffer_mean_sec,4,4,0,0.0,4,26.69334991638796,26.69071404682274,0.017864844489692347,26.664926948804858,26.72177288397106
cc-cubic_abr-bola_signals-loss_netem-stable-8mbit,guardrail_count,4,4,0,0.0,4,0.0,0.0,0.0,0.0,0.0
cc-cubic_abr-bola_signals-loss_netem-stable-8mbit,rtt_mean_ms,4,4,0,0.0,4,201.16839074149658,202.53292825399973,7.469599939396796,189.28425723791628,213.05252424507688
cc-cubic_abr-bola_signals-loss_netem-stable-8mbit,cwnd_mean_packets,4,4,0,0.0,4,243.88126906403508,247.41896141255828,12.082228252630351,224.6584439141002,263.10409421397
cc-cubic_abr-bola_signals-loss_netem-stable-8mbit,loss_mean_pct,4,4,0,0.0,4,0.0,0.0,0.0,0.0,0.0
cc-cubic_abr-bola_signals-loss_netem-stable-8mbit,missing_tcp_pct,4,4,0,0.0,4,0.8779264214046822,0.33444816053511706,1.2010290650175721,-1.032910821038275,2.7887636638476394
cc-cubic_abr-bola_signals-loss_netem-stable-8mbit,tcp_age_mean_ms,4,4,0,0.0,4,266.38356215776673,257.23438328890893,34.29399086615831,211.82182268970885,320.9453016258246
cc-cubic_abr-bola_signals-none_netem-constrained-2mbit,startup_sec,4,4,0,0.0,4,0.8515499999932945,0.8427499999925494,0.09186136293363563,0.7053985715658803,0.9977014284207087
cc-cubic_abr-bola_signals-none_netem-constrained-2mbit,stall_sec,4,4,0,0.0,4,0.0,0.0,0.0,0.0,0.0
cc-cubic_abr-bola_signals-none_netem-constrained-2mbit,stall_count,4,4,0,0.0,4,0.0,0.0,0.0,0.0,0.0
cc-cubic_abr-bola_signals-none_netem-constrained-2mbit,switch_count,4,4,0,0.0,4,20.5,25.0,11.930353445448853,1.5188076682908758,39.481192331709124
cc-cubic_abr-bola_signals-none_netem-constrained-2mbit,avg_bitrate_mbps,4,4,0,0.0,4,1.230194456210021,1.2327731988325294,0.008391234961716548,1.21684400138593,1.2435449110341121
cc-cubic_abr-bola_signals-none_netem-constrained-2mbit,time_weighted_bitrate_mbps,4,4,0,0.0,4,1.23143948734968,1.234015985774884,0.009097351836298227,1.2169656005781295,1.2459133741212303
cc-cubic_abr-bola_signals-none_netem-constrained-2mbit,buffer_mean_sec,4,4,0,0.0,4,18.850662217128882,18.81667696160267,0.2729758343495691,18.416357664678717,19.284966769579047
cc-cubic_abr-bola_signals-none_netem-constrained-2mbit,guardrail_count,4,4,0,0.0,4,0.0,0.0,0.0,0.0,0.0
cc-cubic_abr-bola_signals-none_netem-constrained-2mbit,rtt_mean_ms,4,4,0,0.0,4,183.31455958099002,168.73796111580725,32.483409956162554,131.6334543407354,234.99566482124465
cc-cubic_abr-bola_signals-none_netem-constrained-2mbit,cwnd_mean_packets,4,4,0,0.0,4,31.58660529792486,28.37912087912088,7.249771455711346,20.052218911888108,43.120991683961606
cc-cubic_abr-bola_signals-none_netem-constrained-2mbit,loss_mean_pct,4,4,0,0.0,4,0.9110577491454984,0.9554237167200696,0.12456067503973026,0.7128817151572876,1.1092337831337094
cc-cubic_abr-bola_signals-none_netem-constrained-2mbit,missing_tcp_pct,4,4,0,0.0,4,0.5844467646746807,0.5008347245409015,0.28899597284753575,0.12465417187425132,1.04423935747511
cc-cubic_abr-bola_signals-none_netem-constrained-2mbit,tcp_age_mean_ms,4,4,0,0.0,4,274.46561576855925,265.62835570427296,22.997005674869335,237.87737973984213,311.05385179727637
cc-cubic_abr-bola_signals-none_netem-high-rtt-loss,startup_sec,4,4,0,0.0,4,1.3566250000074507,1.3502500000074504,0.15098890412623595,1.1164016535426093,1.596848346472292
cc-cubic_abr-bola_signals-none_netem-high-rtt-loss,stall_sec,4,4,0,0.0,4,0.0,0.0,0.0,0.0,0.0
cc-cubic_abr-bola_signals-none_netem-high-rtt-loss,stall_count,4,4,0,0.0,4,0.0,0.0,0.0,0.0,0.0
cc-cubic_abr-bola_signals-none_netem-high-rtt-loss,switch_count,4,4,0,0.0,4,1.0,1.0,1.1547005383792515,-0.8371285565613891,2.837128556561389
cc-cubic_abr-bola_signals-none_netem-high-rtt-loss,avg_bitrate_mbps,4,4,0,0.0,4,0.18361676845637584,0.177434,0.012365536912751676,0.16394319922818792,0.20329033768456375
cc-cubic_abr-bola_signals-none_netem-high-rtt-loss,time_weighted_bitrate_mbps,4,4,0,0.0,4,0.1837005912128792,0.177434,0.01253318242575846,0.1637602979734975,0.20364088445226092
cc-cubic_abr-bola_signals-none_netem-high-rtt-loss,buffer_mean_sec,4,4,0,0.0,4,13.916839260469011,13.920640833333334,0.08729485497462641,13.77795314620438,14.055725374733642
cc-cubic_abr-bola_signals-none_netem-high-rtt-loss,guardrail_count,4,4,0,0.0,4,0.0,0.0,0.0,0.0,0.0
cc-cubic_abr-bola_signals-none_netem-high-rtt-loss,rtt_mean_ms,4,4,0,0.0,4,137.96807823284757,137.83007477917994,1.0967855697434128,136.2230923913858,139.71306407430936
cc-cubic_abr-bola_signals-none_netem-high-rtt-loss,cwnd_mean_packets,4,4,0,0.0,4,15.85674589117808,15.526361976972762,1.982409971474198,12.702731626562631,19.01076015579353
cc-cubic_abr-bola_signals-none_netem-high-rtt-loss,loss_mean_pct,4,4,0,0.0,4,0.9478145756082428,0.986726295151727,0.27156188555161626,0.5157596156956213,1.3798695355208643
cc-cubic_abr-bola_signals-none_netem-high-rtt-loss,missing_tcp_pct,4,4,0,0.0,4,1.041530555177468,1.0015303283249861,1.1165142788555078,-0.7348436624816448,2.817904772836581
cc-cubic_abr-bola_signals-none_netem-high-rtt-loss,tcp_age_mean_ms,4,4,0,0.0,4,262.18135785812376,256.6336275523062,44.06714195164235,192.0705350130608,332.2921807031867
cc-cubic_abr-bola_signals-none_netem-stable-8mbit,startup_sec,4,4,0,0.0,4,0.5025749999992549,0.5054000000059604,0.04647396224479885,0.42863492606778,0.5765150739307299
cc-cubic_abr-bola_signals-none_netem-stable-8mbit,stall_sec,4,4,0,0.0,4,0.0,0.0,0.0,0.0,0.0
cc-cubic_abr-bola_signals-none_netem-stable-8mbit,stall_count,4,4,0,0.0,4,0.0,0.0,0.0,0.0,0.0
cc-cubic_abr-bola_signals-none_netem-stable-8mbit,switch_count,4,4,0,0.0,4,1.0,1.0,0.0,1.0,1.0
cc-cubic_abr-bola_signals-none_netem-stable-8mbit,avg_bitrate_mbps,4,4,0,0.0,4,1.4036830771812079,1.4036830771812079,0.0,1.4036830771812079,1.4036830771812079
cc-cubic_abr-bola_signals-none_netem-stable-8mbit,time_weighted_bitrate_mbps,4,4,0,0.0,4,1.4057439999999997,1.4057439999999997,6.377745716588144e-16,1.4057439999999986,1.4057440000000008
cc-cubic_abr-bola_signals-none_netem-stable-8mbit,buffer_mean_sec,4,4,0,0.0,4,26.699757598366283,26.695561106582318,0.03043394694957951,26.651337188769503,26.748178007963062
cc-cubic_abr-bola_signals-none_netem-stable-8mbit,guardrail_count,4,4,0,0.0,4,0.0,0.0,0.0,0.0,0.0
cc-cubic_abr-bola_signals-none_netem-stable-8mbit,rtt_mean_ms,4,4,0,0.0,4,200.57149296264186,200.62882255133422,2.3555280386383406,196.82384785316825,204.31913807211546
cc-cubic_abr-bola_signals-none_netem-stable-8mbit,cwnd_mean_packets,4,4,0,0.0,4,243.89602512498465,243.79458679578988,1.95757054759765,240.78153038375677,247.01051986621252
cc-cubic_abr-bola_signals-none_netem-stable-8mbit,loss_mean_pct,4,4,0,0.0,4,0.0,0.0,0.0,0.0,0.0
cc-cubic_abr-bola_signals-none_netem-stable-8mbit,missing_tcp_pct,4,4,0,0.0,4,0.2925025544245984,0.1669449081803005,0.3708582626324459,-0.2975329414236231,0.8825380502728198
cc-cubic_abr-bola_signals-none_netem-stable-8mbit,tcp_age_mean_ms,4,4,0,0.0,4,250.52828324482553,253.9474916395834,16.16312214702904,224.81275590890232,276.24381058074874
cc-cubic_abr-bola_signals-rtt-cwnd-loss_netem-constrained-2mbit,startup_sec,4,4,0,0.0,4,0.7834000000022352,0.7795499999970198,0.05391518030735907,0.697620948133227,0.8691790518712434
cc-cubic_abr-bola_signals-rtt-cwnd-loss_netem-constrained-2mbit,stall_sec,4,4,0,0.0,4,0.0,0.0,0.0,0.0,0.0
cc-cubic_abr-bola_signals-rtt-cwnd-loss_netem-constrained-2mbit,stall_count,4,4,0,0.0,4,0.0,0.0,0.0,0.0,0.0
cc-cubic_abr-bola_signals-rtt-cwnd-loss_netem-constrained-2mbit,switch_count,4,4,0,0.0,4,55.5,57.0,13.699148392023012,33.70465490829139,77.29534509170861
cc-cubic_abr-bola_signals-rtt-cwnd-loss_netem-constrained-2mbit,avg_bitrate_mbps,4,4,0,0.0,4,0.25256620138724944,0.25870409212730316,0.013092217872202517,0.23173648275257525,0.27339592002192364
cc-cubic_abr-bola_signals-rtt-cwnd-loss_netem-constrained-2mbit,time_weighted_bitrate_mbps,4,4,0,0.0,4,0.2538701774773076,0.2592973644215561,0.01243006654942094,0.2340939415971789,0.27364641335743634
cc-cubic_abr-bola_signals-rtt-cwnd-loss_netem-constrained-2mbit,buffer_mean_sec,4,4,0,0.0,4,9.10956129990899,9.076062499651034,0.16130773698451298,8.852920690366629,9.36620190945135
cc-cubic_abr-bola_signals-rtt-cwnd-loss_netem-constrained-2mbit,guardrail_count,4,4,0,0.0,4,39.0,38.5,1.4142135623730951,36.749986222264404,41.250013777735596
cc-cubic_abr-bola_signals-rtt-cwnd-loss_netem-constrained-2mbit,rtt_mean_ms,4,4,0,0.0,4,142.96944133771967,136.35689857502095,16.282096763049218,117.06462538770836,168.87425728773098
cc-cubic_abr-bola_signals-rtt-cwnd-loss_netem-constrained-2mbit,cwnd_mean_packets,4,4,0,0.0,4,25.26524425957556,23.466890192791283,4.571965364104273,17.991247365285663,32.53924115386546
cc-cubic_abr-bola_signals-rtt-cwnd-loss_netem-constrained-2mbit,loss_mean_pct,4,4,0,0.0,4,0.6796548493375337,0.6742880972247731,0.07611532825890846,0.5585553620776104,0.8007543365974571
cc-cubic_abr-bola_signals-rtt-cwnd-loss_netem-constrained-2mbit,missing_tcp_pct,4,4,0,0.0,4,0.0,0.0,0.0,0.0,0.0
cc-cubic_abr-bola_signals-rtt-cwnd-loss_netem-constrained-2mbit,tcp_age_mean_ms,4,4,0,0.0,4,284.4916343300192,284.2171584748592,14.165793326094638,261.95385714820264,307.0294115118358
cc-cubic_abr-bola_signals-rtt-cwnd-loss_netem-high-rtt-loss,startup_sec,4,4,0,0.0,4,1.3641250000037253,1.3509000000059603,0.12114463462734627,1.1713838863116173,1.5568661136958333
cc-cubic_abr-bola_signals-rtt-cwnd-loss_netem-high-rtt-loss,stall_sec,4,4,0,0.0,4,0.0,0.0,0.0,0.0,0.0
cc-cubic_abr-bola_signals-rtt-cwnd-loss_netem-high-rtt-loss,stall_count,4,4,0,0.0,4,0.0,0.0,0.0,0.0,0.0
cc-cubic_abr-bola_signals-rtt-cwnd-loss_netem-high-rtt-loss,switch_count,4,4,0,0.0,4,1.5,1.0,1.9148542155126762,-1.546533056880668,4.5465330568806674
cc-cubic_abr-bola_signals-rtt-cwnd-loss_netem-high-rtt-loss,avg_bitrate_mbps,4,4,0,0.0,4,0.17846446140939598,0.17846446140939598,0.001189874344208555,0.17657137132776016,0.1803575514910318
cc-cubic_abr-bola_signals-rtt-cwnd-loss_netem-high-rtt-loss,time_weighted_bitrate_mbps,4,4,0,0.0,4,0.1784797793959772,0.17846448267395135,0.0012078203643808606,0.17655813719624724,0.18040142159570716
cc-cubic_abr-bola_signals-rtt-cwnd-loss_netem-high-rtt-loss,buffer_mean_sec,4,4,0,0.0,4,13.812413388286032,13.901557995269894,0.36152468062438403,13.237227621412638,14.387599155159426
cc-cubic_abr-bola_signals-rtt-cwnd-loss_netem-high-rtt-loss,guardrail_count,4,4,0,0.0,4,1.5,1.5,1.2909944487358056,-0.5539721679386669,3.553972167938667
cc-cubic_abr-bola_signals-rtt-cwnd-loss_netem-high-rtt-loss,rtt_mean_ms,4,4,0,0.0,4,138.30035209107808,137.89441407441512,1.5763859767411408,135.79232200208293,140.80838218007324
cc-cubic_abr-bola_signals-rtt-cwnd-loss_netem-high-rtt-loss,cwnd_mean_packets,4,4,0,0.0,4,16.37060976863221,16.261525567609567,1.8495633507929903,13.427954477520563,19.31326505974386
cc-cubic_abr-bola_signals-rtt-cwnd-loss_netem-high-rtt-loss,loss_mean_pct,4,4,0,0.0,4,0.9305266666425781,0.9661433145873226,0.27886607337500274,0.48685074390294875,1.3742025893822074
cc-cubic_abr-bola_signals-rtt-cwnd-loss_netem-high-rtt-loss,missing_tcp_pct,4,4,0,0.0,4,0.5422927100723428,0.5002782415136338,0.25023241794771256,0.14417293311753215,0.9404124870271535
cc-cubic_abr-bola_signals-rtt-cwnd-loss_netem-high-rtt-loss,tcp_age_mean_ms,4,4,0,0.0,4,304.499530282643,312.3696733096657,27.131524638075877,261.33327458346423,347.6657859818217
cc-cubic_abr-bola_signals-rtt-cwnd-loss_netem-stable-8mbit,startup_sec,4,4,0,0.0,4,0.4785000000037253,0.4694500000104308,0.06062304291980975,0.38204873871830797,0.5749512612891425
cc-cubic_abr-bola_signals-rtt-cwnd-loss_netem-stable-8mbit,stall_sec,4,4,0,0.0,4,0.0,0.0,0.0,0.0,0.0
cc-cubic_abr-bola_signals-rtt-cwnd-loss_netem-stable-8mbit,stall_count,4,4,0,0.0,4,0.0,0.0,0.0,0.0,0.0
cc-cubic_abr-bola_signals-rtt-cwnd-loss_netem-stable-8mbit,switch_count,4,4,0,0.0,4,1.0,1.0,0.0,1.0,1.0
cc-cubic_abr-bola_signals-rtt-cwnd-loss_netem-stable-8mbit,avg_bitrate_mbps,4,4,0,0.0,4,1.4036830771812079,1.4036830771812079,0.0,1.4036830771812079,1.4036830771812079
cc-cubic_abr-bola_signals-rtt-cwnd-loss_netem-stable-8mbit,time_weighted_bitrate_mbps,4,4,0,0.0,4,1.405744,1.4057440000000003,4.923518887275036e-16,1.4057439999999992,1.405744000000001
cc-cubic_abr-bola_signals-rtt-cwnd-loss_netem-stable-8mbit,buffer_mean_sec,4,4,0,0.0,4,26.7010643512599,26.703051752921535,0.0076064066145917495,26.688962558336087,26.713166144183717
cc-cubic_abr-bola_signals-rtt-cwnd-loss_netem-stable-8mbit,guardrail_count,4,4,0,0.0,4,0.0,0.0,0.0,0.0,0.0
cc-cubic_abr-bola_signals-rtt-cwnd-loss_netem-stable-8mbit,rtt_mean_ms,4,4,0,0.0,4,199.40036269318213,199.91339795310654,4.104811044926967,192.86960832070332,205.93111706566094
cc-cubic_abr-bola_signals-rtt-cwnd-loss_netem-stable-8mbit,cwnd_mean_packets,4,4,0,0.0,4,242.3454575861307,241.7800100042835,5.140068728902711,234.1676082384465,250.5233069338149
cc-cubic_abr-bola_signals-rtt-cwnd-loss_netem-stable-8mbit,loss_mean_pct,4,4,0,0.0,4,0.0,0.0,0.0,0.0,0.0
cc-cubic_abr-bola_signals-rtt-cwnd-loss_netem-stable-8mbit,missing_tcp_pct,4,4,0,0.0,4,0.5009743105845306,0.4176414425380093,0.23596427878052612,0.12555514304471355,0.8763934781243476
cc-cubic_abr-bola_signals-rtt-cwnd-loss_netem-stable-8mbit,tcp_age_mean_ms,4,4,0,0.0,4,241.8625463163237,243.67575503565723,15.611536738108596,217.0245913659929,266.70050126665444
cc-cubic_abr-bola_signals-rtt-cwnd_netem-constrained-2mbit,startup_sec,4,4,0,0.0,4,1.1706500000022353,0.9100500000119209,0.6030608399330694,0.21118020366872192,2.1301197963357485
cc-cubic_abr-bola_signals-rtt-cwnd_netem-constrained-2mbit,stall_sec,4,4,0,0.0,4,0.0,0.0,0.0,0.0,0.0
cc-cubic_abr-bola_signals-rtt-cwnd_netem-constrained-2mbit,stall_count,4,4,0,0.0,4,0.0,0.0,0.0,0.0,0.0
cc-cubic_abr-bola_signals-rtt-cwnd_netem-constrained-2mbit,switch_count,4,4,0,0.0,4,67.5,71.0,7.724420150837645,55.210447540017306,79.78955245998269
cc-cubic_abr-bola_signals-rtt-cwnd_netem-constrained-2mbit,avg_bitrate_mbps,4,4,0,0.0,4,0.2983647739269614,0.3020197187081942,0.016272536834247533,0.2724751678236736,0.32425438003024926
cc-cubic_abr-bola_signals-rtt-cwnd_netem-constrained-2mbit,time_weighted_bitrate_mbps,4,4,0,0.0,4,0.2991563465058349,0.302024713532286,0.01633260920232204,0.2731711652649405,0.3251415277467293
cc-cubic_abr-bola_signals-rtt-cwnd_netem-constrained-2mbit,buffer_mean_sec,4,4,0,0.0,4,9.386749827490261,9.361292988313856,0.11830289077301696,9.198529928270391,9.574969726710131
cc-cubic_abr-bola_signals-rtt-cwnd_netem-constrained-2mbit,guardrail_count,4,4,0,0.0,4,39.75,40.0,0.5,38.9545,40.5455
cc-cubic_abr-bola_signals-rtt-cwnd_netem-constrained-2mbit,rtt_mean_ms,4,4,0,0.0,4,140.18976273653215,136.1231147524894,13.646324036314226,118.4784611947562,161.90106427830807
cc-cubic_abr-bola_signals-rtt-cwnd_netem-constrained-2mbit,cwnd_mean_packets,4,4,0,0.0,4,24.30466299786337,22.982790789074084,3.6837836368845123,18.443763231580114,30.165562764146628
cc-cubic_abr-bola_signals-rtt-cwnd_netem-constrained-2mbit,loss_mean_pct,4,4,0,0.0,4,0.8773879485624807,0.9090016830088435,0.2355792460644235,0.502581368073983,1.2521945290509784
cc-cubic_abr-bola_signals-rtt-cwnd_netem-constrained-2mbit,missing_tcp_pct,4,4,0,0.0,4,0.5006260434056762,0.33347245409015025,0.5941614293922416,-0.4446847907573802,1.4459368775687325
cc-cubic_abr-bola_signals-rtt-cwnd_netem-constrained-2mbit,tcp_age_mean_ms,4,4,0,0.0,4,287.75994978882227,298.0120825765514,25.70812928494265,246.85831609647852,328.661583481166
cc-cubic_abr-bola_signals-rtt-cwnd_netem-high-rtt-loss,startup_sec,4,4,0,0.0,4,1.340900000002235,1.3622000000029801,0.09275767712882566,1.1933225356902735,1.4884774643141967
cc-cubic_abr-bola_signals-rtt-cwnd_netem-high-rtt-loss,stall_sec,4,4,0,0.0,4,0.0,0.0,0.0,0.0,0.0
cc-cubic_abr-bola_signals-rtt-cwnd_netem-high-rtt-loss,stall_count,4,4,0,0.0,4,0.0,0.0,0.0,0.0,0.0
cc-cubic_abr-bola_signals-rtt-cwnd_netem-high-rtt-loss,switch_count,4,4,0,0.0,4,2.5,1.0,3.7859388972001824,-3.52342878544549,8.523428785445489
cc-cubic_abr-bola_signals-rtt-cwnd_netem-high-rtt-loss,avg_bitrate_mbps,4,4,0,0.0,4,0.18052538422818792,0.177434,0.006182768456375831,0.17068859961409397,0.19036216884228188
cc-cubic_abr-bola_signals-rtt-cwnd_netem-high-rtt-loss,time_weighted_bitrate_mbps,4,4,0,0.0,4,0.1805179501917213,0.17743400000000004,0.006167900383442532,0.17070482068166423,0.19033107970177834
cc-cubic_abr-bola_signals-rtt-cwnd_netem-high-rtt-loss,buffer_mean_sec,4,4,0,0.0,4,14.004183573478675,13.988352244017808,0.12676801839958618,13.802495656204934,14.205871490752417
cc-cubic_abr-bola_signals-rtt-cwnd_netem-high-rtt-loss,guardrail_count,4,4,0,0.0,4,0.5,0.5,0.5773502691896257,-0.41856427828069454,1.4185642782806944
cc-cubic_abr-bola_signals-rtt-cwnd_netem-high-rtt-loss,rtt_mean_ms,4,4,0,0.0,4,138.107279163304,138.02281277585092,0.8912418654181724,136.6893133554237,139.52524497118432
cc-cubic_abr-bola_signals-rtt-cwnd_netem-high-rtt-loss,cwnd_mean_packets,4,4,0,0.0,4,15.826897022872451,15.509035474494615,0.922129538312839,14.359788927416725,17.29400511832818
cc-cubic_abr-bola_signals-rtt-cwnd_netem-high-rtt-loss,loss_mean_pct,4,4,0,0.0,4,0.8351804753555404,0.790815174442357,0.3385481671554605,0.29655034141120273,1.373810609299878
cc-cubic_abr-bola_signals-rtt-cwnd_netem-high-rtt-loss,missing_tcp_pct,4,4,0,0.0,4,1.5405580987724965,1.3337506956037841,1.3610717817759868,-0.6249071060330984,3.7060233035780916
cc-cubic_abr-bola_signals-rtt-cwnd_netem-high-rtt-loss,tcp_age_mean_ms,4,4,0,0.0,4,260.7489786253791,260.6436401698674,37.02389251589168,201.84396563259543,319.65399161816276
cc-cubic_abr-bola_signals-rtt-cwnd_netem-stable-8mbit,startup_sec,4,4,0,0.0,4,0.561425000000745,0.5889000000059604,0.09458080760660573,0.41094693509863534,0.7119030649028547
cc-cubic_abr-bola_signals-rtt-cwnd_netem-stable-8mbit,stall_sec,4,4,0,0.0,4,0.0,0.0,0.0,0.0,0.0
cc-cubic_abr-bola_signals-rtt-cwnd_netem-stable-8mbit,stall_count,4,4,0,0.0,4,0.0,0.0,0.0,0.0,0.0
cc-cubic_abr-bola_signals-rtt-cwnd_netem-stable-8mbit,switch_count,4,4,0,0.0,4,1.0,1.0,0.0,1.0,1.0
cc-cubic_abr-bola_signals-rtt-cwnd_netem-stable-8mbit,avg_bitrate_mbps,4,4,0,0.0,4,1.4036830771812079,1.4036830771812079,0.0,1.4036830771812079,1.4036830771812079
cc-cubic_abr-bola_signals-rtt-cwnd_netem-stable-8mbit,time_weighted_bitrate_mbps,4,4,0,0.0,4,1.4057440000000005,1.4057440000000005,3.3306690738754696e-16,1.405744,1.405744000000001
cc-cubic_abr-bola_signals-rtt-cwnd_netem-stable-8mbit,buffer_mean_sec,4,4,0,0.0,4,26.677512103505844,26.680941569282137,0.010253011149066644,26.661199562767678,26.69382464424401
cc-cubic_abr-bola_signals-rtt-cwnd_netem-stable-8mbit,guardrail_count,4,4,0,0.0,4,0.0,0.0,0.0,0.0,0.0
cc-cubic_abr-bola_signals-rtt-cwnd_netem-stable-8mbit,rtt_mean_ms,4,4,0,0.0,4,201.99734354969956,202.23699683365496,3.497095189421326,196.43346510333024,207.5612219960689
cc-cubic_abr-bola_signals-rtt-cwnd_netem-stable-8mbit,cwnd_mean_packets,4,4,0,0.0,4,245.9108881318914,246.06866571625608,4.874342030611587,238.15580996118837,253.66596630259443
cc-cubic_abr-bola_signals-rtt-cwnd_netem-stable-8mbit,loss_mean_pct,4,4,0,0.0,4,0.0,0.0,0.0,0.0,0.0
cc-cubic_abr-bola_signals-rtt-cwnd_netem-stable-8mbit,missing_tcp_pct,4,4,0,0.0,4,1.1686143572621035,1.001669449081803,1.1157450003207248,-0.6065359382481696,2.9437646527723764
cc-cubic_abr-bola_signals-rtt-cwnd_netem-stable-8mbit,tcp_age_mean_ms,4,4,0,0.0,4,252.99035193747764,246.20235896823743,22.626054511321204,216.9922992099656,288.9884046649897
cc-cubic_abr-bola_signals-rtt-loss_netem-constrained-2mbit,startup_sec,4,4,0,0.0,4,1.14410000000149,0.8699500000029803,0.5655346791597359,0.24433432545835032,2.0438656745446298
cc-cubic_abr-bola_signals-rtt-loss_netem-constrained-2mbit,stall_sec,4,4,0,0.0,4,0.0,0.0,0.0,0.0,0.0
cc-cubic_abr-bola_signals-rtt-loss_netem-constrained-2mbit,stall_count,4,4,0,0.0,4,0.0,0.0,0.0,0.0,0.0
cc-cubic_abr-bola_signals-rtt-loss_netem-constrained-2mbit,switch_count,4,4,0,0.0,4,57.0,55.0,7.745966692414834,44.676166992367996,69.323833007632
cc-cubic_abr-bola_signals-rtt-loss_netem-constrained-2mbit,avg_bitrate_mbps,4,4,0,0.0,4,0.27116283660472384,0.27627199200139396,0.013579771232091985,0.2495574205744655,0.2927682526349822
cc-cubic_abr-bola_signals-rtt-loss_netem-constrained-2mbit,time_weighted_bitrate_mbps,4,4,0,0.0,4,0.2719450517068307,0.27642008281649366,0.01305051912044421,0.251181675786204,0.2927084276274574
cc-cubic_abr-bola_signals-rtt-loss_netem-constrained-2mbit,buffer_mean_sec,4,4,0,0.0,4,9.316286865973597,9.314880910578244,0.14366568019638215,9.087714768781153,9.54485896316604
cc-cubic_abr-bola_signals-rtt-loss_netem-constrained-2mbit,guardrail_count,4,4,0,0.0,4,38.5,38.5,0.5773502691896257,37.5814357217193,39.4185642782807
cc-cubic_abr-bola_signals-rtt-loss_netem-constrained-2mbit,rtt_mean_ms,4,4,0,0.0,4,138.08540194457447,137.50279245938006,3.5554172587347885,132.42873308592743,143.7420708032215
cc-cubic_abr-bola_signals-rtt-loss_netem-constrained-2mbit,cwnd_mean_packets,4,4,0,0.0,4,24.323392931643266,24.239409501174208,1.3681258189667074,22.146704753667233,26.5000811096193
cc-cubic_abr-bola_signals-rtt-loss_netem-constrained-2mbit,loss_mean_pct,4,4,0,0.0,4,0.7392980008600577,0.7324109803854602,0.137535723012239,0.5204786655475855,0.9581173361725299
cc-cubic_abr-bola_signals-rtt-loss_netem-constrained-2mbit,missing_tcp_pct,4,4,0,0.0,4,0.04159733777038269,0.0,0.08319467554076539,-0.09076539101497505,0.17396006655574042
cc-cubic_abr-bola_signals-rtt-loss_netem-constrained-2mbit,tcp_age_mean_ms,4,4,0,0.0,4,280.60680052678146,281.0721987168143,30.083048961533283,232.744669628982,328.4689314245809
cc-cubic_abr-bola_signals-rtt-loss_netem-high-rtt-loss,startup_sec,4,4,0,0.0,4,1.3487000000104308,1.3304500000178814,0.07845894892872737,1.2238718122648256,1.473528187756036
cc-cubic_abr-bola_signals-rtt-loss_netem-high-rtt-loss,stall_sec,4,4,0,0.0,4,0.0,0.0,0.0,0.0,0.0
cc-cubic_abr-bola_signals-rtt-loss_netem-high-rtt-loss,stall_count,4,4,0,0.0,4,0.0,0.0,0.0,0.0,0.0
cc-cubic_abr-bola_signals-rtt-loss_netem-high-rtt-loss,switch_count,4,4,0,0.0,4,4.0,2.0,5.41602560309064,-4.6168967345172085,12.616896734517209
cc-cubic_abr-bola_signals-rtt-loss_netem-high-rtt-loss,avg_bitrate_mbps,4,4,0,0.0,4,0.19340615184563759,0.177434,0.03194430369127517,0.1425827646728188,0.24422953901845637
cc-cubic_abr-bola_signals-rtt-loss_netem-high-rtt-loss,time_weighted_bitrate_mbps,4,4,0,0.0,4,0.19341582763782705,0.17743400000000012,0.03196365527565399,0.14256165209426155,0.24427000318139255
cc-cubic_abr-bola_signals-rtt-loss_netem-high-rtt-loss,buffer_mean_sec,4,4,0,0.0,4,13.71875377987161,13.851495038875107,0.46261171471158813,12.982738541765475,14.454769017977746
cc-cubic_abr-bola_signals-rtt-loss_netem-high-rtt-loss,guardrail_count,4,4,0,0.0,4,0.0,0.0,0.0,0.0,0.0
cc-cubic_abr-bola_signals-rtt-loss_netem-high-rtt-loss,rtt_mean_ms,4,4,0,0.0,4,138.29409371024934,138.38017535066712,0.7357965727508798,137.12344136300268,139.464746057496
cc-cubic_abr-bola_signals-rtt-loss_netem-high-rtt-loss,cwnd_mean_packets,4,4,0,0.0,4,15.84465734160585,15.851953971376439,0.9398338214557513,14.349381731669748,17.33993295154195
cc-cubic_abr-bola_signals-rtt-loss_netem-high-rtt-loss,loss_mean_pct,4,4,0,0.0,4,1.042669132664911,1.0044056376163797,0.1634413068373305,0.782634013486718,1.3027042518431038
cc-cubic_abr-bola_signals-rtt-loss_netem-high-rtt-loss,missing_tcp_pct,4,4,0,0.0,4,1.0411834477317992,0.5843071786310517,1.0892600112894777,-0.6918292302297597,2.774196125693358
cc-cubic_abr-bola_signals-rtt-loss_netem-high-rtt-loss,tcp_age_mean_ms,4,4,0,0.0,4,288.81395572486855,286.8526260490006,38.71507911330336,227.2182648556029,350.4096465941342
cc-cubic_abr-bola_signals-rtt-loss_netem-stable-8mbit,startup_sec,4,4,0,0.0,4,0.5364750000089407,0.526800000011921,0.06171571248317104,0.43828530144821554,0.6346646985696658
cc-cubic_abr-bola_signals-rtt-loss_netem-stable-8mbit,stall_sec,4,4,0,0.0,4,0.0,0.0,0.0,0.0,0.0
cc-cubic_abr-bola_signals-rtt-loss_netem-stable-8mbit,stall_count,4,4,0,0.0,4,0.0,0.0,0.0,0.0,0.0
cc-cubic_abr-bola_signals-rtt-loss_netem-stable-8mbit,switch_count,4,4,0,0.0,4,1.0,1.0,0.0,1.0,1.0
cc-cubic_abr-bola_signals-rtt-loss_netem-stable-8mbit,avg_bitrate_mbps,4,4,0,0.0,4,1.4036830771812079,1.4036830771812079,0.0,1.4036830771812079,1.4036830771812079
cc-cubic_abr-bola_signals-rtt-loss_netem-stable-8mbit,time_weighted_bitrate_mbps,4,4,0,0.0,4,1.405744,1.405744,4.577566798522237e-16,1.4057439999999994,1.4057440000000008
cc-cubic_abr-bola_signals-rtt-loss_netem-stable-8mbit,buffer_mean_sec,4,4,0,0.0,4,26.686664688499786,26.688611018363943,0.012950369340094808,26.666060650879693,26.707268726119878
cc-cubic_abr-bola_signals-rtt-loss_netem-stable-8mbit,guardrail_count,4,4,0,0.0,4,0.0,0.0,0.0,0.0,0.0
cc-cubic_abr-bola_signals-rtt-loss_netem-stable-8mbit,rtt_mean_ms,4,4,0,0.0,4,198.30727017198151,198.40415539425499,3.6385820351064257,192.5182861541272,204.09625418983583
cc-cubic_abr-bola_signals-rtt-loss_netem-stable-8mbit,cwnd_mean_packets,4,4,0,0.0,4,239.88067889185487,240.82638356898872,7.017051740479479,228.71654957275203,251.0448082109577
cc-cubic_abr-bola_signals-rtt-loss_netem-stable-8mbit,loss_mean_pct,4,4,0,0.0,4,0.0,0.0,0.0,0.0,0.0
cc-cubic_abr-bola_signals-rtt-loss_netem-stable-8mbit,missing_tcp_pct,4,4,0,0.0,4,0.4593078765612699,0.5012534826717885,0.21012361191898435,0.12500120999816583,0.793614543124374
cc-cubic_abr-bola_signals-rtt-loss_netem-stable-8mbit,tcp_age_mean_ms,4,4,0,0.0,4,234.96214028913468,235.46403361461245,9.980381318565867,219.0833536112964,250.84092696697297
cc-cubic_abr-bola_signals-rtt_netem-constrained-2mbit,startup_sec,4,4,0,0.0,4,0.8377750000022351,0.8380000000000001,0.039003023383440034,0.775721189799182,0.8998288102052883
cc-cubic_abr-bola_signals-rtt_netem-constrained-2mbit,stall_sec,4,4,0,0.0,4,0.0,0.0,0.0,0.0,0.0
cc-cubic_abr-bola_signals-rtt_netem-constrained-2mbit,stall_count,4,4,0,0.0,4,0.0,0.0,0.0,0.0,0.0
cc-cubic_abr-bola_signals-rtt_netem-constrained-2mbit,switch_count,4,4,0,0.0,4,54.5,53.0,7.187952884282608,43.063966961106374,65.93603303889363
cc-cubic_abr-bola_signals-rtt_netem-constrained-2mbit,avg_bitrate_mbps,4,4,0,0.0,4,0.2799269367826268,0.2742973724832215,0.016556007795023895,0.2535863283807438,0.3062675451845098
cc-cubic_abr-bola_signals-rtt_netem-constrained-2mbit,time_weighted_bitrate_mbps,4,4,0,0.0,4,0.2808435038277719,0.27505372567274045,0.017187068003900418,0.25349887863356635,0.30818812902197745
cc-cubic_abr-bola_signals-rtt_netem-constrained-2mbit,buffer_mean_sec,4,4,0,0.0,4,9.495671960234727,9.477790378054841,0.30205132672732016,9.01510829941156,9.976235621057894
cc-cubic_abr-bola_signals-rtt_netem-constrained-2mbit,guardrail_count,4,4,0,0.0,4,38.25,38.5,3.2015621187164243,33.15631466912217,43.34368533087783
cc-cubic_abr-bola_signals-rtt_netem-constrained-2mbit,rtt_mean_ms,4,4,0,0.0,4,135.35814208283725,136.29875735091076,2.423501432281139,131.50235130407796,139.21393286159653
cc-cubic_abr-bola_signals-rtt_netem-constrained-2mbit,cwnd_mean_packets,4,4,0,0.0,4,23.578419484229094,23.59789526001699,0.209520046980747,23.245073089482727,23.911765878975462
cc-cubic_abr-bola_signals-rtt_netem-constrained-2mbit,loss_mean_pct,4,4,0,0.0,4,0.6785357886108885,0.7203411152018176,0.12015411071398181,0.48737059846494346,0.8697009787568335
cc-cubic_abr-bola_signals-rtt_netem-constrained-2mbit,missing_tcp_pct,4,4,0,0.0,4,0.167014701202115,0.08361204013377926,0.23609579458118585,-0.20861370797655168,0.5426431103807817
cc-cubic_abr-bola_signals-rtt_netem-constrained-2mbit,tcp_age_mean_ms,4,4,0,0.0,4,279.7826668399272,274.2024714565294,22.532699754317683,243.93314153080775,315.6321921490466
cc-cubic_abr-bola_signals-rtt_netem-high-rtt-loss,startup_sec,4,4,0,0.0,4,1.391099999997765,1.39025,0.08572463667604749,1.2547121030461734,1.5274878969493564
cc-cubic_abr-bola_signals-rtt_netem-high-rtt-loss,stall_sec,4,4,0,0.0,4,0.0,0.0,0.0,0.0,0.0
cc-cubic_abr-bola_signals-rtt_netem-high-rtt-loss,stall_count,4,4,0,0.0,4,0.0,0.0,0.0,0.0,0.0
cc-cubic_abr-bola_signals-rtt_netem-high-rtt-loss,switch_count,4,4,0,0.0,4,9.5,9.0,8.54400374531753,-4.09350995880019,23.09350995880019
cc-cubic_abr-bola_signals-rtt_netem-high-rtt-loss,avg_bitrate_mbps,4,4,0,0.0,4,0.19958892030201342,0.1836167684563758,0.036339900120688856,0.14177213920999746,0.2574057013940294
cc-cubic_abr-bola_signals-rtt_netem-high-rtt-loss,time_weighted_bitrate_mbps,4,4,0,0.0,4,0.1995542050708208,0.18351222718857357,0.03640935315303233,0.14162692420434636,0.25748148593729525
cc-cubic_abr-bola_signals-rtt_netem-high-rtt-loss,buffer_mean_sec,4,4,0,0.0,4,13.642578569143016,13.677891304952698,0.3879557676545729,13.02534094280459,14.259816195481442
cc-cubic_abr-bola_signals-rtt_netem-high-rtt-loss,guardrail_count,4,4,0,0.0,4,0.0,0.0,0.0,0.0,0.0
cc-cubic_abr-bola_signals-rtt_netem-high-rtt-loss,rtt_mean_ms,4,4,0,0.0,4,138.20386557899766,138.32616485731967,0.9180539982597592,136.7432416677664,139.66448949022893
cc-cubic_abr-bola_signals-rtt_netem-high-rtt-loss,cwnd_mean_packets,4,4,0,0.0,4,15.812083658706102,15.845873398493286,1.6370566900356538,13.207526464859377,18.416640852552828
cc-cubic_abr-bola_signals-rtt_netem-high-rtt-loss,loss_mean_pct,4,4,0,0.0,4,0.8887380017630246,0.9249118850144269,0.24287372480627542,0.5023259055962405,1.2751500979298087
cc-cubic_abr-bola_signals-rtt_netem-high-rtt-loss,missing_tcp_pct,4,4,0,0.0,4,1.1668057874234836,0.5833333333333333,1.3401444759716263,-0.9653640738473739,3.2989756486943413
cc-cubic_abr-bola_signals-rtt_netem-high-rtt-loss,tcp_age_mean_ms,4,4,0,0.0,4,283.715390653547,265.47592368528404,40.30274495968763,219.59372342268398,347.83705788441
cc-cubic_abr-bola_signals-rtt_netem-stable-8mbit,startup_sec,4,4,0,0.0,4,0.5072750000022351,0.4847000000104308,0.06614828670036497,0.40203307586195447,0.6125169241425158
cc-cubic_abr-bola_signals-rtt_netem-stable-8mbit,stall_sec,4,4,0,0.0,4,0.0,0.0,0.0,0.0,0.0
cc-cubic_abr-bola_signals-rtt_netem-stable-8mbit,stall_count,4,4,0,0.0,4,0.0,0.0,0.0,0.0,0.0
cc-cubic_abr-bola_signals-rtt_netem-stable-8mbit,switch_count,4,4,0,0.0,4,1.0,1.0,0.0,1.0,1.0
cc-cubic_abr-bola_signals-rtt_netem-stable-8mbit,avg_bitrate_mbps,4,4,0,0.0,4,1.4036830771812079,1.4036830771812079,0.0,1.4036830771812079,1.4036830771812079
cc-cubic_abr-bola_signals-rtt_netem-stable-8mbit,time_weighted_bitrate_mbps,4,4,0,0.0,4,1.4057439999999997,1.4057439999999997,2.7940000073818173e-16,1.4057439999999992,1.405744
cc-cubic_abr-bola_signals-rtt_netem-stable-8mbit,buffer_mean_sec,4,4,0,0.0,4,26.707703813769886,26.70966889632107,0.02369152927892761,26.670010590687113,26.74539703685266
cc-cubic_abr-bola_signals-rtt_netem-stable-8mbit,guardrail_count,4,4,0,0.0,4,0.0,0.0,0.0,0.0,0.0
cc-cubic_abr-bola_signals-rtt_netem-stable-8mbit,rtt_mean_ms,4,4,0,0.0,4,202.1841817280708,202.31903236843772,2.2192688413346744,198.65332500150734,205.71503845463425
cc-cubic_abr-bola_signals-rtt_netem-stable-8mbit,cwnd_mean_packets,4,4,0,0.0,4,245.84978836812,245.08939683165806,3.7223817333263596,239.92747903039776,251.7720977058422
cc-cubic_abr-bola_signals-rtt_netem-stable-8mbit,loss_mean_pct,4,4,0,0.0,4,0.0,0.0,0.0,0.0,0.0
cc-cubic_abr-bola_signals-rtt_netem-stable-8mbit,missing_tcp_pct,4,4,0,0.0,4,0.08347245409015025,0.08347245409015025,0.09638568767773385,-0.0698771750051243,0.2368220831854248
cc-cubic_abr-bola_signals-rtt_netem-stable-8mbit,tcp_age_mean_ms,4,4,0,0.0,4,246.09218227341896,235.90518394588526,22.64454649281941,210.06470880334328,282.1196557434946
cc-cubic_abr-throughput_signals-cwnd-loss_netem-constrained-2mbit,startup_sec,4,4,0,0.0,4,0.7860750000067055,0.7797000000029802,0.042389336310593204,0.7186335659365517,0.8535164340768593
cc-cubic_abr-throughput_signals-cwnd-loss_netem-constrained-2mbit,stall_sec,4,4,0,0.0,4,0.0,0.0,0.0,0.0,0.0
cc-cubic_abr-throughput_signals-cwnd-loss_netem-constrained-2mbit,stall_count,4,4,0,0.0,4,0.0,0.0,0.0,0.0,0.0
cc-cubic_abr-throughput_signals-cwnd-loss_netem-constrained-2mbit,switch_count,4,4,0,0.0,4,45.5,47.5,23.187640385918243,8.608464146004074,82.39153585399592
cc-cubic_abr-throughput_signals-cwnd-loss_netem-constrained-2mbit,avg_bitrate_mbps,4,4,0,0.0,4,0.8632923712536396,0.9327622130872482,0.365276813816817,0.2821369604710837,1.4444477820361954
cc-cubic_abr-throughput_signals-cwnd-loss_netem-constrained-2mbit,time_weighted_bitrate_mbps,4,4,0,0.0,4,0.863944469906533,0.9328393271691218,0.3662684141108198,0.2812114230562187,1.4466775167568473
cc-cubic_abr-throughput_signals-cwnd-loss_netem-constrained-2mbit,buffer_mean_sec,4,4,0,0.0,4,13.977736223490393,14.209209069054364,4.817722279016633,6.31274007757493,21.642732369405856
cc-cubic_abr-throughput_signals-cwnd-loss_netem-constrained-2mbit,guardrail_count,4,4,0,0.0,4,11.5,9.5,9.327379053088816,-3.3398600734643047,26.339860073464305
cc-cubic_abr-throughput_signals-cwnd-loss_netem-constrained-2mbit,rtt_mean_ms,4,4,0,0.0,4,170.13678465499675,163.8093807672818,24.285330050517192,131.4988245446239,208.7747447653696
cc-cubic_abr-throughput_signals-cwnd-loss_netem-constrained-2mbit,cwnd_mean_packets,4,4,0,0.0,4,30.44184451054751,27.866113480568107,5.91075020544224,21.037840933688905,39.84584808740612
cc-cubic_abr-throughput_signals-cwnd-loss_netem-constrained-2mbit,loss_mean_pct,4,4,0,0.0,4,0.825144554369789,0.8563034242801818,0.115621227977624,0.6411911806573891,1.0090979280821888
cc-cubic_abr-throughput_signals-cwnd-loss_netem-constrained-2mbit,missing_tcp_pct,4,4,0,0.0,4,0.2079866888519135,0.0,0.415973377703827,-0.45382695507487514,0.8698003327787022
cc-cubic_abr-throughput_signals-cwnd-loss_netem-constrained-2mbit,tcp_age_mean_ms,4,4,0,0.0,4,271.2914990700652,271.7233277622075,28.00112303258231,226.74171232522673,315.84128581490364
cc-cubic_abr-throughput_signals-cwnd-loss_netem-high-rtt-loss,startup_sec,4,4,0,0.0,4,1.3731499999947845,1.35639999999851,0.15216413286740924,1.1310568646027364,1.6152431353868326
cc-cubic_abr-throughput_signals-cwnd-loss_netem-high-rtt-loss,stall_sec,4,4,0,0.0,4,0.0,0.0,0.0,0.0,0.0
cc-cubic_abr-throughput_signals-cwnd-loss_netem-high-rtt-loss,stall_count,4,4,0,0.0,4,0.0,0.0,0.0,0.0,0.0
cc-cubic_abr-throughput_signals-cwnd-loss_netem-high-rtt-loss,switch_count,4,4,0,0.0,4,2.0,2.0,2.309401076758503,-1.6742571131227781,5.674257113122778
cc-cubic_abr-throughput_signals-cwnd-loss_netem-high-rtt-loss,avg_bitrate_mbps,4,4,0,0.0,4,0.18207107634228187,0.17949492281879195,0.006809367171510081,0.17123737317240934,0.1929047795121544
cc-cubic_abr-throughput_signals-cwnd-loss_netem-high-rtt-loss,time_weighted_bitrate_mbps,4,4,0,0.0,4,0.18222382725103836,0.17965625938175253,0.00694043750989489,0.17118159117279558,0.19326606332928115
cc-cubic_abr-throughput_signals-cwnd-loss_netem-high-rtt-loss,buffer_mean_sec,4,4,0,0.0,4,15.096406853784085,15.030911519198666,0.20566580940511558,14.769192551020547,15.423621156547624
cc-cubic_abr-throughput_signals-cwnd-loss_netem-high-rtt-loss,guardrail_count,4,4,0,0.0,4,1.25,1.5,0.9574271077563381,-0.27326652844033394,2.7732665284403337
cc-cubic_abr-throughput_signals-cwnd-loss_netem-high-rtt-loss,rtt_mean_ms,4,4,0,0.0,4,137.86770209835262,137.88291703767123,0.6220736268036003,136.8779829581081,138.85742123859714
cc-cubic_abr-throughput_signals-cwnd-loss_netem-high-rtt-loss,cwnd_mean_packets,4,4,0,0.0,4,15.62527101803135,15.66049744601811,0.7811829137597955,14.382409002239516,16.868133033823185
cc-cubic_abr-throughput_signals-cwnd-loss_netem-high-rtt-loss,loss_mean_pct,4,4,0,0.0,4,0.8019431095903095,0.7536660376789909,0.1990113380509519,0.485316070751245,1.118570148429374
cc-cubic_abr-throughput_signals-cwnd-loss_netem-high-rtt-loss,missing_tcp_pct,4,4,0,0.0,4,0.8345854201446856,0.667779632721202,0.5943176856028172,-0.11097401764939652,1.7801448579387678
cc-cubic_abr-throughput_signals-cwnd-loss_netem-high-rtt-loss,tcp_age_mean_ms,4,4,0,0.0,4,291.0789005365191,294.1484556617805,17.418052558103835,263.36677891657587,318.7910221564623
cc-cubic_abr-throughput_signals-cwnd-loss_netem-stable-8mbit,startup_sec,4,4,0,0.0,4,0.5486750000081957,0.5359000000134111,0.09988631453843344,0.3897558735775481,0.7075941264388432
cc-cubic_abr-throughput_signals-cwnd-loss_netem-stable-8mbit,stall_sec,4,4,0,0.0,4,0.0,0.0,0.0,0.0,0.0
cc-cubic_abr-throughput_signals-cwnd-loss_netem-stable-8mbit,stall_count,4,4,0,0.0,4,0.0,0.0,0.0,0.0,0.0
cc-cubic_abr-throughput_signals-cwnd-loss_netem-stable-8mbit,switch_count,4,4,0,0.0,4,1.0,1.0,0.0,1.0,1.0
cc-cubic_abr-throughput_signals-cwnd-loss_netem-stable-8mbit,avg_bitrate_mbps,4,4,0,0.0,4,1.4036830771812079,1.4036830771812079,0.0,1.4036830771812079,1.4036830771812079
cc-cubic_abr-throughput_signals-cwnd-loss_netem-stable-8mbit,time_weighted_bitrate_mbps,4,4,0,0.0,4,1.4057439999999999,1.405744,6.012996326510578e-16,1.405743999999999,1.4057440000000008
cc-cubic_abr-throughput_signals-cwnd-loss_netem-stable-8mbit,buffer_mean_sec,4,4,0,0.0,4,26.672621982847666,26.664966611018365,0.051138827269844325,26.591260108661345,26.753983857033987
cc-cubic_abr-throughput_signals-cwnd-loss_netem-stable-8mbit,guardrail_count,4,4,0,0.0,4,0.0,0.0,0.0,0.0,0.0
cc-cubic_abr-throughput_signals-cwnd-loss_netem-stable-8mbit,rtt_mean_ms,4,4,0,0.0,4,203.23872300587692,204.81116721025393,3.737986077028214,197.29158715732504,209.1858588544288
cc-cubic_abr-throughput_signals-cwnd-loss_netem-stable-8mbit,cwnd_mean_packets,4,4,0,0.0,4,246.07289758071346,247.14808428847527,6.462612274952802,235.79088145126354,256.3549137101634
cc-cubic_abr-throughput_signals-cwnd-loss_netem-stable-8mbit,loss_mean_pct,4,4,0,0.0,4,0.0,0.0,0.0,0.0,0.0
cc-cubic_abr-throughput_signals-cwnd-loss_netem-stable-8mbit,missing_tcp_pct,4,4,0,0.0,4,1.0017392421036175,0.33402940240423,1.4553386014508856,-1.3137044728047413,3.317182957011976
cc-cubic_abr-throughput_signals-cwnd-loss_netem-stable-8mbit,tcp_age_mean_ms,4,4,0,0.0,4,272.067714318106,268.7401358785421,30.64848379876741,223.30597659426707,320.829452041945
cc-cubic_abr-throughput_signals-cwnd_netem-constrained-2mbit,startup_sec,4,4,0,0.0,4,0.7848500000089407,0.7907500000074505,0.05261156399030697,0.7011450017003623,0.868554998317519
cc-cubic_abr-throughput_signals-cwnd_netem-constrained-2mbit,stall_sec,4,4,0,0.0,4,0.0,0.0,0.0,0.0,0.0
cc-cubic_abr-throughput_signals-cwnd_netem-constrained-2mbit,stall_count,4,4,0,0.0,4,0.0,0.0,0.0,0.0,0.0
cc-cubic_abr-throughput_signals-cwnd_netem-constrained-2mbit,switch_count,4,4,0,0.0,4,54.75,66.0,27.097047809678457,11.638596934801576,97.86140306519843
cc-cubic_abr-throughput_signals-cwnd_netem-constrained-2mbit,avg_bitrate_mbps,4,4,0,0.0,4,0.5910952132319878,0.39163016180735893,0.45725636557444627,-0.13639966439695628,1.3185900908609318
cc-cubic_abr-throughput_signals-cwnd_netem-constrained-2mbit,time_weighted_bitrate_mbps,4,4,0,0.0,4,0.5919266828726667,0.39240528773358563,0.4577902002563974,-0.13641752573526156,1.320270891480595
cc-cubic_abr-throughput_signals-cwnd_netem-constrained-2mbit,buffer_mean_sec,4,4,0,0.0,4,10.903467632788203,8.359414362566373,5.389381798291896,2.3289611917057975,19.47797407387061
cc-cubic_abr-throughput_signals-cwnd_netem-constrained-2mbit,guardrail_count,4,4,0,0.0,4,16.0,19.5,8.981462390204987,1.7104933371838662,30.289506662816134
cc-cubic_abr-throughput_signals-cwnd_netem-constrained-2mbit,rtt_mean_ms,4,4,0,0.0,4,157.03819521928003,159.04290612106956,20.93866396361371,123.72478085317061,190.35160958538944
cc-cubic_abr-throughput_signals-cwnd_netem-constrained-2mbit,cwnd_mean_packets,4,4,0,0.0,4,27.89502045338136,27.689538394199907,4.363094460127197,20.95333716731899,34.83670373944373
cc-cubic_abr-throughput_signals-cwnd_netem-constrained-2mbit,loss_mean_pct,4,4,0,0.0,4,0.7826353820886753,0.7532324655245173,0.1219813636639906,0.5885630324992663,0.9767077316780843
cc-cubic_abr-throughput_signals-cwnd_netem-constrained-2mbit,missing_tcp_pct,4,4,0,0.0,4,0.04180602006688963,0.0,0.08361204013377926,-0.09122073578595316,0.17483277591973242
cc-cubic_abr-throughput_signals-cwnd_netem-constrained-2mbit,tcp_age_mean_ms,4,4,0,0.0,4,260.57362092571856,262.12399770297424,11.689845902011458,241.97507609561833,279.1721657558188
cc-cubic_abr-throughput_signals-cwnd_netem-high-rtt-loss,startup_sec,4,4,0,0.0,4,1.430375,1.3472499999999998,0.2611453027893148,1.0148928232622,1.8458571767377998
cc-cubic_abr-throughput_signals-cwnd_netem-high-rtt-loss,stall_sec,4,4,0,0.0,4,0.0,0.0,0.0,0.0,0.0
cc-cubic_abr-throughput_signals-cwnd_netem-high-rtt-loss,stall_count,4,4,0,0.0,4,0.0,0.0,0.0,0.0,0.0
cc-cubic_abr-throughput_signals-cwnd_netem-high-rtt-loss,switch_count,4,4,0,0.0,4,2.0,1.0,2.8284271247461903,-2.5000275554711884,6.500027555471188
cc-cubic_abr-throughput_signals-cwnd_netem-high-rtt-loss,avg_bitrate_mbps,4,4,0,0.0,4,0.17949492281879195,0.17846446140939598,0.0029145850013397555,0.1748578180816604,0.1841320275559235
cc-cubic_abr-throughput_signals-cwnd_netem-high-rtt-loss,time_weighted_bitrate_mbps,4,4,0,0.0,4,0.1796548546916321,0.17855754200161764,0.0031284470781689157,0.17467749539026534,0.18463221399299884
cc-cubic_abr-throughput_signals-cwnd_netem-high-rtt-loss,buffer_mean_sec,4,4,0,0.0,4,15.244741652754591,15.239313021702838,0.1334574888439941,15.032410788003796,15.457072517505386
cc-cubic_abr-throughput_signals-cwnd_netem-high-rtt-loss,guardrail_count,4,4,0,0.0,4,0.25,0.0,0.5,-0.5455,1.0455
cc-cubic_abr-throughput_signals-cwnd_netem-high-rtt-loss,rtt_mean_ms,4,4,0,0.0,4,138.17287574370982,138.24359488579597,0.35252007596794305,137.61201630284484,138.7337351845748
cc-cubic_abr-throughput_signals-cwnd_netem-high-rtt-loss,cwnd_mean_packets,4,4,0,0.0,4,15.227563015662088,15.112738906982914,0.5627827698926158,14.332175628762936,16.12295040256124
cc-cubic_abr-throughput_signals-cwnd_netem-high-rtt-loss,loss_mean_pct,4,4,0,0.0,4,0.8956358680969105,0.9223808294304932,0.2547702692015858,0.49029636979718755,1.3009753663966335
cc-cubic_abr-throughput_signals-cwnd_netem-high-rtt-loss,missing_tcp_pct,4,4,0,0.0,4,0.41736227045075125,0.333889816360601,0.28915706303320154,-0.04268661683507241,0.8774111577365749
cc-cubic_abr-throughput_signals-cwnd_netem-high-rtt-loss,tcp_age_mean_ms,4,4,0,0.0,4,269.8115701960044,280.0214650702525,52.45622083246941,186.3537228515456,353.2694175404632
cc-cubic_abr-throughput_signals-cwnd_netem-stable-8mbit,startup_sec,4,4,0,0.0,4,0.5709750000052154,0.5298500000089408,0.13904880138802508,0.34974835699686746,0.7922016430135633
cc-cubic_abr-throughput_signals-cwnd_netem-stable-8mbit,stall_sec,4,4,0,0.0,4,0.0,0.0,0.0,0.0,0.0
cc-cubic_abr-throughput_signals-cwnd_netem-stable-8mbit,stall_count,4,4,0,0.0,4,0.0,0.0,0.0,0.0,0.0
cc-cubic_abr-throughput_signals-cwnd_netem-stable-8mbit,switch_count,4,4,0,0.0,4,1.0,1.0,0.0,1.0,1.0
cc-cubic_abr-throughput_signals-cwnd_netem-stable-8mbit,avg_bitrate_mbps,4,4,0,0.0,4,1.4036830771812079,1.4036830771812079,0.0,1.4036830771812079,1.4036830771812079
cc-cubic_abr-throughput_signals-cwnd_netem-stable-8mbit,time_weighted_bitrate_mbps,4,4,0,0.0,4,1.4057439999999997,1.4057439999999999,7.557131904205645e-16,1.4057439999999986,1.4057440000000008
cc-cubic_abr-throughput_signals-cwnd_netem-stable-8mbit,buffer_mean_sec,4,4,0,0.0,4,26.683533154477082,26.693538763044316,0.03351641039434008,26.630208545539688,26.736857763414477
cc-cubic_abr-throughput_signals-cwnd_netem-stable-8mbit,guardrail_count,4,4,0,0.0,4,0.0,0.0,0.0,0.0,0.0
cc-cubic_abr-throughput_signals-cwnd_netem-stable-8mbit,rtt_mean_ms,4,4,0,0.0,4,204.19572996691184,205.38251049309875,4.323777508563715,197.31659995078698,211.0748599830367
cc-cubic_abr-throughput_signals-cwnd_netem-stable-8mbit,cwnd_mean_packets,4,4,0,0.0,4,246.87688363243194,247.37802510190946,6.01132536397502,237.31286497834768,256.4409022865162
cc-cubic_abr-throughput_signals-cwnd_netem-stable-8mbit,loss_mean_pct,4,4,0,0.0,4,0.0,0.0,0.0,0.0,0.0
cc-cubic_abr-throughput_signals-cwnd_netem-stable-8mbit,missing_tcp_pct,4,4,0,0.0,4,0.8766701470120212,0.5847259367619388,0.6446137851907118,-0.1489103852264012,1.9022506792504434
cc-cubic_abr-throughput_signals-cwnd_netem-stable-8mbit,tcp_age_mean_ms,4,4,0,0.0,4,270.44375215042106,278.1110177072941,30.424064560139858,222.03906543523854,318.84843886560355
cc-cubic_abr-throughput_signals-loss_netem-constrained-2mbit,startup_sec,4,4,0,0.0,4,1.1493499999977648,0.8734999999999999,0.6047638354503464,0.1871707377962637,2.111529262199266
cc-cubic_abr-throughput_signals-loss_netem-constrained-2mbit,stall_sec,4,4,0,0.0,4,0.0,0.0,0.0,0.0,0.0
cc-cubic_abr-throughput_signals-loss_netem-constrained-2mbit,stall_count,4,4,0,0.0,4,0.0,0.0,0.0,0.0,0.0
cc-cubic_abr-throughput_signals-loss_netem-constrained-2mbit,switch_count,4,4,0,0.0,4,31.5,29.5,13.723459233492601,9.665976359513273,53.33402364048673
cc-cubic_abr-throughput_signals-loss_netem-constrained-2mbit,avg_bitrate_mbps,4,4,0,0.0,4,1.1308559050650344,1.1481286476510069,0.15026008266990554,0.8917921135372147,1.3699196965928542
cc-cubic_abr-throughput_signals-loss_netem-constrained-2mbit,time_weighted_bitrate_mbps,4,4,0,0.0,4,1.131917006689046,1.148536245654613,0.15037911710981872,0.8926638313673245,1.3711701820107676
cc-cubic_abr-throughput_signals-loss_netem-constrained-2mbit,buffer_mean_sec,4,4,0,0.0,4,16.82405247223443,17.271970329084247,2.176433750483058,13.361346375215886,20.286758569252978
cc-cubic_abr-throughput_signals-loss_netem-constrained-2mbit,guardrail_count,4,4,0,0.0,4,0.25,0.0,0.5,-0.5455,1.0455
cc-cubic_abr-throughput_signals-loss_netem-constrained-2mbit,rtt_mean_ms,4,4,0,0.0,4,178.31479386487945,172.27593299243014,24.980732432345217,138.5704485650182,218.05913916474069
cc-cubic_abr-throughput_signals-loss_netem-constrained-2mbit,cwnd_mean_packets,4,4,0,0.0,4,30.81956462071514,29.076776052887208,6.036913217251555,21.21483569206792,40.42429354936236
cc-cubic_abr-throughput_signals-loss_netem-constrained-2mbit,loss_mean_pct,4,4,0,0.0,4,0.7477431334832725,0.756046001859937,0.09450644906896218,0.5973833730145537,0.8981028939519913
cc-cubic_abr-throughput_signals-loss_netem-constrained-2mbit,missing_tcp_pct,4,4,0,0.0,4,1.3772975827942888,0.6676442272911924,1.77406335862356,-1.445237220775795,4.199832386364372
cc-cubic_abr-throughput_signals-loss_netem-constrained-2mbit,tcp_age_mean_ms,4,4,0,0.0,4,274.52133226075733,274.3961412130259,20.74863303815277,241.51025709705627,307.53240742445837
cc-cubic_abr-throughput_signals-loss_netem-high-rtt-loss,startup_sec,4,4,0,0.0,4,1.3371500000022352,1.35685000000149,0.055184569096683456,1.2493513505694118,1.4249486494350585
cc-cubic_abr-throughput_signals-loss_netem-high-rtt-loss,stall_sec,4,4,0,0.0,4,0.0,0.0,0.0,0.0,0.0
cc-cubic_abr-throughput_signals-loss_netem-high-rtt-loss,stall_count,4,4,0,0.0,4,0.0,0.0,0.0,0.0,0.0
cc-cubic_abr-throughput_signals-loss_netem-high-rtt-loss,switch_count,4,4,0,0.0,4,3.0,3.0,2.581988897471611,-1.1079443358773338,7.107944335877334
cc-cubic_abr-throughput_signals-loss_netem-high-rtt-loss,avg_bitrate_mbps,4,4,0,0.0,4,0.18825384479865773,0.18773861409395973,0.009865916868525063,0.17255717106083435,0.2039505185364811
cc-cubic_abr-throughput_signals-loss_netem-high-rtt-loss,time_weighted_bitrate_mbps,4,4,0,0.0,4,0.1881738154060142,0.18740392886270252,0.010117254589267075,0.17207726335449028,0.2042703674575381
cc-cubic_abr-throughput_signals-loss_netem-high-rtt-loss,buffer_mean_sec,4,4,0,0.0,4,15.131817153863622,15.095494888703396,0.1696731601798707,14.861867156017448,15.401767151709796
cc-cubic_abr-throughput_signals-loss_netem-high-rtt-loss,guardrail_count,4,4,0,0.0,4,0.0,0.0,0.0,0.0,0.0
cc-cubic_abr-throughput_signals-loss_netem-high-rtt-loss,rtt_mean_ms,4,4,0,0.0,4,138.07511386293734,137.98403682488433,0.7075811733634633,136.94935221611607,139.20087550975862
cc-cubic_abr-throughput_signals-loss_netem-high-rtt-loss,cwnd_mean_packets,4,4,0,0.0,4,15.89119266785319,15.40993831876185,1.124865479674476,14.101531689691098,17.68085364601528
cc-cubic_abr-throughput_signals-loss_netem-high-rtt-loss,loss_mean_pct,4,4,0,0.0,4,0.9372721422355644,0.8872895922050028,0.14686947177425475,0.7036028126427252,1.1709414718284037
cc-cubic_abr-throughput_signals-loss_netem-high-rtt-loss,missing_tcp_pct,4,4,0,0.0,4,0.7081949070228899,0.3330564807124464,0.9942038166055507,-0.8735833651965412,2.2899731792423212
cc-cubic_abr-throughput_signals-loss_netem-high-rtt-loss,tcp_age_mean_ms,4,4,0,0.0,4,258.98114830484496,264.8427990521615,44.90909258169367,187.53078200737033,330.43151460231957
cc-cubic_abr-throughput_signals-loss_netem-stable-8mbit,startup_sec,4,4,0,0.0,4,0.5484000000022352,0.5136000000089407,0.09024267282620813,0.40482390753573805,0.6919760924687324
cc-cubic_abr-throughput_signals-loss_netem-stable-8mbit,stall_sec,4,4,0,0.0,4,0.0,0.0,0.0,0.0,0.0
cc-cubic_abr-throughput_signals-loss_netem-stable-8mbit,stall_count,4,4,0,0.0,4,0.0,0.0,0.0,0.0,0.0
cc-cubic_abr-throughput_signals-loss_netem-stable-8mbit,switch_count,4,4,0,0.0,4,1.0,1.0,0.0,1.0,1.0
cc-cubic_abr-throughput_signals-loss_netem-stable-8mbit,avg_bitrate_mbps,4,4,0,0.0,4,1.403683940214214,1.4036830771812079,1.7260660124529537e-06,1.4036811940431881,1.40368668638524
cc-cubic_abr-throughput_signals-loss_netem-stable-8mbit,time_weighted_bitrate_mbps,4,4,0,0.0,4,1.4057440000000003,1.4057440000000003,4.203236533495616e-16,1.4057439999999997,1.405744000000001
cc-cubic_abr-throughput_signals-loss_netem-stable-8mbit,buffer_mean_sec,4,4,0,0.0,4,26.679563192695742,26.683643572621037,0.04296858878943303,26.611200167931752,26.74792621745973
cc-cubic_abr-throughput_signals-loss_netem-stable-8mbit,guardrail_count,4,4,0,0.0,4,0.0,0.0,0.0,0.0,0.0
cc-cubic_abr-throughput_signals-loss_netem-stable-8mbit,rtt_mean_ms,4,4,0,0.0,4,203.81623812935325,202.9573501924619,2.4235191708686186,199.9604191285013,207.67205713020522
cc-cubic_abr-throughput_signals-loss_netem-stable-8mbit,cwnd_mean_packets,4,4,0,0.0,4,249.29959888196288,247.82184251667334,3.177966556896439,244.24345408994066,254.3557436739851
cc-cubic_abr-throughput_signals-loss_netem-stable-8mbit,loss_mean_pct,4,4,0,0.0,4,0.0,0.0,0.0,0.0,0.0
cc-cubic_abr-throughput_signals-loss_netem-stable-8mbit,missing_tcp_pct,4,4,0,0.0,4,1.5026437596663336,1.5025041736227047,1.098768031862149,-0.24549617902634568,3.2507836983590126
cc-cubic_abr-throughput_signals-loss_netem-stable-8mbit,tcp_age_mean_ms,4,4,0,0.0,4,253.89109372138432,257.378464203264,26.707749988820584,211.39906348917077,296.3831239535979
cc-cubic_abr-throughput_signals-none_netem-constrained-2mbit,startup_sec,4,4,0,0.0,4,1.0898000000044703,0.7984000000059606,0.6188437498053055,0.1052195940642292,2.0743804059447113
cc-cubic_abr-throughput_signals-none_netem-constrained-2mbit,stall_sec,4,4,0,0.0,4,0.0,0.0,0.0,0.0,0.0
cc-cubic_abr-throughput_signals-none_netem-constrained-2mbit,stall_count,4,4,0,0.0,4,0.0,0.0,0.0,0.0,0.0
cc-cubic_abr-throughput_signals-none_netem-constrained-2mbit,switch_count,4,4,0,0.0,4,20.0,19.0,6.6332495807108,9.446499917089119,30.55350008291088
cc-cubic_abr-throughput_signals-none_netem-constrained-2mbit,avg_bitrate_mbps,4,4,0,0.0,4,1.2698560010426854,1.2554191849150675,0.04372040374877196,1.2002968386783892,1.3394151634069815
cc-cubic_abr-throughput_signals-none_netem-constrained-2mbit,time_weighted_bitrate_mbps,4,4,0,0.0,4,1.2704773066748727,1.2555388321865333,0.04315130604512279,1.2018235787570823,1.339131034592663
cc-cubic_abr-throughput_signals-none_netem-constrained-2mbit,buffer_mean_sec,4,4,0,0.0,4,18.54662020589872,18.54575538953812,0.7287104521084946,17.387241876594103,19.705998535203335
cc-cubic_abr-throughput_signals-none_netem-constrained-2mbit,guardrail_count,4,4,0,0.0,4,0.0,0.0,0.0,0.0,0.0
cc-cubic_abr-throughput_signals-none_netem-constrained-2mbit,rtt_mean_ms,4,4,0,0.0,4,193.3714831566,174.50026506854454,43.80422891008719,123.67895496065128,263.06401135254873
cc-cubic_abr-throughput_signals-none_netem-constrained-2mbit,cwnd_mean_packets,4,4,0,0.0,4,33.49332835295374,29.214644548152513,9.25151949432038,18.774160837490015,48.21249586841746
cc-cubic_abr-throughput_signals-none_netem-constrained-2mbit,loss_mean_pct,4,4,0,0.0,4,0.9367377856635497,0.9225643802860127,0.12855537738979791,0.7322061802363813,1.1412693910907181
cc-cubic_abr-throughput_signals-none_netem-constrained-2mbit,missing_tcp_pct,4,4,0,0.0,4,0.6672231496939344,0.6666666666666667,0.6811413251418449,-0.41647269860674074,1.7509189979946096
cc-cubic_abr-throughput_signals-none_netem-constrained-2mbit,tcp_age_mean_ms,4,4,0,0.0,4,259.45606332181916,262.4962517656071,29.421000765218135,212.6472511043571,306.2648755392812
cc-cubic_abr-throughput_signals-none_netem-high-rtt-loss,startup_sec,4,4,0,0.0,4,1.3213250000029801,1.2936500000059605,0.133517398993792,1.108898818203857,1.5337511818021032
cc-cubic_abr-throughput_signals-none_netem-high-rtt-loss,stall_sec,4,4,0,0.0,4,0.0,0.0,0.0,0.0,0.0
cc-cubic_abr-throughput_signals-none_netem-high-rtt-loss,stall_count,4,4,0,0.0,4,0.0,0.0,0.0,0.0,0.0
cc-cubic_abr-throughput_signals-none_netem-high-rtt-loss,switch_count,4,4,0,0.0,4,5.0,3.0,6.6332495807108,-5.553500082910881,15.553500082910881
cc-cubic_abr-throughput_signals-none_netem-high-rtt-loss,avg_bitrate_mbps,4,4,0,0.0,4,0.18310153775167787,0.17949492281879195,0.008804266141284366,0.16909395032089444,0.1971091251824613
cc-cubic_abr-throughput_signals-none_netem-high-rtt-loss,time_weighted_bitrate_mbps,4,4,0,0.0,4,0.18311777899782966,0.1794949940651983,0.008835872719195772,0.1690599055015892,0.19717565249407012
cc-cubic_abr-throughput_signals-none_netem-high-rtt-loss,buffer_mean_sec,4,4,0,0.0,4,15.000759528380634,15.041752693377852,0.42224276511650327,14.328971289080277,15.67254776768099
cc-cubic_abr-throughput_signals-none_netem-high-rtt-loss,guardrail_count,4,4,0,0.0,4,0.0,0.0,0.0,0.0,0.0
cc-cubic_abr-throughput_signals-none_netem-high-rtt-loss,rtt_mean_ms,4,4,0,0.0,4,138.0568622199461,137.89805530880022,0.7645510543751396,136.84046149243525,139.27326294745697
cc-cubic_abr-throughput_signals-none_netem-high-rtt-loss,cwnd_mean_packets,4,4,0,0.0,4,15.645281503823846,15.101569833283465,1.230789462241966,13.687095469396878,17.603467538250815
cc-cubic_abr-throughput_signals-none_netem-high-rtt-loss,loss_mean_pct,4,4,0,0.0,4,0.8474962135528552,0.8421085165391153,0.07635711451077741,0.7260120443662084,0.968980382739502
cc-cubic_abr-throughput_signals-none_netem-high-rtt-loss,missing_tcp_pct,4,4,0,0.0,4,0.3335420144685587,0.25041736227045075,0.235636819700636,-0.041356165675153156,0.7084401946122705
cc-cubic_abr-throughput_signals-none_netem-high-rtt-loss,tcp_age_mean_ms,4,4,0,0.0,4,271.5215054693627,263.34975489536066,48.780665259076585,193.91146704217186,349.1315438965535
cc-cubic_abr-throughput_signals-none_netem-stable-8mbit,startup_sec,4,4,0,0.0,4,0.4968749999962747,0.5074499999955296,0.04028509855430116,0.43278140819638156,0.5609685917961679
cc-cubic_abr-throughput_signals-none_netem-stable-8mbit,stall_sec,4,4,0,0.0,4,0.0,0.0,0.0,0.0,0.0
cc-cubic_abr-throughput_signals-none_netem-stable-8mbit,stall_count,4,4,0,0.0,4,0.0,0.0,0.0,0.0,0.0
cc-cubic_abr-throughput_signals-none_netem-stable-8mbit,switch_count,4,4,0,0.0,4,1.0,1.0,0.0,1.0,1.0
cc-cubic_abr-throughput_signals-none_netem-stable-8mbit,avg_bitrate_mbps,4,4,0,0.0,4,1.4036830771812079,1.4036830771812079,0.0,1.4036830771812079,1.4036830771812079
cc-cubic_abr-throughput_signals-none_netem-stable-8mbit,time_weighted_bitrate_mbps,4,4,0,0.0,4,1.4057440000000003,1.405744,5.551115123125783e-16,1.4057439999999994,1.4057440000000012
cc-cubic_abr-throughput_signals-none_netem-stable-8mbit,buffer_mean_sec,4,4,0,0.0,4,26.69461963082283,26.700717281031373,0.030286682567266847,26.64643351885831,26.742805742787354
cc-cubic_abr-throughput_signals-none_netem-stable-8mbit,guardrail_count,4,4,0,0.0,4,0.0,0.0,0.0,0.0,0.0
cc-cubic_abr-throughput_signals-none_netem-stable-8mbit,rtt_mean_ms,4,4,0,0.0,4,200.83922201812916,200.41094414352693,1.680807243675577,198.16505769344133,203.513386342817
cc-cubic_abr-throughput_signals-none_netem-stable-8mbit,cwnd_mean_packets,4,4,0,0.0,4,244.77145770612387,244.5540909917487,2.289585519698964,241.1287271442828,248.41418826796493
cc-cubic_abr-throughput_signals-none_netem-stable-8mbit,loss_mean_pct,4,4,0,0.0,4,0.0,0.0,0.0,0.0,0.0
cc-cubic_abr-throughput_signals-none_netem-stable-8mbit,missing_tcp_pct,4,4,0,0.0,4,0.501323275693603,0.4176414425380093,0.23662249920158626,0.1248568794638793,0.8777896719233267
cc-cubic_abr-throughput_signals-none_netem-stable-8mbit,tcp_age_mean_ms,4,4,0,0.0,4,240.21991681097845,237.80283697716405,6.476860657053871,229.91523150560573,250.52460211635116
cc-cubic_abr-throughput_signals-rtt-cwnd-loss_netem-constrained-2mbit,startup_sec,4,4,0,0.0,4,0.8394250000044703,0.8399500000029803,0.04817553839768393,0.7627777184137552,0.9160722815951854
cc-cubic_abr-throughput_signals-rtt-cwnd-loss_netem-constrained-2mbit,stall_sec,4,4,0,0.0,4,0.0,0.0,0.0,0.0,0.0
cc-cubic_abr-throughput_signals-rtt-cwnd-loss_netem-constrained-2mbit,stall_count,4,4,0,0.0,4,0.0,0.0,0.0,0.0,0.0
cc-cubic_abr-throughput_signals-rtt-cwnd-loss_netem-constrained-2mbit,switch_count,4,4,0,0.0,4,57.5,55.0,13.601470508735444,35.86006042060191,79.13993957939809
cc-cubic_abr-throughput_signals-rtt-cwnd-loss_netem-constrained-2mbit,avg_bitrate_mbps,4,4,0,0.0,4,0.2702222872793413,0.26923858630364894,0.02649013569994636,0.22807648138072661,0.31236809317795594
cc-cubic_abr-throughput_signals-rtt-cwnd-loss_netem-constrained-2mbit,time_weighted_bitrate_mbps,4,4,0,0.0,4,0.2707157297688383,0.26989775751847933,0.02754234563508103,0.22689585786342437,0.3145356016742522
cc-cubic_abr-throughput_signals-rtt-cwnd-loss_netem-constrained-2mbit,buffer_mean_sec,4,4,0,0.0,4,8.70524808959051,8.759343829431437,0.22512312260500844,8.347077201525941,9.063418977655079
cc-cubic_abr-throughput_signals-rtt-cwnd-loss_netem-constrained-2mbit,guardrail_count,4,4,0,0.0,4,40.25,40.5,0.9574271077563381,38.72673347155967,41.77326652844033
cc-cubic_abr-throughput_signals-rtt-cwnd-loss_netem-constrained-2mbit,rtt_mean_ms,4,4,0,0.0,4,140.24884173859783,137.22352139609757,9.720430629786799,124.78363660660703,155.71404687058862
cc-cubic_abr-throughput_signals-rtt-cwnd-loss_netem-constrained-2mbit,cwnd_mean_packets,4,4,0,0.0,4,24.602177254285728,23.655316608187626,2.5239057491343835,20.586643207412923,28.617711301158533
cc-cubic_abr-throughput_signals-rtt-cwnd-loss_netem-constrained-2mbit,loss_mean_pct,4,4,0,0.0,4,0.7292774384633726,0.7302971144839434,0.06830190032679545,0.620609115043441,0.8379457618833042
cc-cubic_abr-throughput_signals-rtt-cwnd-loss_netem-constrained-2mbit,missing_tcp_pct,4,4,0,0.0,4,0.041666666666666664,0.0,0.08333333333333333,-0.09091666666666667,0.17425
cc-cubic_abr-throughput_signals-rtt-cwnd-loss_netem-constrained-2mbit,tcp_age_mean_ms,4,4,0,0.0,4,262.2281715159584,254.38630964317895,25.64296491916246,221.43021432957096,303.0261287023459
cc-cubic_abr-throughput_signals-rtt-cwnd-loss_netem-high-rtt-loss,startup_sec,4,4,0,0.0,4,1.4712000000029803,1.38285000000149,0.2883098449039113,1.0124990367608575,1.9299009632451032
cc-cubic_abr-throughput_signals-rtt-cwnd-loss_netem-high-rtt-loss,stall_sec,4,4,0,0.0,4,0.0,0.0,0.0,0.0,0.0
cc-cubic_abr-throughput_signals-rtt-cwnd-loss_netem-high-rtt-loss,stall_count,4,4,0,0.0,4,0.0,0.0,0.0,0.0,0.0
cc-cubic_abr-throughput_signals-rtt-cwnd-loss_netem-high-rtt-loss,switch_count,4,4,0,0.0,4,2.5,2.0,3.0,-2.2729999999999997,7.273
cc-cubic_abr-throughput_signals-rtt-cwnd-loss_netem-high-rtt-loss,avg_bitrate_mbps,4,4,0,0.0,4,0.18207107634228187,0.17949492281879195,0.006809367171510081,0.17123737317240934,0.1929047795121544
cc-cubic_abr-throughput_signals-rtt-cwnd-loss_netem-high-rtt-loss,time_weighted_bitrate_mbps,4,4,0,0.0,4,0.18216510535955605,0.17958660232343776,0.0068974114697967865,0.17119132371110934,0.19313888700800275
cc-cubic_abr-throughput_signals-rtt-cwnd-loss_netem-high-rtt-loss,buffer_mean_sec,4,4,0,0.0,4,15.222555120511908,15.165562397395547,0.124890344031582,15.02385458315766,15.421255657866155
cc-cubic_abr-throughput_signals-rtt-cwnd-loss_netem-high-rtt-loss,guardrail_count,4,4,0,0.0,4,0.75,0.5,0.9574271077563381,-0.773266528440334,2.2732665284403337
cc-cubic_abr-throughput_signals-rtt-cwnd-loss_netem-high-rtt-loss,rtt_mean_ms,4,4,0,0.0,4,137.9551772489629,137.74415136806618,0.6108939533739779,136.98324496914492,138.9271095287809
cc-cubic_abr-throughput_signals-rtt-cwnd-loss_netem-high-rtt-loss,cwnd_mean_packets,4,4,0,0.0,4,15.102245460216116,15.13661713632378,0.3596369242039377,14.530063113807651,15.67442780662458
cc-cubic_abr-throughput_signals-rtt-cwnd-loss_netem-high-rtt-loss,loss_mean_pct,4,4,0,0.0,4,1.1270023746169837,1.0695492893359764,0.15705948341662374,0.8771207365011353,1.3768840127328321
cc-cubic_abr-throughput_signals-rtt-cwnd-loss_netem-high-rtt-loss,missing_tcp_pct,4,4,0,0.0,4,0.8748634255465524,0.7512520868113522,0.7731560869499556,-0.355227908790827,2.104954759883932
cc-cubic_abr-throughput_signals-rtt-cwnd-loss_netem-high-rtt-loss,tcp_age_mean_ms,4,4,0,0.0,4,276.24844651136146,264.75007977878744,44.588918137224645,205.30747775503704,347.1894152676859
cc-cubic_abr-throughput_signals-rtt-cwnd-loss_netem-stable-8mbit,startup_sec,4,4,0,0.0,4,0.4887999999970198,0.4854499999955296,0.028162031179849938,0.4439942083898785,0.533605791604161
cc-cubic_abr-throughput_signals-rtt-cwnd-loss_netem-stable-8mbit,stall_sec,4,4,0,0.0,4,0.0,0.0,0.0,0.0,0.0
cc-cubic_abr-throughput_signals-rtt-cwnd-loss_netem-stable-8mbit,stall_count,4,4,0,0.0,4,0.0,0.0,0.0,0.0,0.0
cc-cubic_abr-throughput_signals-rtt-cwnd-loss_netem-stable-8mbit,switch_count,4,4,0,0.0,4,1.0,1.0,0.0,1.0,1.0
cc-cubic_abr-throughput_signals-rtt-cwnd-loss_netem-stable-8mbit,avg_bitrate_mbps,4,4,0,0.0,4,1.4036830771812079,1.4036830771812079,0.0,1.4036830771812079,1.4036830771812079
cc-cubic_abr-throughput_signals-rtt-cwnd-loss_netem-stable-8mbit,time_weighted_bitrate_mbps,4,4,0,0.0,4,1.4057439999999994,1.4057439999999994,5.83967460982345e-16,1.4057439999999986,1.4057440000000003
cc-cubic_abr-throughput_signals-rtt-cwnd-loss_netem-stable-8mbit,buffer_mean_sec,4,4,0,0.0,4,26.699898023322035,26.706083672062135,0.016660174050733,26.673391686407317,26.726404360236753
cc-cubic_abr-throughput_signals-rtt-cwnd-loss_netem-stable-8mbit,guardrail_count,4,4,0,0.0,4,0.0,0.0,0.0,0.0,0.0
cc-cubic_abr-throughput_signals-rtt-cwnd-loss_netem-stable-8mbit,rtt_mean_ms,4,4,0,0.0,4,201.11553332714988,201.03321408068024,2.594370235365044,196.98789028268408,205.24317637161568
cc-cubic_abr-throughput_signals-rtt-cwnd-loss_netem-stable-8mbit,cwnd_mean_packets,4,4,0,0.0,4,245.0039733220127,245.8394621318672,4.7303243938778525,237.47802721135304,252.5299194326724
cc-cubic_abr-throughput_signals-rtt-cwnd-loss_netem-stable-8mbit,loss_mean_pct,4,4,0,0.0,4,0.0,0.0,0.0,0.0,0.0
cc-cubic_abr-throughput_signals-rtt-cwnd-loss_netem-stable-8mbit,missing_tcp_pct,4,4,0,0.0,4,0.6688265280484196,0.33444816053511706,0.7844099913594923,-0.5791697682045327,1.9168228243013719
cc-cubic_abr-throughput_signals-rtt-cwnd-loss_netem-stable-8mbit,tcp_age_mean_ms,4,4,0,0.0,4,256.5164690352809,247.41288130482562,38.07390122835745,195.94089218096423,317.0920458895976
cc-cubic_abr-throughput_signals-rtt-cwnd_netem-constrained-2mbit,startup_sec,4,4,0,0.0,4,0.8178999999985099,0.8188499999940395,0.03849476155047591,0.7566548343717028,0.8791451656253171
cc-cubic_abr-throughput_signals-rtt-cwnd_netem-constrained-2mbit,stall_sec,4,4,0,0.0,4,0.0,0.0,0.0,0.0,0.0
cc-cubic_abr-throughput_signals-rtt-cwnd_netem-constrained-2mbit,stall_count,4,4,0,0.0,4,0.0,0.0,0.0,0.0,0.0
cc-cubic_abr-throughput_signals-rtt-cwnd_netem-constrained-2mbit,switch_count,4,4,0,0.0,4,53.0,53.0,13.90443574307614,30.87804273276586,75.12195726723414
cc-cubic_abr-throughput_signals-rtt-cwnd_netem-constrained-2mbit,avg_bitrate_mbps,4,4,0,0.0,4,0.26290015860341975,0.2577357690943532,0.026818464742595884,0.2202319811979497,0.3055683360088898
cc-cubic_abr-throughput_signals-rtt-cwnd_netem-constrained-2mbit,time_weighted_bitrate_mbps,4,4,0,0.0,4,0.2639448925050785,0.2589912178979341,0.02722932072495942,0.2206230432316681,0.30726674177848895
cc-cubic_abr-throughput_signals-rtt-cwnd_netem-constrained-2mbit,buffer_mean_sec,4,4,0,0.0,4,9.1180610830295,9.107220203963127,0.13377435306067076,8.905226087309973,9.330896078749028
cc-cubic_abr-throughput_signals-rtt-cwnd_netem-constrained-2mbit,guardrail_count,4,4,0,0.0,4,40.0,40.0,0.816496580927726,38.70095393974399,41.29904606025601
cc-cubic_abr-throughput_signals-rtt-cwnd_netem-constrained-2mbit,rtt_mean_ms,4,4,0,0.0,4,138.74884319527948,134.16487285381166,10.424832857860661,122.16293411842317,155.3347522721358
cc-cubic_abr-throughput_signals-rtt-cwnd_netem-constrained-2mbit,cwnd_mean_packets,4,4,0,0.0,4,24.499788980996264,23.31726937259002,2.7959981507243605,20.051355923193807,28.948222038798722
cc-cubic_abr-throughput_signals-rtt-cwnd_netem-constrained-2mbit,loss_mean_pct,4,4,0,0.0,4,0.7639376481201884,0.7609772470444264,0.130308566495495,0.5566167188258558,0.9712585774145209
cc-cubic_abr-throughput_signals-rtt-cwnd_netem-constrained-2mbit,missing_tcp_pct,4,4,0,0.0,4,0.041666666666666664,0.0,0.08333333333333333,-0.09091666666666667,0.17425
cc-cubic_abr-throughput_signals-rtt-cwnd_netem-constrained-2mbit,tcp_age_mean_ms,4,4,0,0.0,4,255.11074966054753,250.3434056766916,17.203490677430487,227.7399959927556,282.48150332833944
cc-cubic_abr-throughput_signals-rtt-cwnd_netem-high-rtt-loss,startup_sec,4,4,0,0.0,4,1.2870499999970197,1.312899999991059,0.09474120891817363,1.1363167366082054,1.437783263385834
cc-cubic_abr-throughput_signals-rtt-cwnd_netem-high-rtt-loss,stall_sec,4,4,0,0.0,4,0.0,0.0,0.0,0.0,0.0
cc-cubic_abr-throughput_signals-rtt-cwnd_netem-high-rtt-loss,stall_count,4,4,0,0.0,4,0.0,0.0,0.0,0.0,0.0
cc-cubic_abr-throughput_signals-rtt-cwnd_netem-high-rtt-loss,switch_count,4,4,0,0.0,4,3.0,2.0,3.4641016151377544,-2.5113856696841674,8.511385669684167
cc-cubic_abr-throughput_signals-rtt-cwnd_netem-high-rtt-loss,avg_bitrate_mbps,4,4,0,0.0,4,0.1846472298657718,0.177434,0.01442645973154362,0.1616947324328859,0.20759972729865772
cc-cubic_abr-throughput_signals-rtt-cwnd_netem-high-rtt-loss,time_weighted_bitrate_mbps,4,4,0,0.0,4,0.18477759983687117,0.17743400000000004,0.014687199673742343,0.1614102651559471,0.20814493451779523
cc-cubic_abr-throughput_signals-rtt-cwnd_netem-high-rtt-loss,buffer_mean_sec,4,4,0,0.0,4,15.128432456602889,15.199415181708838,0.26337798795481215,14.709398077766783,15.547466835438994
cc-cubic_abr-throughput_signals-rtt-cwnd_netem-high-rtt-loss,guardrail_count,4,4,0,0.0,4,1.0,0.5,1.4142135623730951,-1.2500137777355942,3.250013777735594
cc-cubic_abr-throughput_signals-rtt-cwnd_netem-high-rtt-loss,rtt_mean_ms,4,4,0,0.0,4,137.79522257626604,137.93403975842352,0.6389037508875933,136.77872670860387,138.8117184439282
cc-cubic_abr-throughput_signals-rtt-cwnd_netem-high-rtt-loss,cwnd_mean_packets,4,4,0,0.0,4,15.645232058687634,15.649296017294809,1.110709803951668,13.87809276060053,17.412371356774738
cc-cubic_abr-throughput_signals-rtt-cwnd_netem-high-rtt-loss,loss_mean_pct,4,4,0,0.0,4,0.9462566706801421,0.9567498703771138,0.33544428355981326,0.41256481553647917,1.479948525823805
cc-cubic_abr-throughput_signals-rtt-cwnd_netem-high-rtt-loss,missing_tcp_pct,4,4,0,0.0,4,1.7501432874350578,1.669449081803005,1.257420244763304,-0.25041232198335917,3.750698896853475
cc-cubic_abr-throughput_signals-rtt-cwnd_netem-high-rtt-loss,tcp_age_mean_ms,4,4,0,0.0,4,238.70650937973704,238.73585395667106,27.773039964404713,194.51960279636916,282.8934159631049
cc-cubic_abr-throughput_signals-rtt-cwnd_netem-stable-8mbit,startup_sec,4,4,0,0.0,4,0.4959999999962747,0.49325000000745056,0.010415693282065585,0.47942863198450836,0.512571368008041
cc-cubic_abr-throughput_signals-rtt-cwnd_netem-stable-8mbit,stall_sec,4,4,0,0.0,4,0.0,0.0,0.0,0.0,0.0
cc-cubic_abr-throughput_signals-rtt-cwnd_netem-stable-8mbit,stall_count,4,4,0,0.0,4,0.0,0.0,0.0,0.0,0.0
cc-cubic_abr-throughput_signals-rtt-cwnd_netem-stable-8mbit,switch_count,4,4,0,0.0,4,1.0,1.0,0.0,1.0,1.0
cc-cubic_abr-throughput_signals-rtt-cwnd_netem-stable-8mbit,avg_bitrate_mbps,4,4,0,0.0,4,1.4036830771812079,1.4036830771812079,0.0,1.4036830771812079,1.4036830771812079
cc-cubic_abr-throughput_signals-rtt-cwnd_netem-stable-8mbit,time_weighted_bitrate_mbps,4,4,0,0.0,4,1.4057439999999994,1.405744,1.4672875952469843e-15,1.405743999999997,1.4057440000000019
cc-cubic_abr-throughput_signals-rtt-cwnd_netem-stable-8mbit,buffer_mean_sec,4,4,0,0.0,4,26.723242950206867,26.71319532554257,0.041289786456287315,26.657550899954913,26.78893500045882
cc-cubic_abr-throughput_signals-rtt-cwnd_netem-stable-8mbit,guardrail_count,4,4,0,0.0,4,0.0,0.0,0.0,0.0,0.0
cc-cubic_abr-throughput_signals-rtt-cwnd_netem-stable-8mbit,rtt_mean_ms,4,4,0,0.0,4,201.26854204690704,201.13151199764621,1.583999684095641,198.74839854951088,203.7886855443032
cc-cubic_abr-throughput_signals-rtt-cwnd_netem-stable-8mbit,cwnd_mean_packets,4,4,0,0.0,4,245.45133706236578,245.21413618217457,1.2393847885770086,243.47947586373976,247.4231982609918
cc-cubic_abr-throughput_signals-rtt-cwnd_netem-stable-8mbit,loss_mean_pct,4,4,0,0.0,4,0.0,0.0,0.0,0.0,0.0
cc-cubic_abr-throughput_signals-rtt-cwnd_netem-stable-8mbit,missing_tcp_pct,4,4,0,0.0,4,0.16708449422392951,0.1669449081803005,0.13653798492204286,-0.05014743978704067,0.3843164282348997
cc-cubic_abr-throughput_signals-rtt-cwnd_netem-stable-8mbit,tcp_age_mean_ms,4,4,0,0.0,4,255.31513451164685,246.250905422524,28.37530534702571,210.17002370452894,300.46024531876475
cc-cubic_abr-throughput_signals-rtt-loss_netem-constrained-2mbit,startup_sec,4,4,0,0.0,4,0.8546250000037253,0.8749499999955297,0.05336037075113147,0.7697286501386752,0.9395213498687754
cc-cubic_abr-throughput_signals-rtt-loss_netem-constrained-2mbit,stall_sec,4,4,0,0.0,4,0.0,0.0,0.0,0.0,0.0
cc-cubic_abr-throughput_signals-rtt-loss_netem-constrained-2mbit,stall_count,4,4,0,0.0,4,0.0,0.0,0.0,0.0,0.0
cc-cubic_abr-throughput_signals-rtt-loss_netem-constrained-2mbit,switch_count,4,4,0,0.0,4,61.5,62.0,4.123105625617661,54.940138949642304,68.0598610503577
cc-cubic_abr-throughput_signals-rtt-loss_netem-constrained-2mbit,avg_bitrate_mbps,4,4,0,0.0,4,0.2686298347315436,0.2670841426174496,0.012746103702187324,0.24835078374136357,0.28890888572172363
cc-cubic_abr-throughput_signals-rtt-loss_netem-constrained-2mbit,time_weighted_bitrate_mbps,4,4,0,0.0,4,0.26944158137220126,0.2678471620537779,0.012234893238208233,0.24997586623021195,0.28890729651419056
cc-cubic_abr-throughput_signals-rtt-loss_netem-constrained-2mbit,buffer_mean_sec,4,4,0,0.0,4,8.959170600852778,8.968229020589872,0.07023354636555477,8.84742902858518,9.070912173120375
cc-cubic_abr-throughput_signals-rtt-loss_netem-constrained-2mbit,guardrail_count,4,4,0,0.0,4,39.0,39.0,1.1547005383792515,37.16287144343861,40.83712855656139
cc-cubic_abr-throughput_signals-rtt-loss_netem-constrained-2mbit,rtt_mean_ms,4,4,0,0.0,4,139.6912024882833,141.5764656793072,9.96689421060255,123.83387379921464,155.54853117735195
cc-cubic_abr-throughput_signals-rtt-loss_netem-constrained-2mbit,cwnd_mean_packets,4,4,0,0.0,4,24.614234303083247,24.731727203801086,2.38526398092597,20.81927930943003,28.409189296736464
cc-cubic_abr-throughput_signals-rtt-loss_netem-constrained-2mbit,loss_mean_pct,4,4,0,0.0,4,0.7858069945509834,0.82440457923392,0.18212023533156213,0.496053700138468,1.0755602889634988
cc-cubic_abr-throughput_signals-rtt-loss_netem-constrained-2mbit,missing_tcp_pct,4,4,0,0.0,4,1.08437673900946,1.2520868113522536,0.8448756828883304,-0.2598204724658735,2.4285739504847936
cc-cubic_abr-throughput_signals-rtt-loss_netem-constrained-2mbit,tcp_age_mean_ms,4,4,0,0.0,4,278.38927652912116,292.8711655315743,34.65030322568676,223.26064409705353,333.5179089611888
cc-cubic_abr-throughput_signals-rtt-loss_netem-high-rtt-loss,startup_sec,4,4,0,0.0,4,1.3758499999977647,1.37564999999851,0.10812685450497156,1.203820174480355,1.5478798255151744
cc-cubic_abr-throughput_signals-rtt-loss_netem-high-rtt-loss,stall_sec,4,4,0,0.0,4,0.0,0.0,0.0,0.0,0.0
cc-cubic_abr-throughput_signals-rtt-loss_netem-high-rtt-loss,stall_count,4,4,0,0.0,4,0.0,0.0,0.0,0.0,0.0
cc-cubic_abr-throughput_signals-rtt-loss_netem-high-rtt-loss,switch_count,4,4,0,0.0,4,1.5,1.0,1.9148542155126762,-1.546533056880668,4.5465330568806674
cc-cubic_abr-throughput_signals-rtt-loss_netem-high-rtt-loss,avg_bitrate_mbps,4,4,0,0.0,4,0.18310153775167787,0.177434,0.011335075503355704,0.16506743262583895,0.20113564287751678
cc-cubic_abr-throughput_signals-rtt-loss_netem-high-rtt-loss,time_weighted_bitrate_mbps,4,4,0,0.0,4,0.1831516152981818,0.17743400000000004,0.011435230596363569,0.16495816341936737,0.20134506717699624
cc-cubic_abr-throughput_signals-rtt-loss_netem-high-rtt-loss,buffer_mean_sec,4,4,0,0.0,4,15.195205742904843,15.175775425709517,0.11118332587470123,15.018313071438193,15.372098414371493
cc-cubic_abr-throughput_signals-rtt-loss_netem-high-rtt-loss,guardrail_count,4,4,0,0.0,4,0.0,0.0,0.0,0.0,0.0
cc-cubic_abr-throughput_signals-rtt-loss_netem-high-rtt-loss,rtt_mean_ms,4,4,0,0.0,4,138.07790186453602,138.02198389413707,0.6194740084982974,137.09231871701522,139.06348501205682
cc-cubic_abr-throughput_signals-rtt-loss_netem-high-rtt-loss,cwnd_mean_packets,4,4,0,0.0,4,16.059001227407713,15.937278010624834,0.5501996229722163,15.183633627258917,16.934368827556508
cc-cubic_abr-throughput_signals-rtt-loss_netem-high-rtt-loss,loss_mean_pct,4,4,0,0.0,4,1.0625018330288087,1.1292528311321173,0.1885831111490064,0.7624661031907396,1.3625375628668779
cc-cubic_abr-throughput_signals-rtt-loss_netem-high-rtt-loss,missing_tcp_pct,4,4,0,0.0,4,1.0433361157484697,0.7512520868113522,1.014422168163871,-0.5706095538002489,2.6572817852971884
cc-cubic_abr-throughput_signals-rtt-loss_netem-high-rtt-loss,tcp_age_mean_ms,4,4,0,0.0,4,286.52050943464855,290.2647564944021,36.6086331102391,228.27617415625815,344.76484471303894
cc-cubic_abr-throughput_signals-rtt-loss_netem-stable-8mbit,startup_sec,4,4,0,0.0,4,0.49584999999031426,0.4695499999895692,0.07189086636853051,0.38147163159798225,0.6102283683826463
cc-cubic_abr-throughput_signals-rtt-loss_netem-stable-8mbit,stall_sec,4,4,0,0.0,4,0.0,0.0,0.0,0.0,0.0
cc-cubic_abr-throughput_signals-rtt-loss_netem-stable-8mbit,stall_count,4,4,0,0.0,4,0.0,0.0,0.0,0.0,0.0
cc-cubic_abr-throughput_signals-rtt-loss_netem-stable-8mbit,switch_count,4,4,0,0.0,4,1.0,1.0,0.0,1.0,1.0
cc-cubic_abr-throughput_signals-rtt-loss_netem-stable-8mbit,avg_bitrate_mbps,4,4,0,0.0,4,1.403683940214214,1.4036830771812079,1.7260660124529537e-06,1.4036811940431881,1.40368668638524
cc-cubic_abr-throughput_signals-rtt-loss_netem-stable-8mbit,time_weighted_bitrate_mbps,4,4,0,0.0,4,1.4057439999999999,1.4057439999999999,4.2518304777254294e-16,1.4057439999999992,1.4057440000000005
cc-cubic_abr-throughput_signals-rtt-loss_netem-stable-8mbit,buffer_mean_sec,4,4,0,0.0,4,26.700246839074044,26.696994866025314,0.02922716288261168,26.65374642292781,26.746747255220278
cc-cubic_abr-throughput_signals-rtt-loss_netem-stable-8mbit,guardrail_count,4,4,0,0.0,4,0.0,0.0,0.0,0.0,0.0
cc-cubic_abr-throughput_signals-rtt-loss_netem-stable-8mbit,rtt_mean_ms,4,4,0,0.0,4,201.01493438168418,200.9599954000532,1.2744123601848185,198.98734431663013,203.04252444673824
cc-cubic_abr-throughput_signals-rtt-loss_netem-stable-8mbit,cwnd_mean_packets,4,4,0,0.0,4,244.64475891377162,245.55151782189387,3.701101143284168,238.75630699480652,250.53321083273673
cc-cubic_abr-throughput_signals-rtt-loss_netem-stable-8mbit,loss_mean_pct,4,4,0,0.0,4,0.0,0.0,0.0,0.0,0.0
cc-cubic_abr-throughput_signals-rtt-loss_netem-stable-8mbit,missing_tcp_pct,4,4,0,0.0,4,0.16715428724574402,0.16708449422392951,0.13653796113834965,-0.050077608925370276,0.3843861834168583
cc-cubic_abr-throughput_signals-rtt-loss_netem-stable-8mbit,tcp_age_mean_ms,4,4,0,0.0,4,260.01498199354046,265.01153278145955,16.921148951363048,233.09343401192186,286.9365299751591
cc-cubic_abr-throughput_signals-rtt_netem-constrained-2mbit,startup_sec,4,4,0,0.0,4,0.8049500000067056,0.7900500000119209,0.06157025796205673,0.7069917195890734,0.9029082804243378
cc-cubic_abr-throughput_signals-rtt_netem-constrained-2mbit,stall_sec,4,4,0,0.0,4,0.0,0.0,0.0,0.0,0.0
cc-cubic_abr-throughput_signals-rtt_netem-constrained-2mbit,stall_count,4,4,0,0.0,4,0.0,0.0,0.0,0.0,0.0
cc-cubic_abr-throughput_signals-rtt_netem-constrained-2mbit,switch_count,4,4,0,0.0,4,68.0,66.0,7.118052168020874,56.67517900067879,79.3248209993212
cc-cubic_abr-throughput_signals-rtt_netem-constrained-2mbit,avg_bitrate_mbps,4,4,0,0.0,4,0.2896084410461143,0.2926523584589615,0.0075222721888095825,0.27764050599371826,0.3015763760985103
cc-cubic_abr-throughput_signals-rtt_netem-constrained-2mbit,time_weighted_bitrate_mbps,4,4,0,0.0,4,0.29090492360019343,0.29326848137182837,0.00810838236998961,0.27800448724953997,0.3038053599508469
cc-cubic_abr-throughput_signals-rtt_netem-constrained-2mbit,buffer_mean_sec,4,4,0,0.0,4,9.076152721090335,9.073397157190634,0.07026730626934866,8.964357436815801,9.187948005364868
cc-cubic_abr-throughput_signals-rtt_netem-constrained-2mbit,guardrail_count,4,4,0,0.0,4,38.5,38.0,1.7320508075688772,35.74430716515791,41.25569283484209
cc-cubic_abr-throughput_signals-rtt_netem-constrained-2mbit,rtt_mean_ms,4,4,0,0.0,4,140.55741589812868,135.82686282448077,12.384883003685141,120.85306703926562,160.26176475699174
cc-cubic_abr-throughput_signals-rtt_netem-constrained-2mbit,cwnd_mean_packets,4,4,0,0.0,4,24.99232370762885,23.872626011166105,3.0493496199002235,20.140808462367595,29.843838952890103
cc-cubic_abr-throughput_signals-rtt_netem-constrained-2mbit,loss_mean_pct,4,4,0,0.0,4,0.7948527388494802,0.7963190644981026,0.11271558060118271,0.6155222501129984,0.9741832275859619
cc-cubic_abr-throughput_signals-rtt_netem-constrained-2mbit,missing_tcp_pct,4,4,0,0.0,4,0.04180602006688963,0.0,0.08361204013377926,-0.09122073578595316,0.17483277591973242
cc-cubic_abr-throughput_signals-rtt_netem-constrained-2mbit,tcp_age_mean_ms,4,4,0,0.0,4,279.6950785531869,280.6467581140191,6.476553542117887,269.3908818676773,289.99927523869644
cc-cubic_abr-throughput_signals-rtt_netem-high-rtt-loss,startup_sec,4,4,0,0.0,4,1.45202499999851,1.4298499999940395,0.12938125508104983,1.2461794231645598,1.6578705768324602
cc-cubic_abr-throughput_signals-rtt_netem-high-rtt-loss,stall_sec,4,4,0,0.0,4,0.0,0.0,0.0,0.0,0.0
cc-cubic_abr-throughput_signals-rtt_netem-high-rtt-loss,stall_count,4,4,0,0.0,4,0.0,0.0,0.0,0.0,0.0
cc-cubic_abr-throughput_signals-rtt_netem-high-rtt-loss,switch_count,4,4,0,0.0,4,3.0,3.0,2.581988897471611,-1.1079443358773338,7.107944335877334
cc-cubic_abr-throughput_signals-rtt_netem-high-rtt-loss,avg_bitrate_mbps,4,4,0,0.0,4,0.18361676845637584,0.18052538422818792,0.008413682175497773,0.1702306001151589,0.1970029367975928
cc-cubic_abr-throughput_signals-rtt_netem-high-rtt-loss,time_weighted_bitrate_mbps,4,4,0,0.0,4,0.18376575783964688,0.18079317216268698,0.008380848173472465,0.17043182839565219,0.19709968728364158
cc-cubic_abr-throughput_signals-rtt_netem-high-rtt-loss,buffer_mean_sec,4,4,0,0.0,4,15.178704610461882,15.135585054257096,0.1607972041273408,14.922876258695283,15.43453296222848
cc-cubic_abr-throughput_signals-rtt_netem-high-rtt-loss,guardrail_count,4,4,0,0.0,4,0.25,0.0,0.5,-0.5455,1.0455
cc-cubic_abr-throughput_signals-rtt_netem-high-rtt-loss,rtt_mean_ms,4,4,0,0.0,4,138.1213250274383,137.98973894529047,0.794624227654291,136.85707788124031,139.3855721736363
cc-cubic_abr-throughput_signals-rtt_netem-high-rtt-loss,cwnd_mean_packets,4,4,0,0.0,4,16.18769983154747,16.06912664323832,1.209223877165636,14.263824642976942,18.111575020117996
cc-cubic_abr-throughput_signals-rtt_netem-high-rtt-loss,loss_mean_pct,4,4,0,0.0,4,0.939139668658849,0.8460804870126621,0.3223834521224813,0.42622759633198126,1.4520517409857168
cc-cubic_abr-throughput_signals-rtt_netem-high-rtt-loss,missing_tcp_pct,4,4,0,0.0,4,1.3336115748469672,1.3333333333333333,0.6800504547873849,0.25165130128023794,2.4155718484136965
cc-cubic_abr-throughput_signals-rtt_netem-high-rtt-loss,tcp_age_mean_ms,4,4,0,0.0,4,270.41942365105774,266.99436974810953,40.94338173484101,205.2785033109257,335.5603439911898
cc-cubic_abr-throughput_signals-rtt_netem-stable-8mbit,startup_sec,4,4,0,0.0,4,0.49452500000223515,0.49824999999999997,0.028420928326057016,0.44930730303547844,0.5397426969689919
cc-cubic_abr-throughput_signals-rtt_netem-stable-8mbit,stall_sec,4,4,0,0.0,4,0.0,0.0,0.0,0.0,0.0
cc-cubic_abr-throughput_signals-rtt_netem-stable-8mbit,stall_count,4,4,0,0.0,4,0.0,0.0,0.0,0.0,0.0
cc-cubic_abr-throughput_signals-rtt_netem-stable-8mbit,switch_count,4,4,0,0.0,4,1.0,1.0,0.0,1.0,1.0
cc-cubic_abr-throughput_signals-rtt_netem-stable-8mbit,avg_bitrate_mbps,4,4,0,0.0,4,1.4036830771812079,1.4036830771812079,0.0,1.4036830771812079,1.4036830771812079
cc-cubic_abr-throughput_signals-rtt_netem-stable-8mbit,time_weighted_bitrate_mbps,4,4,0,0.0,4,1.4057439999999997,1.4057439999999997,2.7940000073818173e-16,1.4057439999999992,1.405744
cc-cubic_abr-throughput_signals-rtt_netem-stable-8mbit,buffer_mean_sec,4,4,0,0.0,4,26.69026282446776,26.69859933222037,0.05935866557633097,26.595823187535817,26.7847024613997
cc-cubic_abr-throughput_signals-rtt_netem-stable-8mbit,guardrail_count,4,4,0,0.0,4,0.0,0.0,0.0,0.0,0.0
cc-cubic_abr-throughput_signals-rtt_netem-stable-8mbit,rtt_mean_ms,4,4,0,0.0,4,196.04701203048194,195.3072130744813,9.480303192970991,180.96384965046508,211.1301744104988
cc-cubic_abr-throughput_signals-rtt_netem-stable-8mbit,cwnd_mean_packets,4,4,0,0.0,4,235.2405925390825,233.56415599372954,14.443898147484495,212.2603505864347,258.22083449173033
cc-cubic_abr-throughput_signals-rtt_netem-stable-8mbit,loss_mean_pct,4,4,0,0.0,4,0.0,0.0,0.0,0.0,0.0
cc-cubic_abr-throughput_signals-rtt_netem-stable-8mbit,missing_tcp_pct,4,4,0,0.0,4,1.1270177162606574,0.5843071786310517,1.2593675750446574,-0.8766360956353925,3.1306715281567072
cc-cubic_abr-throughput_signals-rtt_netem-stable-8mbit,tcp_age_mean_ms,4,4,0,0.0,4,246.70989172646307,253.09033714598644,20.202156223514574,214.5682611748514,278.85152227807475
