file,cc,abr,signals,condition,completed,playback_sec,wall_play_sec,startup_sec,excess_sec,stall_sec,stall_count,switch_count,avg_quality,avg_bitrate_mbps,q0_pct,q1_pct,guardrail_count,tcp_samples,rtt_mean_ms,rtt_p95_ms,rttx_mean,rttx_p95,rtt_over_1_5_pct,cwnd_mean_packets,cwnd_min_packets,cwnd_pressure_pct,loss_mean_pct,loss_p95_pct,samples_with_retx_pct,status,error,attempt,missing_tcp_pct,tcp_age_mean_ms,buffer_mean_sec,time_weighted_bitrate_mbps,batch,replicate
261003_2/round-01/run-01/dash_qoe_log_cc-bbr_abr-throughput_signals-cwnd_netem-stable-8mbit.json.gz,BBR,Throughput,cwnd,cc-bbr_abr-throughput_signals-cwnd_netem-stable-8mbit,True,596.4,596.8870999999996,0.6235,0,0.0,0,1,0.9983221476510067,1.4036830771812079,0.16778523489932887,99.83221476510067,0,1195,30.25235983263598,34.436,1.6432756133379758,1.8652903366379783,91.96652719665272,36.03347280334728,4.0,1.0878661087866108,0.0,0.0,0.0,completed,,1,0.0,235.45709515852428,26.67881469115192,1.405744,261003_2,round01
261003_2/round-01/run-01/dash_qoe_log_cc-cubic_abr-throughput_signals-loss_netem-constrained-2mbit.json.gz,CUBIC,Throughput,loss,cc-cubic_abr-throughput_signals-loss_netem-constrained-2mbit,True,596.4,597.434,0.9974000000003725,0.03659999999961927,0.0,0,62,0.3422818791946309,0.597862255033557,65.66164154103852,34.17085427135678,0,1191,163.4755407220823,326.854,3.1839847771299126,6.365602741410278,99.58018471872376,27.53820319059614,2.0,60.11754827875735,0.7033333757787075,2.919863597612958,12.174643157010916,completed,,1,0.0,266.1774247490854,8.5806872909699,0.5972670912983559,261003_2,round01
261003_2/round-01/run-01/dash_qoe_log_cc-bbr_abr-bola_signals-cwnd-loss_netem-stable-8mbit.json.gz,BBR,BOLA,cwnd+loss,cc-bbr_abr-bola_signals-cwnd-loss_netem-stable-8mbit,True,596.4,596.8916999999992,0.6307999999988824,0,0.0,0,1,0.9983221476510067,1.4036830771812079,0.16778523489932887,99.83221476510067,0,1194,30.20945058626466,33.735,1.6356027539747702,1.8365837842391959,93.38358458961474,35.903685092127304,4.0,1.256281407035176,0.0,0.0,0.0,completed,,1,0.0,229.7674457430311,26.632222036727878,1.4057440000000019,261003_2,round01
261003_2/round-01/run-01/dash_qoe_log_cc-cubic_abr-bola_signals-cwnd_netem-stable-8mbit.json.gz,CUBIC,BOLA,cwnd,cc-cubic_abr-bola_signals-cwnd_netem-stable-8mbit,True,596.458332,596.8251999999992,0.40569999999925493,0,0.0,0,1,0.9983221476510067,1.4036830771812079,0.16778523489932887,99.83221476510067,0,1191,203.81725944584383,480.619,11.04304223252988,26.12485731369245,99.91603694374476,246.4416456759026,10.0,13.43408900083963,0.0,0.0,0.0,completed,,1,0.16722408026755853,234.9408710217431,26.734754180602007,1.4057440000000014,261003_2,round01
261003_2/round-01/run-01/dash_qoe_log_cc-cubic_abr-bola_signals-rtt-cwnd-loss_netem-high-rtt-loss.json.gz,CUBIC,BOLA,rtt+cwnd+loss,cc-cubic_abr-bola_signals-rtt-cwnd-loss_netem-high-rtt-loss,True,596.4,597.6205,1.2307999999988823,0,0.0,0,6,0.008389261744966443,0.18773861409395973,98.99497487437186,0.8375209380234506,2,1197,138.79569757727654,149.409,1.3647959768676807,1.4706498374028552,1.086048454469507,17.717627401837927,1.0,18.295739348370926,0.8976503401284112,0.0,4.678362573099415,completed,,1,0.16611295681063123,247.5780366054874,13.752893687707642,0.18778093714060784,261003_2,round01
261003_2/round-01/run-01/dash_qoe_log_cc-bbr_abr-bola_signals-rtt-loss_netem-constrained-2mbit.json.gz,BBR,BOLA,rtt+loss,cc-bbr_abr-bola_signals-rtt-loss_netem-constrained-2mbit,True,596.458332,597.252,0.8526000000014902,0,0.0,0,27,0.8406040268456376,1.209956332214765,15.912897822445562,83.91959798994975,0,1190,99.59665798319328,119.00879999999998,1.9204260577001155,2.2936287769592165,98.90756302521008,28.849579831932772,4.0,3.9495798319327733,0.5151216820022535,2.616199589883799,12.77310924369748,completed,,1,0.0,293.15966666650024,18.744384999999998,1.211261232870844,261003_2,round01
261003_2/round-01/run-01/dash_qoe_log_cc-bbr_abr-bola_signals-rtt-cwnd_netem-constrained-2mbit.json.gz,BBR,BOLA,rtt+cwnd,cc-bbr_abr-bola_signals-rtt-cwnd_netem-constrained-2mbit,True,596.4,597.2029000000003,1.0035999999996275,0,0.0,0,23,0.889261744966443,1.2697230939597315,11.055276381909549,88.77721943048576,0,1195,98.53155648535565,116.0179,1.8936229397982798,2.2336900469155907,98.99581589958159,28.727196652719666,1.0,3.8493723849372383,0.6275010761295475,2.5094936708860747,13.138075313807532,completed,,1,0.0,276.69030100307475,18.705165551839464,1.2714572692176331,261003_2,round01
261003_2/round-01/run-01/dash_qoe_log_cc-bbr_abr-bola_signals-loss_netem-constrained-2mbit.json.gz,BBR,BOLA,loss,cc-bbr_abr-bola_signals-loss_netem-constrained-2mbit,True,596.4,597.5016999999992,1.2980999999996274,0,0.0,0,23,0.8926174496644296,1.2738449395973155,10.720268006700168,89.11222780569514,0,1198,97.24705008347246,115.01924999999994,1.8826464464518673,2.2364465047427977,98.9983305509182,28.67779632721202,4.0,3.7562604340567614,0.6446529210282156,2.5,13.52253756260434,completed,,1,0.0,250.43633333344323,18.561181666666666,1.2743402786433393,261003_2,round01
261003_2/round-01/run-01/dash_qoe_log_cc-bbr_abr-throughput_signals-rtt-cwnd_netem-constrained-2mbit.json.gz,BBR,Throughput,rtt+cwnd,cc-bbr_abr-throughput_signals-rtt-cwnd_netem-constrained-2mbit,True,596.4,597.2561999999992,0.849199999999255,0.007000000000007223,0.0,0,58,0.5100671140939598,0.8039545369127518,48.91122278056952,50.9212730318258,0,1197,95.31598746867168,111.9008,1.8361908290764157,2.170366328916602,97.74436090225564,28.562238930659984,4.0,4.093567251461988,0.5922894654696099,2.7856025039123646,11.36173767752715,completed,,1,0.0,259.07512520855363,10.661414023372288,0.8043585444081798,261003_2,round01
261003_2/round-01/run-01/dash_qoe_log_cc-cubic_abr-bola_signals-loss_netem-high-rtt-loss.json.gz,CUBIC,BOLA,loss,cc-cubic_abr-bola_signals-loss_netem-high-rtt-loss,True,596.4,597.6176999999992,1.1897000000011175,0.02799999999812286,0.0,0,8,0.01174496644295302,0.19186045973154361,98.65996649916248,1.1725293132328307,0,1194,138.9137269681742,150.1597,1.3637239205671465,1.4754829975743586,2.763819095477387,17.105527638190956,1.0,21.440536013400337,1.0427205560381305,1.6212121212120936,5.276381909547739,completed,,1,0.16666666666666666,272.25726210360784,13.738048333333333,0.19185943169050854,261003_2,round01
261003_2/round-01/run-01/dash_qoe_log_cc-bbr_abr-bola_signals-rtt-cwnd-loss_netem-high-rtt-loss.json.gz,BBR,BOLA,rtt+cwnd+loss,cc-bbr_abr-bola_signals-rtt-cwnd-loss_netem-high-rtt-loss,True,596.4,598.2838999999985,1.796,0.08789999999856168,0.0,0,3,0.9899497487437185,1.3933991758793969,1.0050251256281406,98.99497487437186,0,1193,146.58613746856662,157.5374,1.4464152429785055,1.5617176185847204,11.567476948868398,77.43839061190276,4.0,9.639564124057,1.2807023121120351,3.7037037037037033,22.883487007544005,completed,,1,0.1669449081803005,246.55969899652345,25.330061769616027,1.3934015369451678,261003_2,round01
261003_2/round-01/run-01/dash_qoe_log_cc-cubic_abr-throughput_signals-rtt-cwnd_netem-high-rtt-loss.json.gz,CUBIC,Throughput,rtt+cwnd,cc-cubic_abr-throughput_signals-rtt-cwnd_netem-high-rtt-loss,True,596.4,597.6250999999978,1.3035999999996275,0,0.0,0,8,0.006711409395973154,0.18567769127516778,99.16247906197655,0.6700167504187605,1,1197,138.71505263157894,148.165,1.3631676249120384,1.443770593465112,1.5037593984962405,16.50125313283208,1.0,18.9640768588137,0.7630925089151642,0.0,4.177109440267335,completed,,1,0.0,267.4861435726633,15.242647746243739,0.1860725684355279,261003_2,round01
261003_2/round-01/run-01/dash_qoe_log_cc-cubic_abr-bola_signals-rtt-cwnd-loss_netem-stable-8mbit.json.gz,CUBIC,BOLA,rtt+cwnd+loss,cc-cubic_abr-bola_signals-rtt-cwnd-loss_netem-stable-8mbit,True,596.4,596.8846999999993,0.5575999999977648,0,0.0,0,1,0.9983221476510067,1.4036830771812079,0.16778523489932887,99.83221476510067,0,1195,204.8609849372385,519.4643999999998,11.08484618408229,28.141524459613187,99.9163179916318,251.54142259414226,10.0,12.05020920502092,0.0,0.0,0.0,completed,,1,0.1669449081803005,241.15551839492292,26.668654424040067,1.405744,261003_2,round01
261003_2/round-01/run-01/dash_qoe_log_cc-bbr_abr-throughput_signals-loss_netem-constrained-2mbit.json.gz,BBR,Throughput,loss,cc-bbr_abr-throughput_signals-loss_netem-constrained-2mbit,True,596.458332,597.4876000000015,1.0452000000029802,0,0.0,0,24,0.8221476510067114,1.1872861812080535,17.75544388609715,82.07705192629815,0,1190,98.82971596638654,122.93494999999994,1.891471380709782,2.3253880588337887,96.05042016806723,28.947899159663866,4.0,3.9495798319327733,0.4967765292553202,2.48611111111111,13.361344537815127,completed,,1,0.5,261.6534338357236,18.30481,1.189112173047216,261003_2,round01
261003_2/round-01/run-01/dash_qoe_log_cc-bbr_abr-throughput_signals-rtt-cwnd-loss_netem-stable-8mbit.json.gz,BBR,Throughput,rtt+cwnd+loss,cc-bbr_abr-throughput_signals-rtt-cwnd-loss_netem-stable-8mbit,True,596.4,596.8850999999978,0.46580000000074506,0.019299999997083428,0.0,0,1,0.9983221476510067,1.4036830771812079,0.16778523489932887,99.83221476510067,0,1193,30.33600419111484,34.36939999999999,1.6454898820739754,1.8659384849472884,92.45599329421626,36.138306789606034,4.0,1.173512154233026,0.0,0.0,0.0,completed,,1,0.16722408026755853,237.41792294790523,26.7655,1.405744,261003_2,round01
261003_2/round-01/run-01/dash_qoe_log_cc-cubic_abr-bola_signals-rtt_netem-stable-8mbit.json.gz,CUBIC,BOLA,rtt,cc-cubic_abr-bola_signals-rtt_netem-stable-8mbit,True,596.458332,596.8306999999993,0.47219999999925494,0,0.0,0,1,0.9983221476510067,1.4036830771812079,0.16778523489932887,99.83221476510067,0,1195,204.63665020920502,479.073,11.107386382373464,26.097564961595033,99.9163179916318,251.50460251046024,10.0,11.213389121338912,0.0,0.0,0.0,completed,,1,0.0,233.36460767957524,26.6718714524207,1.405744,261003_2,round01
261003_2/round-01/run-01/dash_qoe_log_cc-cubic_abr-throughput_signals-none_netem-constrained-2mbit.json.gz,CUBIC,Throughput,none,cc-cubic_abr-throughput_signals-none_netem-constrained-2mbit,True,596.4,597.2271999999992,0.8751000000014901,0,0.0,0,33,0.8573825503355704,1.2305655604026846,14.23785594639866,85.59463986599665,0,1183,168.37462130177514,316.52669999999995,3.238098143020023,6.169166991806475,98.22485207100591,28.417582417582416,5.0,68.04733727810651,0.7349554684052463,2.8129890453834063,13.947590870667794,completed,,1,0.667779632721202,258.4240336134967,18.746624373956596,1.2306620799948795,261003_2,round01
261003_2/round-01/run-01/dash_qoe_log_cc-bbr_abr-bola_signals-rtt-loss_netem-high-rtt-loss.json.gz,BBR,BOLA,rtt+loss,cc-bbr_abr-bola_signals-rtt-loss_netem-high-rtt-loss,True,596.458332,598.1371999999992,1.7323999999985098,0,0.0,0,1,0.9932998324958124,1.3975141172529313,0.6700167504187605,99.32998324958123,0,1191,146.875798488665,160.06650000000002,1.449349271789021,1.5859960633488095,11.502938706968934,77.44080604534005,1.0,10.495382031905962,1.756165304655321,4.366465544617339,23.67758186397985,completed,,1,0.0,291.892821369049,25.319125208681136,1.3975143216214898,261003_2,round01
261003_2/round-01/run-01/dash_qoe_log_cc-bbr_abr-bola_signals-rtt_netem-constrained-2mbit.json.gz,BBR,BOLA,rtt,cc-bbr_abr-bola_signals-rtt_netem-constrained-2mbit,True,596.458332,597.483799999997,1.0417999999970198,0,0.0,0,21,0.8859060402684564,1.2656012483221477,11.390284757118929,88.44221105527639,0,1189,98.45385786375105,115.73099999999997,1.9007225449883627,2.2401487278319605,98.06560134566863,28.750210260723296,4.0,3.532380151387721,0.5263142225520503,2.666666666666667,13.708999158957107,completed,,1,0.5,292.39882747058317,18.74052,1.266557746665816,261003_2,round01
261003_2/round-01/run-01/dash_qoe_log_cc-cubic_abr-throughput_signals-rtt-loss_netem-high-rtt-loss.json.gz,CUBIC,Throughput,rtt+loss,cc-cubic_abr-throughput_signals-rtt-loss_netem-high-rtt-loss,True,596.4,597.6023000000007,1.253199999999255,0,0.0,0,6,0.020134228187919462,0.20216507382550336,97.82244556113903,2.0100502512562812,0,1187,139.8848104465038,150.9182,1.3746327978706094,1.4780054874847708,3.7068239258635214,18.532434709351307,1.0,21.22999157540017,1.1619663524724455,1.5555555555556086,5.139005897219882,completed,,1,0.3333333333333333,276.82224080258715,14.887423333333333,0.20225802560973885,261003_2,round01
261003_2/round-01/run-01/dash_qoe_log_cc-cubic_abr-throughput_signals-rtt-cwnd-loss_netem-stable-8mbit.json.gz,CUBIC,Throughput,rtt+cwnd+loss,cc-cubic_abr-throughput_signals-rtt-cwnd-loss_netem-stable-8mbit,True,596.458332,596.8656999999993,0.47419999999925494,0,0.0,0,1,0.9983221476510067,1.4036830771812079,0.16778523489932887,99.83221476510067,0,1195,203.38392719665273,492.95849999999933,11.039351406888887,26.85397940840003,99.9163179916318,249.08702928870292,10.0,11.799163179916318,0.0,0.0,0.0,completed,,1,0.0,249.9026755853229,26.718140468227425,1.405744,261003_2,round01
261003_2/round-01/run-01/dash_qoe_log_cc-cubic_abr-bola_signals-loss_netem-constrained-2mbit.json.gz,CUBIC,BOLA,loss,cc-cubic_abr-bola_signals-loss_netem-constrained-2mbit,True,596.4,597.2298000000008,0.9453999999985099,0,0.0,0,27,0.8875838926174496,1.2676621711409397,11.222780569514239,88.60971524288107,0,1198,186.89855175292152,401.4242999999998,3.625904767682091,7.804454136036972,99.24874791318865,31.712854757929883,2.0,65.52587646076795,0.7795882817893871,2.8985507246376816,14.691151919866444,completed,,1,0.0,264.5226666669361,18.386589999999998,1.2687311440647606,261003_2,round01
261003_2/round-01/run-01/dash_qoe_log_cc-cubic_abr-throughput_signals-rtt-cwnd-loss_netem-constrained-2mbit.json.gz,CUBIC,Throughput,rtt+cwnd+loss,cc-cubic_abr-throughput_signals-rtt-cwnd-loss_netem-constrained-2mbit,True,596.4,597.2986999999993,0.960199999999255,0,0.0,0,58,0.08892617449664429,0.28666290939597316,90.95477386934674,8.877721943048575,41,1195,134.0346920502092,232.5541,2.5931555244380062,4.509685314685314,98.57740585774059,23.09121338912134,4.0,46.44351464435147,0.9135041598099185,3.1899641577060907,10.460251046025105,completed,,1,0.0,276.64407345576086,9.115794657762939,0.2881113602861329,261003_2,round01
261003_2/round-01/run-01/dash_qoe_log_cc-cubic_abr-bola_signals-none_netem-high-rtt-loss.json.gz,CUBIC,BOLA,none,cc-cubic_abr-bola_signals-none_netem-high-rtt-loss,True,596.4,597.5908000000007,1.230199999999255,0,0.0,0,0,0.0,0.177434,99.83249581239531,0.0,0,1191,138.2180495382032,146.707,1.3468595674212906,1.435764421696647,0.41981528127623846,15.834592779177163,1.0,18.387909319899244,0.7351983930089625,0.0,4.450041981528128,completed,,1,0.33277870216306155,304.7218697826395,13.864457570715475,0.17743400000000012,261003_2,round01
261003_2/round-01/run-01/dash_qoe_log_cc-cubic_abr-bola_signals-none_netem-stable-8mbit.json.gz,CUBIC,BOLA,none,cc-cubic_abr-bola_signals-none_netem-stable-8mbit,True,596.458332,596.886,0.4891000000014901,0,0.0,0,1,0.9983221476510067,1.4036830771812079,0.16778523489932887,99.83221476510067,0,1193,202.4040310142498,479.072,11.017001293956756,26.107465940054496,99.83235540653814,247.9656328583403,10.0,10.813076278290024,0.0,0.0,0.0,completed,,1,0.0,239.81337792613857,26.686180602006687,1.405744,261003_2,round01
261003_2/round-01/run-01/dash_qoe_log_cc-cubic_abr-bola_signals-rtt-loss_netem-high-rtt-loss.json.gz,CUBIC,BOLA,rtt+loss,cc-cubic_abr-bola_signals-rtt-loss_netem-high-rtt-loss,True,596.4,597.6929000000023,1.3699000000022352,0,0.0,0,8,0.006711409395973154,0.18567769127516778,99.16247906197655,0.6700167504187605,1,1191,138.58253736356002,147.933,1.3625737527380568,1.4607824867346038,1.9311502938706968,17.82367758186398,2.0,19.98320738874895,0.8323921782111988,2.2246941045606228,5.205709487825357,completed,,1,0.49916805324459235,296.25434782589633,13.714364392678869,0.18586471673871757,261003_2,round01
261003_2/round-01/run-01/dash_qoe_log_cc-bbr_abr-bola_signals-rtt-cwnd-loss_netem-stable-8mbit.json.gz,BBR,BOLA,rtt+cwnd+loss,cc-bbr_abr-bola_signals-rtt-cwnd-loss_netem-stable-8mbit,True,596.458332,596.8833999999985,0.48269999999925495,0,0.0,0,1,0.9983221476510067,1.4036830771812079,0.16778523489932887,99.83221476510067,0,1192,30.894395973154364,36.668,1.6704647613403505,1.9970589837154837,93.79194630872483,35.81124161073826,4.0,0.8389261744966443,0.0,0.0,0.0,completed,,1,0.0,222.243478260816,26.716730769230768,1.405744,261003_2,round01
261003_2/round-01/run-01/dash_qoe_log_cc-cubic_abr-bola_signals-rtt-cwnd-loss_netem-constrained-2mbit.json.gz,CUBIC,BOLA,rtt+cwnd+loss,cc-cubic_abr-bola_signals-rtt-cwnd-loss_netem-constrained-2mbit,True,596.4,597.1903999999985,0.8520999999977649,0,0.0,0,44,0.07550335570469799,0.2701755268456376,92.29480737018426,7.5376884422110555,40,1196,136.81,231.71675,2.6636978175943096,4.496737631060766,99.33110367892976,23.467391304347824,1.0,49.163879598662206,0.7687971376415579,2.7492389649923896,9.949832775919733,completed,,1,0.0,278.54030100349024,9.189740802675585,0.27108633524004755,261003_2,round01
261003_2/round-01/run-01/dash_qoe_log_cc-cubic_abr-bola_signals-cwnd_netem-constrained-2mbit.json.gz,CUBIC,BOLA,cwnd,cc-cubic_abr-bola_signals-cwnd_netem-constrained-2mbit,True,596.4,597.1601000000015,0.8016000000014901,0,0.0,0,25,0.8154362416107382,1.179042489932886,18.42546063651591,81.4070351758794,6,1192,170.30565016778522,324.3819500000002,3.301147789701499,6.314068668695837,99.24496644295301,28.113255033557046,1.0,67.53355704697987,1.0783712445721276,3.0303030303030303,15.016778523489933,completed,,1,0.333889816360601,284.8527638190855,17.916227045075125,1.1789046465591484,261003_2,round01
261003_2/round-01/run-01/dash_qoe_log_cc-bbr_abr-bola_signals-cwnd_netem-high-rtt-loss.json.gz,BBR,BOLA,cwnd,cc-bbr_abr-bola_signals-cwnd_netem-high-rtt-loss,True,596.458332,597.507,1.151,0,0.0,0,11,0.9714765100671141,1.370708312080537,2.847571189279732,96.98492462311557,0,1193,147.486128248114,157.6812,1.4555445702068215,1.5614904048566371,11.73512154233026,76.90779547359598,4.0,9.136630343671417,1.7194426398511253,3.8461538461538463,23.134953897736796,completed,,1,0.1669449081803005,289.4623745820457,24.978454090150247,1.3706598865265454,261003_2,round01
261003_2/round-01/run-01/dash_qoe_log_cc-bbr_abr-bola_signals-rtt_netem-high-rtt-loss.json.gz,BBR,BOLA,rtt,cc-bbr_abr-bola_signals-rtt_netem-high-rtt-loss,True,596.4,598.1211000000014,1.7502000000029803,0,0.0,0,3,0.9916107382550335,1.39543938590604,0.8389261744966443,99.16107382550335,0,1192,147.85729194630872,162.4308,1.4418257451791545,1.5835882267169192,13.590604026845638,78.03523489932886,1.0,9.060402684563758,1.8716870061328457,3.760613207547171,23.65771812080537,completed,,1,0.333889816360601,259.6971524288594,25.34611185308848,1.3953645034572488,261003_2,round01
261003_2/round-01/run-01/dash_qoe_log_cc-bbr_abr-throughput_signals-cwnd_netem-high-rtt-loss.json.gz,BBR,Throughput,cwnd,cc-bbr_abr-throughput_signals-cwnd_netem-high-rtt-loss,True,596.4,598.1293999999986,1.753,0,0.0,0,3,0.9966442953020134,1.401622154362416,0.33557046979865773,99.66442953020135,0,1194,147.8573040201005,160.15574999999998,1.448723181751268,1.5775926127750641,11.474036850921273,78.77554438860972,2.0,8.877721943048575,1.3416595021097006,3.7037037037037033,23.283082077051926,completed,,1,0.16666666666666666,253.19749582675792,25.399788333333333,1.4016230511976218,261003_2,round01
261003_2/round-01/run-01/dash_qoe_log_cc-bbr_abr-throughput_signals-loss_netem-high-rtt-loss.json.gz,BBR,Throughput,loss,cc-bbr_abr-throughput_signals-loss_netem-high-rtt-loss,True,596.4,599.1386000000015,2.365900000002235,0.3726999999992624,0.0,0,15,0.947986577181208,1.3418553926174497,5.192629815745394,94.63986599664992,1,1195,147.7846979079498,162.2307,1.449580865481184,1.6081189830407439,13.138075313807532,78.06527196652719,1.0,9.03765690376569,1.5100583233459313,3.7037037037037033,22.426778242677823,completed,,1,0.16666666666666666,286.1550918197841,24.432825,1.3423250331551333,261003_2,round01
261003_2/round-01/run-01/dash_qoe_log_cc-cubic_abr-bola_signals-rtt-loss_netem-stable-8mbit.json.gz,CUBIC,BOLA,rtt+loss,cc-cubic_abr-bola_signals-rtt-loss_netem-stable-8mbit,True,596.4,596.8863000000008,0.5546999999992549,0,0.0,0,1,0.9983221476510067,1.4036830771812079,0.16778523489932887,99.83221476510067,0,1196,205.63833946488293,479.26675,11.202331975054623,26.151925669057498,99.91638795986623,251.5284280936455,10.0,13.377926421404682,0.0,0.0,0.0,completed,,1,0.0,249.31488294308275,26.729404682274247,1.405744,261003_2,round01
261003_2/round-01/run-01/dash_qoe_log_cc-bbr_abr-bola_signals-rtt_netem-stable-8mbit.json.gz,BBR,BOLA,rtt,cc-bbr_abr-bola_signals-rtt_netem-stable-8mbit,True,596.4,596.8825999999978,0.44269999999925497,0.039899999998518954,0.0,0,1,0.9983221476510067,1.4036830771812079,0.16778523489932887,99.83221476510067,0,1191,30.779769941225858,34.9045,1.6706962142846884,1.8988715041160116,93.03106633081444,36.126784214945424,4.0,1.2594458438287153,0.0,0.0,0.0,completed,,1,0.16722408026755853,235.8728643213672,26.758374581939798,1.405744,261003_2,round01
261003_2/round-01/run-01/dash_qoe_log_cc-cubic_abr-throughput_signals-loss_netem-high-rtt-loss.json.gz,CUBIC,Throughput,loss,cc-cubic_abr-throughput_signals-loss_netem-high-rtt-loss,True,596.458332,597.7868999999985,1.333,0,0.0,0,2,0.0,0.177434,99.83249581239531,0.0,0,1191,138.78947858942067,150.367,1.3629547884329398,1.4744601812749232,3.526448362720403,18.055415617128464,2.0,19.8992443324937,0.5178324790030681,0.0,4.953820319059614,completed,,1,0.333889816360601,275.5599664991887,14.937025041736227,0.1774340000000001,261003_2,round01
261003_2/round-01/run-01/dash_qoe_log_cc-bbr_abr-bola_signals-rtt-cwnd-loss_netem-constrained-2mbit.json.gz,BBR,BOLA,rtt+cwnd+loss,cc-bbr_abr-bola_signals-rtt-cwnd-loss_netem-constrained-2mbit,True,596.4,597.4791000000015,1.18660000000149,0,0.0,0,19,0.87751677852349,1.255296634228188,12.22780569514238,87.60469011725293,0,1184,98.84452364864865,115.67674999999997,1.8959564968536633,2.21982571895894,98.22635135135135,28.732263513513512,4.0,4.72972972972973,0.4433859203835672,2.4390243902439024,13.091216216216216,completed,,1,0.667779632721202,275.78588235282473,19.019550918196995,1.255354143444388,261003_2,round01
261003_2/round-01/run-01/dash_qoe_log_cc-cubic_abr-bola_signals-rtt-loss_netem-constrained-2mbit.json.gz,CUBIC,BOLA,rtt+loss,cc-cubic_abr-bola_signals-rtt-loss_netem-constrained-2mbit,True,596.4,597.2284000000022,0.7258000000007451,0.10260000000151648,0.0,0,44,0.09380234505862646,0.2926523584589615,90.61976549413735,9.380234505862646,39,1192,130.72975587248322,213.05980000000005,2.5340124690137915,4.103646269092327,98.5738255033557,22.738255033557046,5.0,47.23154362416108,0.6988605490826997,2.7193631988152553,10.151006711409396,completed,,1,0.1669449081803005,278.2339464881548,9.784552587646077,0.2945503462076114,261003_2,round01
261003_2/round-01/run-01/dash_qoe_log_cc-bbr_abr-throughput_signals-loss_netem-stable-8mbit.json.gz,BBR,Throughput,loss,cc-bbr_abr-throughput_signals-loss_netem-stable-8mbit,True,596.4,596.8888999999986,0.4777999999970198,0.01110000000156014,0.0,0,1,0.9983221476510067,1.4036830771812079,0.16778523489932887,99.83221476510067,0,1191,30.56224265323258,34.734,1.6606911865072647,1.8987844275310737,90.848026868178,35.73131821998321,4.0,1.1754827875734677,0.0,0.0,0.0,completed,,1,0.1669449081803005,201.56705685622094,26.721941569282137,1.405744,261003_2,round01
261003_2/round-01/run-01/dash_qoe_log_cc-bbr_abr-throughput_signals-rtt_netem-stable-8mbit.json.gz,BBR,Throughput,rtt,cc-bbr_abr-throughput_signals-rtt_netem-stable-8mbit,True,596.4,596.8866000000015,0.4793999999985099,0.007200000003034779,0.0,0,1,0.9983221476510067,1.4036830771812079,0.16778523489932887,99.83221476510067,0,1195,30.69912970711297,35.122,1.666789769361279,1.9113730626500764,92.55230125523012,36.201673640167364,4.0,0.8368200836820083,0.0,0.0,0.0,completed,,1,0.0,232.7520066893295,26.740287625418063,1.405744,261003_2,round01
261003_2/round-01/run-01/dash_qoe_log_cc-bbr_abr-throughput_signals-none_netem-high-rtt-loss.json.gz,BBR,Throughput,none,cc-bbr_abr-throughput_signals-none_netem-high-rtt-loss,True,596.4,598.108,1.7515,0,0.0,0,3,0.9966442953020134,1.401622154362416,0.33557046979865773,99.66442953020135,0,1190,146.74831092436975,160.357,1.4420989523633676,1.5756999211356466,13.697478991596638,78.35714285714286,2.0,9.159663865546218,1.823991179417713,3.79746835443038,23.69747899159664,completed,,1,0.49916805324459235,249.56638795970923,25.272029950083194,1.4016241783456456,261003_2,round01
261003_2/round-01/run-01/dash_qoe_log_cc-cubic_abr-throughput_signals-loss_netem-stable-8mbit.json.gz,CUBIC,Throughput,loss,cc-cubic_abr-throughput_signals-loss_netem-stable-8mbit,True,596.4,596.887299999997,0.4518999999985099,0.03539999999853899,0.0,0,1,0.9983221476510067,1.4036830771812079,0.16778523489932887,99.83221476510067,0,1191,192.83506801007556,487.392,10.47277682369134,26.533398660787196,99.91603694374476,227.43744752308984,10.0,12.594458438287154,0.0,0.0,0.0,completed,,1,0.16722408026755853,252.08710217783525,26.675352842809367,1.4057439999999997,261003_2,round01
261003_2/round-01/run-01/dash_qoe_log_cc-cubic_abr-bola_signals-none_netem-constrained-2mbit.json.gz,CUBIC,BOLA,none,cc-cubic_abr-bola_signals-none_netem-constrained-2mbit,True,596.4,597.2108999999986,0.7978999999985099,0.013000000000072731,0.0,0,13,0.8994974874371859,1.2822957587939698,10.050251256281408,89.94974874371859,0,1181,175.0809297205758,324.464,3.363445754294741,6.32064518642615,99.23793395427603,29.678238780694326,7.0,65.87637595258256,0.6791488632491806,2.941176470588235,14.479254868755293,completed,,1,0.667779632721202,259.7465546222294,19.965928213689484,1.2850569474134166,261003_2,round01
261003_2/round-01/run-01/dash_qoe_log_cc-bbr_abr-throughput_signals-rtt_netem-high-rtt-loss.json.gz,BBR,Throughput,rtt,cc-bbr_abr-throughput_signals-rtt_netem-high-rtt-loss,True,596.4,598.130299999997,1.74,0,0.0,0,3,0.9966499162479062,1.4016290586264657,0.33500837520938026,99.66499162479062,0,1183,150.52820540997465,164.027,1.4668088043383976,1.6154884078239802,14.285714285714286,78.8334742180896,1.0,9.213863060016907,1.6054519759885613,3.8461538461538463,23.076923076923077,completed,,1,0.6655574043261231,267.5467336685701,25.246642262895175,1.40162926713047,261003_2,round01
261003_2/round-01/run-01/dash_qoe_log_cc-cubic_abr-bola_signals-loss_netem-stable-8mbit.json.gz,CUBIC,BOLA,loss,cc-cubic_abr-bola_signals-loss_netem-stable-8mbit,True,596.458332,596.8431000000015,0.4765,0,0.0,0,1,0.9983221476510067,1.4036830771812079,0.16778523489932887,99.83221476510067,0,1190,206.87612100840337,513.755,11.237455576474186,27.921467391304347,99.91596638655462,253.1705882352941,10.0,11.344537815126051,0.0,0.0,0.0,completed,,1,0.16722408026755853,252.12864321580085,26.71816722408027,1.405744,261003_2,round01
261003_2/round-01/run-01/dash_qoe_log_cc-cubic_abr-throughput_signals-cwnd_netem-high-rtt-loss.json.gz,CUBIC,Throughput,cwnd,cc-cubic_abr-throughput_signals-cwnd_netem-high-rtt-loss,True,596.4,597.6447999999971,1.2708999999985098,0,0.0,0,4,0.003355704697986577,0.1815558456375839,99.49748743718592,0.33500837520938026,1,1189,137.87038519764508,146.446,1.3586262309188581,1.4486761044037262,1.0933557611438183,15.574432296047098,1.0,18.502943650126156,0.7743434506193716,0.0,4.205214465937763,completed,,1,0.333889816360601,226.2978224458432,15.129367278797996,0.1815551838971495,261003_2,round01
261003_2/round-01/run-01/dash_qoe_log_cc-bbr_abr-bola_signals-rtt-loss_netem-stable-8mbit.json.gz,BBR,BOLA,rtt+loss,cc-bbr_abr-bola_signals-rtt-loss_netem-stable-8mbit,True,596.458332,596.8399000000022,0.4051000000014901,0,0.0,0,1,0.9983221476510067,1.4036830771812079,0.16778523489932887,99.83221476510067,0,1198,30.761316360601,34.83484999999999,1.6679896769019535,1.8946293723779333,93.07178631051752,36.164440734557594,4.0,1.335559265442404,0.0,0.0,0.0,completed,,1,0.0,254.58699999981872,26.72884,1.405744,261003_2,round01
261003_2/round-01/run-01/dash_qoe_log_cc-bbr_abr-throughput_signals-rtt-cwnd-loss_netem-constrained-2mbit.json.gz,BBR,Throughput,rtt+cwnd+loss,cc-bbr_abr-throughput_signals-rtt-cwnd-loss_netem-constrained-2mbit,True,596.4,597.4838000000008,1.1437000000029802,0,0.0,0,17,0.9010067114093959,1.2841495536912753,9.882747068676716,89.94974874371859,0,1190,99.28817731092437,117.43589999999999,1.9158230520337975,2.269250267985873,98.90756302521008,29.027731092436976,4.0,3.19327731092437,0.4880042647060724,2.5352564102564075,12.77310924369748,completed,,1,0.1669449081803005,262.391471572158,19.93712020033389,1.2842372036815208,261003_2,round01
261003_2/round-01/run-01/dash_qoe_log_cc-cubic_abr-throughput_signals-cwnd-loss_netem-constrained-2mbit.json.gz,CUBIC,Throughput,cwnd+loss,cc-cubic_abr-throughput_signals-cwnd-loss_netem-constrained-2mbit,True,596.4,597.2133999999985,0.768,0.04539999999852351,0.0,0,24,0.6934673366834171,1.029226864321608,30.65326633165829,69.34673366834171,4,1195,179.21627866108787,390.6227,3.4344215608122046,7.434890798641758,98.99581589958159,31.063598326359834,7.0,58.57740585774059,0.9249542229515797,2.8985507246376807,12.05020920502092,completed,,1,0.0,273.8963272117937,17.327687813021704,1.0318359799043382,261003_2,round01
261003_2/round-01/run-01/dash_qoe_log_cc-bbr_abr-bola_signals-none_netem-constrained-2mbit.json.gz,BBR,BOLA,none,cc-bbr_abr-bola_signals-none_netem-constrained-2mbit,True,596.458332,597.508,1.0813999999985098,0,0.0,0,19,0.8674496644295302,1.2429310973154362,13.23283082077052,86.59966499162479,0,1195,98.77387866108786,119.3994,1.8824261015059922,2.3069669342767716,98.24267782426779,28.87531380753138,4.0,3.8493723849372383,0.44923859549261524,2.4390243902439024,13.138075313807532,completed,,1,0.16666666666666666,292.45575959920785,18.583326666666665,1.2437600169350875,261003_2,round01
261003_2/round-01/run-01/dash_qoe_log_cc-bbr_abr-bola_signals-rtt-cwnd_netem-high-rtt-loss.json.gz,BBR,BOLA,rtt+cwnd,cc-bbr_abr-bola_signals-rtt-cwnd_netem-high-rtt-loss,True,596.458332,598.1303000000007,1.7154000000022351,0,0.0,0,3,0.9916247906197655,1.3954566465661642,0.8375209380234506,99.16247906197655,0,1195,146.2787481171548,160.257,1.4447425679305446,1.5893939243669977,11.380753138075313,77.81673640167364,4.0,8.870292887029288,2.2077180438383985,4.354916067146278,23.430962343096233,completed,,1,0.16666666666666666,295.4864774624598,25.250255,1.3952307221966187,261003_2,round01
261003_2/round-01/run-01/dash_qoe_log_cc-cubic_abr-bola_signals-cwnd-loss_netem-high-rtt-loss.json.gz,CUBIC,BOLA,cwnd+loss,cc-cubic_abr-bola_signals-cwnd-loss_netem-high-rtt-loss,True,596.4,597.6080999999978,1.276300000000745,0,0.0,0,6,0.008389261744966443,0.18773861409395973,98.99497487437186,0.8375209380234506,2,1188,139.30773653198654,150.95805,1.3701101308237331,1.460546770568257,3.451178451178451,17.86111111111111,2.0,20.707070707070706,0.7628625843797686,1.789215686274443,5.134680134680135,completed,,1,0.5008347245409015,243.10100671147066,13.693492487479132,0.18692062808139123,261003_2,round01
261003_2/round-01/run-01/dash_qoe_log_cc-cubic_abr-bola_signals-rtt-cwnd_netem-constrained-2mbit.json.gz,CUBIC,BOLA,rtt+cwnd,cc-cubic_abr-bola_signals-rtt-cwnd_netem-constrained-2mbit,True,596.4,597.1766999999993,0.782,0,0.0,0,62,0.07885906040268456,0.27429737248322145,91.95979899497488,7.872696817420436,37,1188,136.0618383838384,226.92284999999964,2.6188782998054623,4.248902116901256,98.82154882154882,24.196969696969695,1.0,50.25252525252525,0.6792821559100992,2.666666666666667,9.764309764309765,completed,,1,0.333889816360601,305.78291457293045,9.575651085141903,0.2753761364307838,261003_2,round01
261003_2/round-01/run-01/dash_qoe_log_cc-bbr_abr-bola_signals-none_netem-stable-8mbit.json.gz,BBR,BOLA,none,cc-bbr_abr-bola_signals-none_netem-stable-8mbit,True,596.458332,596.8215,0.4675,0,0.0,0,1,0.9983221476510067,1.4036830771812079,0.16778523489932887,99.83221476510067,0,1188,30.53381228956229,34.75,1.6458132950084605,1.8432053857429826,92.34006734006734,35.813131313131315,4.0,0.5892255892255892,0.0,0.0,0.0,completed,,1,0.33444816053511706,239.82533557081732,26.801454849498327,1.405744,261003_2,round01
261003_2/round-01/run-01/dash_qoe_log_cc-bbr_abr-throughput_signals-rtt_netem-constrained-2mbit.json.gz,BBR,Throughput,rtt,cc-bbr_abr-throughput_signals-rtt_netem-constrained-2mbit,True,596.4,597.1953999999985,0.8018999999985099,0,0.0,0,19,0.88107202680067,1.2596635812395311,11.892797319932999,88.107202680067,0,1193,98.66436127409891,116.15979999999998,1.9059508883756024,2.2465735756448457,98.23973176865046,28.609388097233865,4.0,4.526404023470243,0.5338769190388373,2.544628367413173,13.160100586756077,completed,,1,0.1669449081803005,270.92775919702666,18.696834724540903,1.2617540590509593,261003_2,round01
261003_2/round-01/run-01/dash_qoe_log_cc-bbr_abr-throughput_signals-cwnd-loss_netem-high-rtt-loss.json.gz,BBR,Throughput,cwnd+loss,cc-bbr_abr-throughput_signals-cwnd-loss_netem-high-rtt-loss,True,596.4,597.8035,1.458199999999255,0,0.0,0,3,0.9966442953020134,1.401622154362416,0.33500837520938026,99.49748743718592,0,1171,146.5685926558497,159.5005,1.4342057462845819,1.568281433487778,12.638770281810418,78.50042698548249,2.0,8.88129803586678,1.39909559797053,3.75,23.3134073441503,completed,,1,2.003338898163606,296.72470187388194,25.393181969949914,1.4020187290826793,261003_2,round01
261003_2/round-01/run-01/dash_qoe_log_cc-cubic_abr-throughput_signals-rtt_netem-high-rtt-loss.json.gz,CUBIC,Throughput,rtt,cc-cubic_abr-throughput_signals-rtt_netem-high-rtt-loss,True,596.4,597.7945,1.4545999999977648,0,0.0,0,14,0.013422818791946308,0.19392138255033559,98.49246231155779,1.340033500837521,0,1167,139.87856383890318,150.8141,1.370839382304044,1.4680059154566116,3.0848329048843186,19.742073693230505,1.0,17.13796058269066,0.721724066548161,0.8961410913476089,5.141388174807198,completed,,1,2.1702838063439067,267.9341296927603,14.849734557595994,0.19387419017620183,261003_2,round01
261003_2/round-01/run-01/dash_qoe_log_cc-cubic_abr-throughput_signals-rtt-cwnd_netem-stable-8mbit.json.gz,CUBIC,Throughput,rtt+cwnd,cc-cubic_abr-throughput_signals-rtt-cwnd_netem-stable-8mbit,True,596.458332,596.8277999999971,0.4748999999985099,0,0.0,0,1,0.9983221476510067,1.4036830771812079,0.16778523489932887,99.83221476510067,0,1192,201.00956124161073,487.42875000000083,10.894535536576608,26.51729553442456,99.74832214765101,247.92869127516778,10.0,10.822147651006711,0.0,0.0,0.0,completed,,1,0.1669449081803005,235.98210702339392,26.71556093489149,1.405744,261003_2,round01
261003_2/round-01/run-01/dash_qoe_log_cc-bbr_abr-throughput_signals-cwnd_netem-constrained-2mbit.json.gz,BBR,Throughput,cwnd,cc-bbr_abr-throughput_signals-cwnd_netem-constrained-2mbit,True,596.4,597.5181000000015,1.045,0.07310000000150474,0.0,0,30,0.8492462311557789,1.2205716381909546,15.075376884422111,84.92462311557789,0,1163,97.57027085124678,117.42439999999998,1.8896944772239648,2.2853185271770893,98.28030954428203,28.509888220120377,4.0,4.815133276010318,0.6564650339279778,2.773972602739721,13.155631986242476,completed,,1,2.995008319467554,313.2142367065528,18.696682196339435,1.2232341907090123,261003_2,round01
261003_2/round-01/run-01/dash_qoe_log_cc-bbr_abr-bola_signals-loss_netem-stable-8mbit.json.gz,BBR,BOLA,loss,cc-bbr_abr-bola_signals-loss_netem-stable-8mbit,True,596.4,596.8863000000008,0.40569999999925493,0.08060000000156925,0.0,0,1,0.9983221476510067,1.4036830771812079,0.16778523489932887,99.83221476510067,0,1168,30.501960616438357,34.311999999999976,1.6587098850165718,1.8680527506737914,93.75,35.8458904109589,4.0,1.2842465753424657,0.0,0.0,0.0,completed,,1,2.1702838063439067,307.00955631369055,26.736654424040065,1.405744,261003_2,round01
261003_2/round-01/run-01/dash_qoe_log_cc-bbr_abr-throughput_signals-rtt-loss_netem-constrained-2mbit.json.gz,BBR,Throughput,rtt+loss,cc-bbr_abr-throughput_signals-rtt-loss_netem-constrained-2mbit,True,596.4,597.2566999999992,0.763300000000745,0.09339999999850535,0.0,0,29,0.9028475711892797,1.286410700167504,9.715242881072026,90.28475711892797,0,1192,99.70209312080537,116.0271,1.9062278617051978,2.2346058115304475,97.6510067114094,29.036073825503355,4.0,3.6912751677852347,0.5926017308704411,2.73648648648649,12.919463087248323,completed,,1,0.16722408026755853,239.42780569499013,18.988540133779267,1.2880662036846906,261003_2,round01
261003_2/round-01/run-01/dash_qoe_log_cc-bbr_abr-bola_signals-none_netem-high-rtt-loss.json.gz,BBR,BOLA,none,cc-bbr_abr-bola_signals-none_netem-high-rtt-loss,True,596.4,597.6163000000007,1.2775999999977647,0,0.0,0,1,0.9932885906040269,1.3975003087248323,0.6700167504187605,99.16247906197655,0,1162,147.56578055077452,161.522,1.4270005699993749,1.5635488321574997,11.61790017211704,78.19363166953528,1.0,9.46643717728055,2.14901207942915,4.077551020408167,23.752151462994835,completed,,1,2.8286189683860234,265.62243150690034,25.353923460898503,1.3974996904479928,261003_2,round01
261003_2/round-01/run-01/dash_qoe_log_cc-cubic_abr-throughput_signals-cwnd-loss_netem-high-rtt-loss.json.gz,CUBIC,Throughput,cwnd+loss,cc-cubic_abr-throughput_signals-cwnd-loss_netem-high-rtt-loss,True,596.458332,597.7409000000023,1.4006999999992549,0,0.0,0,4,0.015100671140939598,0.1959823053691275,98.3249581239531,1.5075376884422111,1,1159,139.03207506471094,150.3312,1.3652478728281356,1.4603693407466243,1.9844693701466782,18.321829163071612,1.0,15.962036238136324,0.7176294579067596,0.0,4.918032786885246,completed,,1,2.671118530884808,210.5542024014898,15.101404006677797,0.19566986946979553,261003_2,round01
261003_2/round-01/run-01/dash_qoe_log_cc-bbr_abr-bola_signals-rtt-cwnd_netem-stable-8mbit.json.gz,BBR,BOLA,rtt+cwnd,cc-bbr_abr-bola_signals-rtt-cwnd_netem-stable-8mbit,True,596.458332,596.874799999997,0.520699999999255,0,0.0,0,1,0.9983221476510067,1.4036830771812079,0.16778523489932887,99.83221476510067,0,1191,30.81471452560873,34.472,1.673658079473389,1.87858310626703,89.16876574307305,36.62384550797649,4.0,1.0075566750629723,0.0,0.0,0.0,completed,,1,0.16722408026755853,229.99229480716176,26.82035618729097,1.405744,261003_2,round01
261003_2/round-01/run-01/dash_qoe_log_cc-cubic_abr-throughput_signals-rtt-cwnd-loss_netem-high-rtt-loss.json.gz,CUBIC,Throughput,rtt+cwnd+loss,cc-cubic_abr-throughput_signals-rtt-cwnd-loss_netem-high-rtt-loss,True,596.458332,597.6201999999993,1.2,0,0.0,0,6,0.016778523489932886,0.19804322818791945,98.1574539363484,1.6750418760469012,1,1158,138.30509067357514,149.72,1.3669051943043906,1.4714708158850498,2.936096718480138,16.877374784110536,1.0,20.293609671848014,0.9162076440994,0.0,4.7495682210708114,completed,,1,2.6755852842809364,285.29295532652446,15.15522408026756,0.1983770291606602,261003_2,round01
261003_2/round-01/run-01/dash_qoe_log_cc-cubic_abr-bola_signals-cwnd_netem-high-rtt-loss.json.gz,CUBIC,BOLA,cwnd,cc-cubic_abr-bola_signals-cwnd_netem-high-rtt-loss,True,596.458332,597.764,1.3734000000022353,0,0.0,0,6,0.0050335570469798654,0.18361676845637584,99.32998324958123,0.5025125628140703,2,1153,138.8688629661752,150.49639999999997,1.3565825838598666,1.4493419370069447,2.515177797051171,17.43191673894189,1.0,20.901994796183867,1.0091946097918965,2.109090909090872,5.2905464006938425,completed,,1,2.6755852842809364,312.2886597933408,13.90903010033445,0.18383246564826675,261003_2,round01
261003_2/round-01/run-01/dash_qoe_log_cc-cubic_abr-throughput_signals-rtt_netem-constrained-2mbit.json.gz,CUBIC,Throughput,rtt,cc-cubic_abr-throughput_signals-rtt_netem-constrained-2mbit,True,596.458332,597.1641999999993,0.7363999999985099,0,0.0,0,56,0.06700167504187604,0.25973282747068677,93.2998324958124,6.700167504187605,41,1194,145.9058283082077,268.6713499999996,2.8163641880045267,5.153569135586294,98.91122278056952,25.21105527638191,1.0,51.42378559463987,0.6905783469687967,3.017221584385755,10.385259631490788,completed,,1,0.0,295.9587646075563,9.370220367278797,0.2587769458828969,261003_2,round01
261003_2/round-01/run-01/dash_qoe_log_cc-cubic_abr-bola_signals-cwnd-loss_netem-stable-8mbit.json.gz,CUBIC,BOLA,cwnd+loss,cc-cubic_abr-bola_signals-cwnd-loss_netem-stable-8mbit,True,596.458332,596.854200000003,0.498,0,0.0,0,1,0.9983221476510067,1.4036830771812079,0.16778523489932887,99.83221476510067,0,1151,205.148235447437,522.3534999999999,11.132357138243025,28.38037969766415,99.8262380538662,249.6976542137272,10.0,12.337098175499566,0.0,0.0,0.0,completed,,1,3.5058430717863107,245.09256055373635,26.719096828046744,1.405744,261003_2,round01
261003_2/round-01/run-01/dash_qoe_log_cc-bbr_abr-bola_signals-cwnd-loss_netem-high-rtt-loss.json.gz,BBR,BOLA,cwnd+loss,cc-bbr_abr-bola_signals-cwnd-loss_netem-high-rtt-loss,True,596.458332,597.9498000000008,1.5585,0,0.0,0,1,0.9932885906040269,1.3975003087248323,0.6711409395973155,99.32885906040268,0,1139,151.31252765583847,166.3906,1.4824981671573514,1.6312784349408553,18.261633011413522,78.85601404741001,4.0,8.604038630377524,1.244288460454705,3.853695324283553,24.319578577699737,completed,,1,4.340567612687813,284.1324607326956,25.45189816360601,1.3973729394810084,261003_2,round01
261003_2/round-01/run-01/dash_qoe_log_cc-bbr_abr-bola_signals-loss_netem-high-rtt-loss.json.gz,BBR,BOLA,loss,cc-bbr_abr-bola_signals-loss_netem-high-rtt-loss,True,596.458332,597.6668999999985,1.264199999999255,0,0.0,0,3,0.9949664429530202,1.399561231543624,0.5025125628140703,99.32998324958123,0,1192,147.681927852349,160.716,1.4481126366230688,1.5769492607409283,11.996644295302014,78.58640939597315,1.0,9.64765100671141,1.068632061959069,3.3307868601986272,23.238255033557046,completed,,1,0.16666666666666666,270.66744574303044,25.397618333333334,1.399563063660032,261003_2,round01
261003_2/round-01/run-01/dash_qoe_log_cc-cubic_abr-bola_signals-rtt_netem-high-rtt-loss.json.gz,CUBIC,BOLA,rtt,cc-cubic_abr-bola_signals-rtt_netem-high-rtt-loss,True,596.4,597.6081000000015,1.2694000000022352,0,0.0,0,6,0.0050335570469798654,0.18361676845637584,99.32998324958123,0.5025125628140703,1,1161,140.096270456503,150.163,1.3780286697407564,1.4686004221625424,3.359173126614987,17.35055986218777,4.0,20.757967269595177,0.7012893642111914,1.8181818181818181,5.254091300602928,completed,,1,2.5041736227045077,306.9946917808194,13.742420701168612,0.18351308239393516,261003_2,round01
261003_2/round-01/run-01/dash_qoe_log_cc-bbr_abr-bola_signals-cwnd-loss_netem-constrained-2mbit.json.gz,BBR,BOLA,cwnd+loss,cc-bbr_abr-bola_signals-cwnd-loss_netem-constrained-2mbit,True,596.4,597.4386999999992,1.03660000000149,0.002099999997776658,0.0,0,17,0.8573825503355704,1.2305655604026846,14.23785594639866,85.59463986599665,0,1143,98.5200542432196,114.59109999999998,1.9019245458141376,2.2177222415471585,98.68766404199475,28.586176727909013,4.0,4.111986001749782,0.49692244129675156,2.4390243902439024,13.123359580052494,completed,,1,3.8461538461538463,288.5104347825698,18.984382943143814,1.2310036199223302,261003_2,round01
261003_2/round-01/run-01/dash_qoe_log_cc-bbr_abr-throughput_signals-rtt-cwnd_netem-high-rtt-loss.json.gz,BBR,Throughput,rtt+cwnd,cc-bbr_abr-throughput_signals-rtt-cwnd_netem-high-rtt-loss,True,596.4,598.3553999999986,1.68460000000149,0.27079999999708626,0.0,0,3,0.9966442953020134,1.401622154362416,0.33557046979865773,99.66442953020135,0,1196,148.87790050167226,164.02050000000003,1.4590900995574259,1.5822941963621946,12.37458193979933,77.20484949832776,4.0,9.11371237458194,2.111649008986413,4.173951048951049,23.91304347826087,completed,,1,0.0,253.39816971703397,25.291217970049914,1.4016313388432229,261003_2,round01
261003_2/round-01/run-01/dash_qoe_log_cc-bbr_abr-throughput_signals-rtt-cwnd-loss_netem-high-rtt-loss.json.gz,BBR,Throughput,rtt+cwnd+loss,cc-bbr_abr-throughput_signals-rtt-cwnd-loss_netem-high-rtt-loss,True,596.4,597.8116000000015,1.327199999999255,0.08440000000224424,0.0,0,3,0.9949664429530202,1.399561231543624,0.5025125628140703,99.32998324958123,0,1162,149.0727469879518,163.014,1.4520849473460231,1.5920763740459067,13.59724612736661,78.49053356282272,1.0,9.036144578313253,1.6478150624430623,3.842525399129176,23.666092943201377,completed,,1,2.337228714524207,329.34256410307097,25.38061268781302,1.3996966965411202,261003_2,round01
261003_2/round-01/run-01/dash_qoe_log_cc-cubic_abr-bola_signals-rtt_netem-constrained-2mbit.json.gz,CUBIC,BOLA,rtt,cc-cubic_abr-bola_signals-rtt_netem-constrained-2mbit,True,596.4,597.3361000000015,0.903800000000745,0.03230000000074329,0.0,0,42,0.05536912751677853,0.24544445302013423,94.30485762144053,5.527638190954774,39,1195,137.92310376569037,239.78389999999996,2.670027502966469,4.5921264278141924,99.4979079497908,24.16317991631799,5.0,46.35983263598327,0.712390255410443,3.278688524590164,10.292887029288703,completed,,1,0.0,224.30868113513583,9.483712854757929,0.2459558215381653,261003_2,round01
261003_2/round-01/run-01/dash_qoe_log_cc-cubic_abr-throughput_signals-cwnd_netem-constrained-2mbit.json.gz,CUBIC,Throughput,cwnd,cc-cubic_abr-throughput_signals-cwnd_netem-constrained-2mbit,True,596.4,597.2138999999985,0.8135,0.000399999998511702,0.0,0,74,0.11409395973154363,0.3175767516778524,88.44221105527639,11.390284757118929,22,1195,153.27180334728033,292.9776,2.962045598471644,5.644251037791447,99.07949790794979,27.507112970711297,7.0,50.87866108786611,0.9959682510538397,2.801587301587298,10.292887029288703,completed,,1,0.0,282.07508361203764,8.341085284280936,0.31828051892085363,261003_2,round01
261003_2/round-01/run-01/dash_qoe_log_cc-bbr_abr-throughput_signals-rtt-loss_netem-high-rtt-loss.json.gz,BBR,Throughput,rtt+loss,cc-bbr_abr-throughput_signals-rtt-loss_netem-high-rtt-loss,True,596.4,597.7895999999978,1.3025,0.08709999999781304,0.0,0,9,0.9630872483221476,1.3604036979865772,3.6850921273031827,96.14740368509213,1,1166,149.74266895368783,165.62275,1.4545710769705227,1.6049684214708584,14.408233276157805,77.39536878216124,1.0,10.291595197255575,1.6628640166238693,3.9605246071938707,24.528301886792452,completed,,1,2.5,235.3316239313756,24.719098333333335,1.3604034766793511,261003_2,round01
261003_2/round-01/run-01/dash_qoe_log_cc-cubic_abr-throughput_signals-rtt-loss_netem-constrained-2mbit.json.gz,CUBIC,Throughput,rtt+loss,cc-cubic_abr-throughput_signals-rtt-loss_netem-constrained-2mbit,True,596.4,597.1845999999978,0.811199999999255,0,0.0,0,58,0.06867671691792294,0.26179029815745397,93.1323283082077,6.867671691792295,41,1179,137.03165818490248,238.178,2.6417206442692924,4.559806710572459,99.23664122137404,24.195080576759967,3.0,50.46649703138253,0.8470943823591596,3.389830508474576,10.262934690415607,completed,,1,1.1686143572621035,287.7314189188686,8.952175292153589,0.2627970621348494,261003_2,round01
261003_2/round-01/run-01/dash_qoe_log_cc-cubic_abr-throughput_signals-rtt-loss_netem-stable-8mbit.json.gz,CUBIC,Throughput,rtt+loss,cc-cubic_abr-throughput_signals-rtt-loss_netem-stable-8mbit,True,596.4,597.243,0.4875,0.3555000000000746,0.0,0,1,0.9983221476510067,1.4036830771812079,0.16778523489932887,99.83221476510067,0,1187,183.69691828138164,466.8404000000003,9.920297397795398,25.38417704311893,99.91575400168492,218.66891322662173,10.0,11.541701769165964,0.0,0.0,0.0,completed,,1,0.3333333333333333,288.5526755852095,26.660193333333332,1.405744,261003_2,round01
261003_2/round-01/run-01/dash_qoe_log_cc-bbr_abr-throughput_signals-none_netem-stable-8mbit.json.gz,BBR,Throughput,none,cc-bbr_abr-throughput_signals-none_netem-stable-8mbit,True,596.458332,596.8515,0.5023999999985099,0,0.0,0,1,0.9983221476510067,1.4036830771812079,0.16778523489932887,99.83221476510067,0,1162,30.876190189328746,35.139,1.673108072393762,1.9119103324446378,94.14802065404476,36.13166953528399,4.0,1.2908777969018932,0.0,0.0,0.0,completed,,1,2.3411371237458196,309.8315068496685,26.780023411371236,1.405744,261003_2,round01
261003_2/round-01/run-01/dash_qoe_log_cc-bbr_abr-throughput_signals-rtt-cwnd_netem-stable-8mbit.json.gz,BBR,Throughput,rtt+cwnd,cc-bbr_abr-throughput_signals-rtt-cwnd_netem-stable-8mbit,True,596.458332,596.8711999999992,0.4531999999992549,0,0.0,0,1,0.9983221476510067,1.4036830771812079,0.16778523489932887,99.83221476510067,0,1125,30.824987555555552,35.94259999999999,1.6697459104223848,1.9453906461205732,94.57777777777778,36.013333333333335,4.0,1.511111111111111,0.0,0.0,0.0,completed,,1,5.509181969949917,299.8931095406492,26.767367278797998,1.405744,261003_2,round01
261003_2/round-01/run-01/dash_qoe_log_cc-cubic_abr-throughput_signals-none_netem-high-rtt-loss.json.gz,CUBIC,Throughput,none,cc-cubic_abr-throughput_signals-none_netem-high-rtt-loss,True,596.4,597.6315,1.2656999999992549,0,0.0,0,8,0.015100671140939598,0.1959823053691275,98.3249581239531,1.5075376884422111,0,1184,137.78026858108106,146.221,1.3511953595570976,1.4313797337981302,0.7601351351351351,15.70016891891892,1.0,18.074324324324323,0.8242059705328092,0.0,4.983108108108108,completed,,1,0.3333333333333333,315.9622073574459,15.148226666666666,0.19640305573650185,261003_2,round01
261003_2/round-01/run-01/dash_qoe_log_cc-cubic_abr-throughput_signals-cwnd_netem-stable-8mbit.json.gz,CUBIC,Throughput,cwnd,cc-cubic_abr-throughput_signals-cwnd_netem-stable-8mbit,True,596.458332,596.8708000000007,0.4576999999992549,0,0.0,0,1,0.9983221476510067,1.4036830771812079,0.16778523489932887,99.83221476510067,0,1170,203.37673333333333,516.801,11.002277972485084,28.094645284044578,99.91452991452991,245.47435897435898,10.0,11.709401709401709,0.0,0.0,0.0,completed,,1,1.6722408026755853,234.19353741513197,26.769647157190636,1.405744,261003_2,round01
261003_2/round-01/run-01/dash_qoe_log_cc-cubic_abr-bola_signals-rtt-cwnd_netem-high-rtt-loss.json.gz,CUBIC,BOLA,rtt+cwnd,cc-cubic_abr-bola_signals-rtt-cwnd_netem-high-rtt-loss,True,596.4,597.4715,1.151199999999255,0,0.0,0,4,0.01174496644295302,0.19186045973154361,98.65996649916248,1.1725293132328307,2,1163,138.56152622527944,148.238,1.3618436544972337,1.453767585875207,1.2897678417884781,16.48323301805675,1.0,18.572656921754085,0.8315228933147101,0.0,4.729148753224419,completed,,1,2.0,245.4331632652035,13.935701666666667,0.1919486449988319,261003_2,round01
261003_2/round-01/run-01/dash_qoe_log_cc-bbr_abr-throughput_signals-cwnd-loss_netem-stable-8mbit.json.gz,BBR,Throughput,cwnd+loss,cc-bbr_abr-throughput_signals-cwnd-loss_netem-stable-8mbit,True,596.4,596.8958999999985,0.42719999999925495,0.06869999999927312,0.0,0,1,0.9983221476510067,1.4036830771812079,0.16778523489932887,99.83221476510067,0,1188,31.090193602693603,34.312,1.676099190193359,1.8527761128970741,91.91919191919192,36.073232323232325,4.0,0.9259259259259259,0.0,0.0,0.0,completed,,1,0.1669449081803005,220.5192307694488,26.72655592654424,1.405744,261003_2,round01
261003_2/round-01/run-01/dash_qoe_log_cc-bbr_abr-throughput_signals-none_netem-constrained-2mbit.json.gz,BBR,Throughput,none,cc-bbr_abr-throughput_signals-none_netem-constrained-2mbit,True,596.4,597.170799999997,0.8197999999970198,0,0.0,0,25,0.8825503355704698,1.2614794026845637,11.725293132328309,88.107202680067,0,1156,99.83336505190312,119.35149999999999,1.9177328501436173,2.308079829490409,98.87543252595155,28.663494809688583,4.0,5.536332179930795,0.5464230950849095,2.4691358024691357,14.359861591695502,completed,,1,2.6755852842809364,320.81512027512275,18.891185618729097,1.2623149029252962,261003_2,round01
261003_2/round-01/run-01/dash_qoe_log_cc-bbr_abr-bola_signals-cwnd_netem-constrained-2mbit.json.gz,BBR,BOLA,cwnd,cc-bbr_abr-bola_signals-cwnd_netem-constrained-2mbit,True,596.458332,597.4728999999985,1.2158999999985098,0,0.0,0,13,0.947986577181208,1.3418553926174497,5.192629815745394,94.63986599664992,0,1149,99.50133681462141,118.98839999999996,1.9288178610557856,2.3062457344539125,99.04264577893821,28.733681462140993,4.0,3.6553524804177546,0.5406934366075032,2.526115859449184,14.273281114012185,completed,,1,3.8397328881469117,258.95902777780753,20.12908347245409,1.3420193227115795,261003_2,round01
261003_2/round-01/run-01/dash_qoe_log_cc-cubic_abr-throughput_signals-rtt-cwnd_netem-constrained-2mbit.json.gz,CUBIC,Throughput,rtt+cwnd,cc-cubic_abr-throughput_signals-rtt-cwnd_netem-constrained-2mbit,True,596.4,597.397,0.785699999999255,0.21130000000081595,0.0,0,52,0.05695142378559464,0.24738800335008373,94.30485762144053,5.695142378559464,41,1196,137.46345234113713,244.12225,2.6563000615415175,4.634809608298076,99.41471571906355,24.464046822742475,1.0,47.65886287625418,0.6710997448031764,2.6403508771929824,9.615384615384615,completed,,1,0.0,282.96036789289684,9.177784280936454,0.24715259079854393,261003_2,round01
261003_2/round-01/run-01/dash_qoe_log_cc-bbr_abr-throughput_signals-cwnd-loss_netem-constrained-2mbit.json.gz,BBR,Throughput,cwnd+loss,cc-bbr_abr-throughput_signals-cwnd-loss_netem-constrained-2mbit,True,596.4,597.4271999999993,0.9450999999977648,0.08210000000154649,0.0,0,32,0.8305369127516778,1.1975907953020135,16.917922948073702,82.91457286432161,1,1161,100.03864168819983,123.892,1.9210041048072721,2.3291844144961944,98.53574504737296,28.87510766580534,4.0,4.306632213608958,0.5300845689928414,2.631578947368421,13.522825150732128,completed,,1,2.5,282.01316239319294,18.3511,1.1978861743710771,261003_2,round01
261003_2/round-01/run-01/dash_qoe_log_cc-cubic_abr-bola_signals-rtt-cwnd_netem-stable-8mbit.json.gz,CUBIC,BOLA,rtt+cwnd,cc-cubic_abr-bola_signals-rtt-cwnd_netem-stable-8mbit,True,596.4,596.8923999999985,0.7448000000007451,0,0.0,0,1,0.9983221476510067,1.4036830771812079,0.16778523489932887,99.83221476510067,0,1135,209.528481938326,531.1643999999999,11.397306249475376,28.896872442669995,99.91189427312776,257.8555066079295,10.0,12.863436123348018,0.0,0.0,0.0,completed,,1,4.841402337228715,322.49894736834653,26.641382303839734,1.405744,261003_2,round01
261003_2/round-01/run-01/dash_qoe_log_cc-bbr_abr-throughput_signals-rtt-loss_netem-stable-8mbit.json.gz,BBR,Throughput,rtt+loss,cc-bbr_abr-throughput_signals-rtt-loss_netem-stable-8mbit,True,596.458332,596.8666000000015,0.5217000000029802,0,0.0,0,1,0.9983221476510067,1.4036830771812079,0.16778523489932887,99.83221476510067,0,1184,30.80398564189189,35.981,1.667690613516303,1.9537353451448398,92.73648648648648,35.9054054054054,4.0,1.2668918918918919,0.0,0.0,0.0,completed,,1,0.33444816053511706,248.30184563750637,26.728973244147156,1.405744,261003_2,round01
261003_2/round-01/run-01/dash_qoe_log_cc-cubic_abr-throughput_signals-cwnd-loss_netem-stable-8mbit.json.gz,CUBIC,Throughput,cwnd+loss,cc-cubic_abr-throughput_signals-cwnd-loss_netem-stable-8mbit,True,596.4,596.8868000000008,0.46419999999925493,0.02260000000155743,0.0,0,1,0.9983221476510067,1.4036830771812079,0.16778523489932887,99.83221476510067,0,1158,198.40582815198619,480.101,10.763882392536576,26.100956833750136,99.82728842832469,242.36183074265975,10.0,12.780656303972366,0.0,0.0,0.0,completed,,1,2.6755852842809364,239.1835051541924,26.75672408026756,1.405744,261003_2,round01
261003_2/round-01/run-01/dash_qoe_log_cc-cubic_abr-bola_signals-cwnd-loss_netem-constrained-2mbit.json.gz,CUBIC,BOLA,cwnd+loss,cc-cubic_abr-bola_signals-cwnd-loss_netem-constrained-2mbit,True,596.458332,597.2000999999977,0.8621000000014901,0,0.0,0,76,0.2785234899328859,0.5195471879194631,72.02680067001675,27.80569514237856,21,1180,161.55826779661015,339.52125,3.1412872283746753,6.57568685607243,98.89830508474576,28.529661016949152,8.0,53.05084745762712,0.7535961440536785,2.9850746268656714,11.186440677966102,completed,,1,1.0,268.13619528628686,8.478921666666666,0.5215803840907974,261003_2,round01
261003_2/round-01/run-01/dash_qoe_log_cc-cubic_abr-throughput_signals-none_netem-stable-8mbit.json.gz,CUBIC,Throughput,none,cc-cubic_abr-throughput_signals-none_netem-stable-8mbit,True,596.4,596.892,0.6003999999985099,0,0.0,0,1,0.9983221476510067,1.4036830771812079,0.16778523489932887,99.83221476510067,0,1188,199.14566077441077,479.95614999999975,10.790310684866613,26.067778405376014,99.91582491582491,243.58164983164983,10.0,11.952861952861953,0.0,0.0,0.0,completed,,1,0.0,275.35886287639374,26.72165050167224,1.405744,261003_2,round01
261003_2/round-01/run-01/dash_qoe_log_cc-bbr_abr-bola_signals-cwnd_netem-stable-8mbit.json.gz,BBR,BOLA,cwnd,cc-bbr_abr-bola_signals-cwnd_netem-stable-8mbit,True,596.458332,596.8785,0.4425,0,0.0,0,1,0.9983221476510067,1.4036830771812079,0.16778523489932887,99.83221476510067,0,1155,31.117836363636364,36.574,1.6779370650972385,1.973067979016819,92.12121212121212,36.227705627705625,4.0,1.2121212121212122,0.0,0.0,0.0,completed,,1,2.842809364548495,302.66798623128057,26.78938795986622,1.4057439999999997,261003_2,round01
261003_2/round-01/run-01/dash_qoe_log_cc-cubic_abr-throughput_signals-rtt_netem-stable-8mbit.json.gz,CUBIC,Throughput,rtt,cc-cubic_abr-throughput_signals-rtt_netem-stable-8mbit,True,596.4,596.9013999999985,0.4813000000044704,0.02009999999404133,0.0,0,1,0.9983221476510067,1.4036830771812079,0.16778523489932887,99.83221476510067,0,1154,210.11015771230504,516.802,11.488756931192443,28.277631866929305,99.91334488734836,251.1681109185442,10.0,12.911611785095321,0.0,0.0,0.0,completed,,1,3.1719532554257097,235.66655172385788,26.722070116861435,1.405744,261003_2,round01
261004_3/run-01/dash_qoe_log_cc-cubic_abr-bola_signals-none_netem-constrained-2mbit.json.gz,CUBIC,BOLA,none,cc-cubic_abr-bola_signals-none_netem-constrained-2mbit,True,596.4,597.229099999994,0.8388999999910594,0,0.0,0,29,0.860738255033557,1.2346874060402684,13.90284757118928,85.92964824120602,0,1183,165.44814032121724,323.0680999999996,3.176340780013355,6.183938561097792,99.07016060862215,27.51986475063398,1.0,65.51141166525782,0.7276570127017684,3.16964285714285,14.454775993237531,completed,,1,0.33444816053511706,265.85671140878594,19.197672240802678,1.2350329295092954,261004_3,run-01
261004_3/run-01/dash_qoe_log_cc-cubic_abr-bola_signals-rtt-loss_netem-stable-8mbit.json.gz,CUBIC,BOLA,rtt+loss,cc-cubic_abr-bola_signals-rtt-loss_netem-stable-8mbit,True,596.4,596.8902999999971,0.474,0.01629999999709164,0.0,0,1,0.9983221476510067,1.4036830771812079,0.16778523489932887,99.83221476510067,0,1185,193.9572135021097,478.49819999999994,10.517940446237906,25.97851131983278,99.915611814346,230.83291139240507,10.0,11.983122362869198,0.0,0.0,0.0,completed,,1,0.5008347245409015,246.12768456337335,26.69984307178631,1.405744,261004_3,run-01
261004_3/run-01/dash_qoe_log_cc-cubic_abr-bola_signals-loss_netem-constrained-2mbit.json.gz,CUBIC,BOLA,loss,cc-cubic_abr-bola_signals-loss_netem-constrained-2mbit,True,596.4,597.145,0.8697000000029802,0,0.0,0,34,0.7080536912751678,1.0471434295302013,29.14572864321608,70.68676716917923,0,1190,165.83898991596638,336.47294999999997,3.1880880999002303,6.554710420197534,97.89915966386555,27.796638655462186,2.0,65.12605042016807,0.8619401217269121,2.8799171842650084,13.277310924369749,completed,,1,0.1669449081803005,287.76939799352533,15.314178631051751,1.0473997292451103,261004_3,run-01
261004_3/run-01/dash_qoe_log_cc-cubic_abr-throughput_signals-rtt_netem-constrained-2mbit.json.gz,CUBIC,Throughput,rtt,cc-cubic_abr-throughput_signals-rtt_netem-constrained-2mbit,True,596.4,597.202299999997,0.7829000000059605,0.01939999999102926,0.0,0,68,0.09380234505862646,0.2926523584589615,90.61976549413735,9.380234505862646,41,1191,136.32633249370278,235.9475,2.6388052592997497,4.5888778031155635,99.32829554995801,23.973131821998322,5.0,46.26364399664148,0.8759626396969243,2.919863597612958,10.411418975650713,completed,,1,0.16722408026755853,271.20519262989063,9.107811036789297,0.29348173180854936,261004_3,run-01
261004_3/run-01/dash_qoe_log_cc-cubic_abr-throughput_signals-rtt-loss_netem-stable-8mbit.json.gz,CUBIC,Throughput,rtt+loss,cc-cubic_abr-throughput_signals-rtt-loss_netem-stable-8mbit,True,596.4,597.233,0.5995999999940396,0.23340000000593042,0.0,0,1,0.998324958123953,1.4036865293132328,0.16750418760469013,99.83249581239531,0,1194,202.29009882747067,479.116,11.00096923014075,26.071502421505144,99.91624790619765,247.93299832495813,10.0,12.73031825795645,0.0,0.0,0.0,completed,,1,0.16722408026755853,236.14371859415792,26.71584949832776,1.4057439999999997,261004_3,run-01
261004_3/run-01/dash_qoe_log_cc-bbr_abr-throughput_signals-rtt_netem-stable-8mbit.json.gz,BBR,Throughput,rtt,cc-bbr_abr-throughput_signals-rtt_netem-stable-8mbit,True,596.458332,596.839799999997,0.4730999999940395,0,0.0,0,1,0.9983221476510067,1.4036830771812079,0.16778523489932887,99.83221476510067,0,1195,30.708620083682007,34.492,1.6672974707009227,1.8760946423714988,94.56066945606695,36.042677824267784,4.0,1.1715481171548117,0.0,0.0,0.0,completed,,1,0.0,235.84581939801325,26.741610367892978,1.405744,261004_3,run-01
261004_3/run-01/dash_qoe_log_cc-cubic_abr-bola_signals-rtt_netem-stable-8mbit.json.gz,CUBIC,BOLA,rtt,cc-cubic_abr-bola_signals-rtt_netem-stable-8mbit,True,596.458332,596.8413000000119,0.49860000000894067,0,0.0,0,1,0.9983221476510067,1.4036830771812079,0.16778523489932887,99.83221476510067,0,1194,204.68533249581242,480.636,11.0976151303235,26.1073329712113,99.83249581239531,250.83165829145727,10.0,10.804020100502512,0.0,0.0,0.0,completed,,1,0.0,232.73929765808043,26.69167391304348,1.4057439999999994,261004_3,run-01
261004_3/run-01/dash_qoe_log_cc-bbr_abr-bola_signals-rtt-cwnd_netem-stable-8mbit.json.gz,BBR,BOLA,rtt+cwnd,cc-bbr_abr-bola_signals-rtt-cwnd_netem-stable-8mbit,True,596.458332,596.828,0.4723000000119209,0,0.0,0,1,0.9983221476510067,1.4036830771812079,0.16778523489932887,99.83221476510067,0,1191,30.597614609571785,34.932,1.657023778972602,1.8855029661397138,93.36691855583543,36.20235096557515,4.0,0.6717044500419815,0.0,0.0,0.0,completed,,1,0.1669449081803005,257.03511705670667,26.73064941569282,1.4057439999999994,261004_3,run-01
261004_3/run-01/dash_qoe_log_cc-cubic_abr-bola_signals-none_netem-stable-8mbit.json.gz,CUBIC,BOLA,none,cc-cubic_abr-bola_signals-none_netem-stable-8mbit,True,596.458332,596.854400000006,0.49,0,0.0,0,1,0.9983221476510067,1.4036830771812079,0.16778523489932887,99.83221476510067,0,1193,198.19042162615256,501.562,10.755826466938675,27.32563334241351,99.74853310980721,242.50880134115675,10.0,12.321877619446774,0.0,0.0,0.0,completed,,1,0.1669449081803005,245.8698996647345,26.735070116861436,1.4057440000000005,261004_3,run-01
261004_3/run-01/dash_qoe_log_cc-bbr_abr-throughput_signals-rtt_netem-constrained-2mbit.json.gz,BBR,Throughput,rtt,cc-bbr_abr-throughput_signals-rtt_netem-constrained-2mbit,True,596.4,597.742299999997,1.0055999999940395,0.3367000000030276,0.0,0,19,0.8842281879194631,1.2635403255033555,11.557788944723619,88.2747068676717,0,1196,98.85056103678929,120.6365,1.9159626765890772,2.324975501000518,99.24749163879599,28.32608695652174,1.0,5.2675585284280935,0.5387956130264774,2.6493598862019914,13.62876254180602,completed,,1,0.0,243.12466666653754,18.441193333333334,1.2639725874708525,261004_3,run-01
261004_3/run-01/dash_qoe_log_cc-bbr_abr-bola_signals-rtt-cwnd_netem-constrained-2mbit.json.gz,BBR,BOLA,rtt+cwnd,cc-bbr_abr-bola_signals-rtt-cwnd_netem-constrained-2mbit,True,596.4,597.1309000000059,0.7624000000059604,0,0.0,0,19,0.8576214405360134,1.2308589916247907,14.23785594639866,85.76214405360135,0,1190,100.40905546218487,124.41399999999999,1.9462476966486773,2.3967454284773666,99.41176470588235,28.934453781512605,4.0,3.865546218487395,0.6615218654363084,2.4390243902439024,13.109243697478991,completed,,1,0.1669449081803005,259.56020067016715,18.965051752921536,1.2333034149506479,261004_3,run-01
261004_3/run-01/dash_qoe_log_cc-cubic_abr-throughput_signals-none_netem-high-rtt-loss.json.gz,CUBIC,Throughput,none,cc-cubic_abr-throughput_signals-none_netem-high-rtt-loss,True,596.458332,597.5335999999941,1.1940999999940396,0,0.0,0,14,0.015100671140939598,0.1959823053691275,98.3249581239531,1.5075376884422111,0,1191,139.06887069689336,150.44400000000002,1.3740943502765244,1.487770055225612,3.526448362720403,17.480268681780018,1.0,23.173803526448363,0.8319897127177138,3.225806451612903,6.633081444164568,completed,,1,0.16666666666666666,292.8963272118807,14.464896666666666,0.19604712786092207,261004_3,run-01
261004_3/run-01/dash_qoe_log_cc-cubic_abr-bola_signals-cwnd-loss_netem-high-rtt-loss.json.gz,CUBIC,BOLA,cwnd+loss,cc-cubic_abr-bola_signals-cwnd-loss_netem-high-rtt-loss,True,596.458332,597.771299999997,1.3610999999940396,0,0.0,0,12,0.015100671140939598,0.1959823053691275,98.3249581239531,1.5075376884422111,2,1190,139.60875882352943,152.1883,1.368517679640478,1.489545065054023,4.369747899159663,17.15546218487395,1.0,18.991596638655462,0.7908234878181803,0.0,4.453781512605042,completed,,1,0.333889816360601,254.3740368515902,13.934287145242072,0.19633705309790647,261004_3,run-01
261004_3/run-01/dash_qoe_log_cc-bbr_abr-throughput_signals-rtt-loss_netem-constrained-2mbit.json.gz,BBR,Throughput,rtt+loss,cc-bbr_abr-throughput_signals-rtt-loss_netem-constrained-2mbit,True,596.4,597.180200000003,0.8055,0,0.0,0,34,0.490787269681742,0.7802729112227806,50.9212730318258,49.0787269681742,0,1195,95.27569288702928,113.17420000000001,1.8455602692332365,2.1827312316033933,97.82426778242677,28.692887029288702,4.0,3.01255230125523,0.6679838426546126,2.478395061728394,11.96652719665272,completed,,1,0.0,292.14156928113687,10.583150250417361,0.7825665942148816,261004_3,run-01
261004_3/run-01/dash_qoe_log_cc-bbr_abr-bola_signals-rtt_netem-constrained-2mbit.json.gz,BBR,BOLA,rtt,cc-bbr_abr-bola_signals-rtt_netem-constrained-2mbit,True,596.4,597.4306000000089,1.1911000000089407,0,0.0,0,31,0.8640939597315436,1.2388092516778524,13.5678391959799,86.26465661641541,0,1186,101.4816534569983,148.52375,1.9653313761499425,2.7707731615196622,98.31365935919055,29.048903878583474,4.0,3.204047217537943,0.534998886199878,2.4616079494128273,12.310286677908937,completed,,1,0.1669449081803005,242.7984949835766,18.688310517529217,1.239184827187913,261004_3,run-01
261004_3/run-01/dash_qoe_log_cc-cubic_abr-throughput_signals-cwnd_netem-constrained-2mbit.json.gz,CUBIC,Throughput,cwnd,cc-cubic_abr-throughput_signals-cwnd_netem-constrained-2mbit,True,596.4,597.2504000000059,0.7931000000089407,0.05729999999700708,0.0,0,72,0.10720268006700168,0.30911212395309884,89.27973199329983,10.720268006700168,17,1192,145.094408557047,270.01685000000003,2.83105576011746,5.235205828827436,99.49664429530202,25.593959731543624,1.0,47.73489932885906,0.9420398471456627,3.072916666666671,10.738255033557047,completed,,1,0.0,246.03076923028084,7.913984949832776,0.30920891282468044,261004_3,run-01
261004_3/run-01/dash_qoe_log_cc-bbr_abr-throughput_signals-cwnd-loss_netem-stable-8mbit.json.gz,BBR,Throughput,cwnd+loss,cc-bbr_abr-throughput_signals-cwnd-loss_netem-stable-8mbit,True,596.458332,596.854600000009,0.42340000000596045,0,0.0,0,1,0.9983221476510067,1.4036830771812079,0.16778523489932887,99.83221476510067,0,1190,30.48026050420168,34.405,1.6528277398753344,1.8701912627689632,94.11764705882354,35.69159663865546,4.0,1.1764705882352942,0.0,0.0,0.0,completed,,1,0.1669449081803005,236.1391304345135,26.74627712854758,1.4057439999999994,261004_3,run-01
261004_3/run-01/dash_qoe_log_cc-cubic_abr-throughput_signals-none_netem-stable-8mbit.json.gz,CUBIC,Throughput,none,cc-cubic_abr-throughput_signals-none_netem-stable-8mbit,True,596.4,596.890300000012,0.44080000001192093,0.04950000000006366,0.0,0,1,0.9983221476510067,1.4036830771812079,0.16778523489932887,99.83221476510067,0,1186,199.62563406408094,504.33000000000004,10.81813736455927,27.486919555264876,99.83136593591905,242.56239460370995,10.0,11.720067453625632,0.0,0.0,0.0,completed,,1,0.333889816360601,236.2338358446881,26.688131886477464,1.405744,261004_3,run-01
261004_3/run-01/dash_qoe_log_cc-bbr_abr-throughput_signals-rtt-cwnd_netem-high-rtt-loss.json.gz,BBR,Throughput,rtt+cwnd,cc-bbr_abr-throughput_signals-rtt-cwnd_netem-high-rtt-loss,True,596.4,597.6404000000059,1.2569000000059605,0,0.0,0,3,0.9949664429530202,1.399561231543624,0.5025125628140703,99.32998324958123,0,1193,147.08607795473594,162.8452,1.455556321815971,1.6160467334287074,12.238055322715843,77.90276613579212,1.0,8.549874266554903,1.2694582360346425,3.7735849056603774,22.548197820620285,completed,,1,0.1669449081803005,212.7023411378962,25.320125208681134,1.3995625079882021,261004_3,run-01
261004_3/run-01/dash_qoe_log_cc-bbr_abr-bola_signals-loss_netem-high-rtt-loss.json.gz,BBR,BOLA,loss,cc-bbr_abr-bola_signals-loss_netem-high-rtt-loss,True,596.458332,597.538,1.1858999999910593,0,0.0,0,9,0.8825503355704698,1.2614794026845637,11.725293132328309,88.107202680067,2,1189,145.85066190075693,158.8,1.4343088340067611,1.5619752257146808,11.942809083263246,77.06728343145501,2.0,7.653490328006728,0.8993432908793761,3.2949464842162284,22.11942809083263,completed,,1,0.3333333333333333,302.32056856088116,23.735311666666668,1.2613291978885992,261004_3,run-01
261004_3/run-01/dash_qoe_log_cc-bbr_abr-bola_signals-rtt-cwnd-loss_netem-constrained-2mbit.json.gz,BBR,BOLA,rtt+cwnd+loss,cc-bbr_abr-bola_signals-rtt-cwnd-loss_netem-constrained-2mbit,True,596.458332,597.415700000003,0.9977999999970197,0,0.0,0,21,0.8691275167785235,1.2449920201342284,13.06532663316583,86.76716917922948,0,1190,99.63257983193277,116.85224999999998,1.9107126876463412,2.253532051907503,98.82352941176471,29.037815126050422,4.0,2.9411764705882355,0.4458638500111481,2.4390243902439024,12.184873949579831,completed,,1,0.5,260.38576214377406,18.299093333333335,1.245873188005605,261004_3,run-01
261004_3/run-01/dash_qoe_log_cc-bbr_abr-throughput_signals-rtt-loss_netem-stable-8mbit.json.gz,BBR,Throughput,rtt+loss,cc-bbr_abr-throughput_signals-rtt-loss_netem-stable-8mbit,True,596.4,596.8913000000119,0.5756000000089407,0,0.0,0,1,0.9983221476510067,1.4036830771812079,0.16778523489932887,99.83221476510067,0,1191,30.604947942905124,35.4595,1.651601093503466,1.9074013694163678,91.0159529806885,35.65575146935348,4.0,1.0075566750629723,0.0,0.0,0.0,completed,,1,0.1669449081803005,194.80719063630372,26.724218697829716,1.4057440000000003,261004_3,run-01
261004_3/run-01/dash_qoe_log_cc-cubic_abr-bola_signals-loss_netem-high-rtt-loss.json.gz,CUBIC,BOLA,loss,cc-cubic_abr-bola_signals-loss_netem-high-rtt-loss,True,596.4,597.5824000000059,1.2387999999970198,0,0.0,0,12,0.04697986577181208,0.23513983892617452,95.14237855946399,4.690117252931323,0,1196,139.2934498327759,148.69775,1.3723855895873374,1.4699920744997028,2.4247491638795986,18.57608695652174,1.0,22.40802675585284,0.8429319249513121,2.4768518518518516,6.187290969899665,completed,,1,0.0,283.9085141910187,13.540828046744574,0.23517302947133145,261004_3,run-01
261004_3/run-01/dash_qoe_log_cc-cubic_abr-throughput_signals-cwnd-loss_netem-constrained-2mbit.json.gz,CUBIC,Throughput,cwnd+loss,cc-cubic_abr-throughput_signals-cwnd-loss_netem-constrained-2mbit,True,596.4,597.268799999997,0.8377000000029803,0.03109999999402857,0.0,0,71,0.17114093959731544,0.3876481275167785,82.74706867671692,17.08542713567839,24,1193,148.51466135792123,321.5532,2.8720113356537342,6.247876267827303,99.07795473595976,26.801341156747696,8.0,47.862531433361276,0.9247623315426753,2.908315565031965,10.393964794635373,completed,,1,0.0,244.58645485035052,8.503255852842809,0.387418087270616,261004_3,run-01
261004_3/run-01/dash_qoe_log_cc-cubic_abr-bola_signals-rtt-cwnd-loss_netem-constrained-2mbit.json.gz,CUBIC,BOLA,rtt+cwnd+loss,cc-cubic_abr-bola_signals-rtt-cwnd-loss_netem-constrained-2mbit,True,596.4,597.215400000006,0.736300000011921,0.07909999999405859,0.0,0,68,0.06532663316582915,0.25767535678391956,93.46733668341709,6.532663316582915,38,1193,137.7258122380553,269.50779999999986,2.6432487791935464,5.14954858010517,98.65884325230512,23.574182732606875,1.0,47.946353730092206,0.7336470611171979,3.7037037037037033,10.310142497904442,completed,,1,0.0,289.37846410714826,8.975215358931552,0.258376069421893,261004_3,run-01
261004_3/run-01/dash_qoe_log_cc-cubic_abr-throughput_signals-cwnd_netem-high-rtt-loss.json.gz,CUBIC,Throughput,cwnd,cc-cubic_abr-throughput_signals-cwnd_netem-high-rtt-loss,True,596.4,597.594200000003,1.2585,0,0.0,0,2,0.0016778523489932886,0.17949492281879192,99.66499162479062,0.16750418760469013,1,1190,138.4985420168067,147.857,1.363876589306955,1.464076263788588,0.08403361344537816,15.996638655462185,1.0,17.899159663865547,0.6239032029520197,0.0,4.53781512605042,completed,,1,0.333889816360601,309.36649916259887,15.277719532554256,0.1796810840032352,261004_3,run-01
261004_3/run-01/dash_qoe_log_cc-cubic_abr-bola_signals-rtt-cwnd-loss_netem-stable-8mbit.json.gz,CUBIC,BOLA,rtt+cwnd+loss,cc-cubic_abr-bola_signals-rtt-cwnd-loss_netem-stable-8mbit,True,596.458332,596.839,0.4846000000089407,0,0.0,0,1,0.9983221476510067,1.4036830771812079,0.16778523489932887,99.83221476510067,0,1185,193.91265907172996,478.153,10.535484141700977,26.05312482972811,99.83122362869199,236.7831223628692,10.0,14.0084388185654,0.0,0.0,0.0,completed,,1,0.8347245409015025,256.5363636378337,26.70667612687813,1.4057439999999994,261004_3,run-01
261004_3/run-01/dash_qoe_log_cc-bbr_abr-bola_signals-rtt_netem-high-rtt-loss.json.gz,BBR,BOLA,rtt,cc-bbr_abr-bola_signals-rtt_netem-high-rtt-loss,True,596.4,597.505299999997,1.2420999999940396,0,0.0,0,3,0.9932885906040269,1.3975003087248323,0.6700167504187605,99.16247906197655,0,1195,146.47704769874477,161.0102,1.4507527167214678,1.5966796741246605,12.803347280334728,78.3071129707113,2.0,9.874476987447698,1.4801630006577955,3.969587835134046,23.01255230125523,completed,,1,0.0,292.0283333331843,25.33635333333333,1.3976982945592076,261004_3,run-01
261004_3/run-01/dash_qoe_log_cc-bbr_abr-throughput_signals-cwnd_netem-stable-8mbit.json.gz,BBR,Throughput,cwnd,cc-bbr_abr-throughput_signals-cwnd_netem-stable-8mbit,True,596.458332,596.890099999994,0.44909999999403954,0,0.0,0,1,0.9983221476510067,1.4036830771812079,0.16778523489932887,99.83221476510067,0,1192,30.72540855704698,34.41,1.6530549527774163,1.8685145270696997,92.61744966442953,36.03691275167785,4.0,1.0067114093959733,0.0,0.0,0.0,completed,,1,0.0,256.88130216862703,26.742330550918194,1.405744,261004_3,run-01
261004_3/run-01/dash_qoe_log_cc-cubic_abr-throughput_signals-rtt-cwnd_netem-constrained-2mbit.json.gz,CUBIC,Throughput,rtt+cwnd,cc-cubic_abr-throughput_signals-rtt-cwnd_netem-constrained-2mbit,True,596.4,597.231200000003,0.8604000000059605,0,0.0,0,70,0.0587248322147651,0.24956629865771812,93.96984924623115,5.8626465661641545,39,1194,132.39998994974874,218.137,2.5487087036172915,4.198918376848967,99.16247906197655,23.314907872696818,7.0,45.7286432160804,0.607878034819321,2.7808219178082085,10.050251256281408,completed,,1,0.0,252.1173622712916,9.148636060100168,0.25072267210020976,261004_3,run-01
261004_3/run-01/dash_qoe_log_cc-cubic_abr-throughput_signals-rtt-cwnd_netem-stable-8mbit.json.gz,CUBIC,Throughput,rtt+cwnd,cc-cubic_abr-throughput_signals-rtt-cwnd_netem-stable-8mbit,True,596.458332,596.836299999997,0.49170000000298025,0,0.0,0,1,0.9983221476510067,1.4036830771812079,0.16778523489932887,99.83221476510067,0,1187,199.61619629317607,482.081,10.853136914905678,26.271444141689372,99.91575400168492,244.24010109519799,10.0,10.614995787700085,0.0,0.0,0.0,completed,,1,0.33444816053511706,246.1414429539652,26.781108695652172,1.4057440000000005,261004_3,run-01
261004_3/run-01/dash_qoe_log_cc-cubic_abr-bola_signals-cwnd_netem-stable-8mbit.json.gz,CUBIC,BOLA,cwnd,cc-cubic_abr-bola_signals-cwnd_netem-stable-8mbit,True,596.458332,596.8452000000029,0.48920000000298025,0,0.0,0,1,0.9983221476510067,1.4036830771812079,0.16778523489932887,99.83221476510067,0,1188,199.8885723905724,480.584,10.857527271644324,26.14996191098052,99.91582491582491,242.55555555555554,10.0,11.11111111111111,0.0,0.0,0.0,completed,,1,0.16722408026755853,220.42177554281113,26.763165551839464,1.4057439999999997,261004_3,run-01
261004_3/run-02/dash_qoe_log_cc-cubic_abr-throughput_signals-cwnd_netem-constrained-2mbit.json.gz,CUBIC,Throughput,cwnd,cc-cubic_abr-throughput_signals-cwnd_netem-constrained-2mbit,True,596.4,597.222599999994,0.8427999999970198,0,0.0,0,72,0.21308724832214765,0.43917119798657717,78.55946398659967,21.273031825795645,22,1194,172.99140368509214,401.9459499999999,3.340631423599452,7.8189358098241915,99.32998324958123,33.00753768844221,7.0,47.654941373534335,0.8139754816374742,2.7027027027027026,9.882747068676716,completed,,2,0.16722408026755853,267.7246231159673,8.42040635451505,0.4391558438733615,261004_3,run-02
261004_3/run-02/dash_qoe_log_cc-bbr_abr-throughput_signals-cwnd_netem-stable-8mbit.json.gz,BBR,Throughput,cwnd,cc-bbr_abr-throughput_signals-cwnd_netem-stable-8mbit,True,596.458332,596.842,0.4823999999910593,0,0.0,0,1,0.9983221476510067,1.4036830771812079,0.16778523489932887,99.83221476510067,0,1185,30.41884725738397,33.437,1.6424027697370425,1.804288394532297,93.83966244725738,35.947679324894516,4.0,1.0970464135021096,0.0,0.0,0.0,completed,,2,0.16722408026755853,277.2780569528465,26.78183277591973,1.4057439999999994,261004_3,run-02
261004_3/run-02/dash_qoe_log_cc-cubic_abr-bola_signals-cwnd-loss_netem-high-rtt-loss.json.gz,CUBIC,BOLA,cwnd+loss,cc-cubic_abr-bola_signals-cwnd-loss_netem-high-rtt-loss,True,596.4,598.421400000006,1.4521000000089408,0.569299999997056,0.0,0,6,0.0050335570469798654,0.18361676845637584,99.32998324958123,0.5025125628140703,1,1185,138.09365569620252,146.902,1.3519405238762,1.4400103237077992,0.08438818565400844,16.09451476793249,2.0,19.240506329113924,0.6566818921556147,0.0,4.810126582278481,completed,,2,0.333889816360601,240.68224455588427,14.020669449081803,0.18360396069366264,261004_3,run-02
261004_3/run-02/dash_qoe_log_cc-bbr_abr-throughput_signals-rtt_netem-constrained-2mbit.json.gz,BBR,Throughput,rtt,cc-bbr_abr-throughput_signals-rtt_netem-constrained-2mbit,True,596.4,598.272400000006,1.8582000000029801,0.0142000000030158,0.0,0,21,0.860738255033557,1.2346874060402684,13.90284757118928,85.92964824120602,0,1187,100.29079443976411,119.3734,1.9324120919257994,2.311278897797151,98.3150800336984,28.867733782645324,4.0,4.380791912384161,0.506915544251563,2.5874125874125893,13.226621735467566,completed,,2,0.5008347245409015,244.43875838926175,18.625155258764607,1.23450805326953,261004_3,run-02
261004_3/run-02/dash_qoe_log_cc-cubic_abr-throughput_signals-rtt-loss_netem-stable-8mbit.json.gz,CUBIC,Throughput,rtt+loss,cc-cubic_abr-throughput_signals-rtt-loss_netem-stable-8mbit,True,596.4,596.8844000000059,0.4887999999970198,0,0.0,0,1,0.9983221476510067,1.4036830771812079,0.16778523489932887,99.83221476510067,0,1192,201.9301518456376,513.155,10.982364183441812,27.986202006980804,99.83221476510067,246.69379194630872,10.0,11.828859060402685,0.0,0.0,0.0,completed,,2,0.0,260.1843071772977,26.673420701168617,1.405744,261004_3,run-02
261004_3/run-02/dash_qoe_log_cc-cubic_abr-throughput_signals-rtt-cwnd_netem-constrained-2mbit.json.gz,CUBIC,Throughput,rtt+cwnd,cc-cubic_abr-throughput_signals-rtt-cwnd_netem-constrained-2mbit,True,596.4,597.4105,0.7735,0.23699999999997912,0.0,0,52,0.07202680067001675,0.26590523953098827,92.79731993299832,7.202680067001675,40,1196,154.26563712374582,320.062,2.9860440612709915,6.1411997435234715,99.58193979933111,28.67056856187291,1.0,45.735785953177256,0.7481090369216425,2.9850746268656714,9.782608695652174,completed,,2,0.16666666666666666,248.56944908209158,8.971126666666667,0.26725976369565846,261004_3,run-02
261004_3/run-02/dash_qoe_log_cc-cubic_abr-throughput_signals-cwnd_netem-high-rtt-loss.json.gz,CUBIC,Throughput,cwnd,cc-cubic_abr-throughput_signals-cwnd_netem-high-rtt-loss,True,596.4,597.789100000009,1.436,0,0.0,0,0,0.0,0.177434,99.83249581239531,0.0,0,1189,138.10473591253154,146.264,1.3531668317287597,1.4493758255290834,0.42052144659377627,15.256518082422204,3.0,16.400336417157273,0.7328754886842076,0.0,4.96215306980656,completed,,2,0.333889816360601,204.30368509182279,15.20090651085142,0.17743400000000006,261004_3,run-02
261004_3/run-02/dash_qoe_log_cc-bbr_abr-throughput_signals-rtt-cwnd_netem-high-rtt-loss.json.gz,BBR,Throughput,rtt+cwnd,cc-bbr_abr-throughput_signals-rtt-cwnd_netem-high-rtt-loss,True,596.4,597.8223000000119,1.2776000000089407,0.14470000000294658,0.0,0,1,0.9966442953020134,1.401622154362416,0.33500837520938026,99.49748743718592,0,1190,148.5004411764706,164.34,1.461191272161251,1.626339696582846,20.084033613445378,77.5563025210084,1.0,9.579831932773109,1.4390907326807847,3.7629716981132058,23.277310924369747,completed,,2,0.1669449081803005,240.77625418162864,25.411357262103508,1.4016216343810157,261004_3,run-02
261004_3/run-02/dash_qoe_log_cc-cubic_abr-bola_signals-loss_netem-high-rtt-loss.json.gz,CUBIC,BOLA,loss,cc-cubic_abr-bola_signals-loss_netem-high-rtt-loss,True,596.458332,597.745700000003,1.3562000000029801,0,0.0,0,0,0.0,0.177434,99.83249581239531,0.0,0,1194,138.48573953098827,147.31149999999997,1.3568990703082633,1.4457124416933143,0.5862646566164154,16.17671691792295,2.0,18.927973199329983,0.9962713007091389,0.0,4.438860971524288,completed,,2,0.0,226.88233333200216,13.869495,0.17743399999999995,261004_3,run-02
261004_3/run-02/dash_qoe_log_cc-cubic_abr-bola_signals-loss_netem-constrained-2mbit.json.gz,CUBIC,BOLA,loss,cc-cubic_abr-bola_signals-loss_netem-constrained-2mbit,True,596.4,597.2555,0.8947999999970198,0,0.0,0,39,0.7600671140939598,1.1110320369127515,23.953098827470686,75.87939698492463,0,1187,231.27498399326032,569.7769000000001,4.440667986590366,10.82905730703526,99.49452401010952,42.39848357203033,1.0,62.51053074978938,1.035064898276166,2.857142857142857,13.732097725358045,completed,,2,1.0033444816053512,245.9932432435453,15.541759197324414,1.1099287941714502,261004_3,run-02
261004_3/run-02/dash_qoe_log_cc-bbr_abr-throughput_signals-rtt_netem-stable-8mbit.json.gz,BBR,Throughput,rtt,cc-bbr_abr-throughput_signals-rtt_netem-stable-8mbit,True,596.4,596.889,0.4863999999910593,0.0026000000089734243,0.0,0,1,0.9983221476510067,1.4036830771812079,0.16778523489932887,99.83221476510067,0,1188,30.738822390572388,34.926,1.6741770156995897,1.9082594902089478,92.84511784511784,36.22895622895623,4.0,0.7575757575757576,0.0,0.0,0.0,completed,,2,0.1669449081803005,204.1247491653398,26.698021702838062,1.4057440000000003,261004_3,run-02
261004_3/run-02/dash_qoe_log_cc-cubic_abr-bola_signals-rtt-cwnd-loss_netem-stable-8mbit.json.gz,CUBIC,BOLA,rtt+cwnd+loss,cc-cubic_abr-bola_signals-rtt-cwnd-loss_netem-stable-8mbit,True,596.4,596.885,0.416,0.06900000000001366,0.0,0,1,0.9983221476510067,1.4036830771812079,0.16778523489932887,99.83221476510067,0,1189,199.8916055508831,525.992,10.781169506434843,28.605177289536655,99.91589571068124,240.57947855340623,10.0,12.615643397813288,0.0,0.0,0.0,completed,,2,0.33444816053511706,234.33859060544697,26.707185618729095,1.4057440000000003,261004_3,run-02
261004_3/run-02/dash_qoe_log_cc-bbr_abr-bola_signals-rtt-cwnd-loss_netem-constrained-2mbit.json.gz,BBR,BOLA,rtt+cwnd+loss,cc-bbr_abr-bola_signals-rtt-cwnd-loss_netem-constrained-2mbit,True,596.458332,598.2060999999941,1.8057999999970198,0,0.0,0,25,0.88107202680067,1.2596635812395311,11.892797319932999,88.107202680067,0,1189,99.87178553406224,124.46439999999996,1.9044674523393492,2.377693745761415,98.73843566021867,28.932716568544997,4.0,3.280067283431455,0.5357189732695405,2.4691358024691357,12.447434819175777,completed,,2,0.5,295.7214405341214,18.441301666666664,1.2601503056414056,261004_3,run-02
261004_3/run-02/dash_qoe_log_cc-cubic_abr-throughput_signals-none_netem-stable-8mbit.json.gz,CUBIC,Throughput,none,cc-cubic_abr-throughput_signals-none_netem-stable-8mbit,True,596.4,596.8905,0.4956000000089407,0,0.0,0,1,0.9983221476510067,1.4036830771812079,0.16778523489932887,99.83221476510067,0,1189,199.46358368376787,469.74299999999994,10.83628992570062,25.565636225100686,99.74768713204374,243.1825063078217,10.0,12.026913372582001,0.0,0.0,0.0,completed,,2,0.33444816053511706,249.62114094145247,26.72233277591973,1.405744,261004_3,run-02
261004_3/run-02/dash_qoe_log_cc-cubic_abr-bola_signals-rtt-cwnd-loss_netem-constrained-2mbit.json.gz,CUBIC,BOLA,rtt+cwnd+loss,cc-cubic_abr-bola_signals-rtt-cwnd-loss_netem-constrained-2mbit,True,596.4,597.225799999997,0.8382000000029802,0,0.0,0,48,0.06711409395973154,0.25987091275167784,93.1323283082077,6.700167504187605,41,1195,167.14144435146446,365.77929999999975,3.236340258630823,7.022806009340243,99.16317991631799,32.051046025104604,2.0,46.77824267782427,0.7565004384797274,2.941176470588235,9.288702928870293,completed,,2,0.0,268.20667779706855,8.98325041736227,0.2615579564461869,261004_3,run-02
261004_3/run-02/dash_qoe_log_cc-bbr_abr-bola_signals-rtt-cwnd_netem-stable-8mbit.json.gz,BBR,BOLA,rtt+cwnd,cc-bbr_abr-bola_signals-rtt-cwnd_netem-stable-8mbit,True,596.458332,596.8826000000089,0.5601000000089407,0,0.0,0,1,0.9983221476510067,1.4036830771812079,0.16778523489932887,99.83221476510067,0,1186,30.707507588532884,34.85225,1.6684612398836545,1.8988912498637898,91.73693086003372,36.0539629005059,4.0,0.927487352445194,0.0,0.0,0.0,completed,,2,0.1669449081803005,222.74749163984256,26.73834056761269,1.4057439999999992,261004_3,run-02
261004_3/run-02/dash_qoe_log_cc-bbr_abr-bola_signals-rtt-cwnd_netem-constrained-2mbit.json.gz,BBR,BOLA,rtt+cwnd,cc-bbr_abr-bola_signals-rtt-cwnd_netem-constrained-2mbit,True,596.4,597.138099999994,0.8580999999940395,0,0.0,0,27,0.8576214405360134,1.2308589916247907,14.23785594639866,85.76214405360135,0,1197,98.32337176274018,119.65040000000005,1.9281712750858109,2.3599984184409784,98.57978279030911,29.15705931495405,2.0,3.1746031746031744,0.51993949426138,2.4753086419753103,13.19966583124478,completed,,2,0.0,275.35726210320735,18.72948247078464,1.2330485955185515,261004_3,run-02
261004_3/run-02/dash_qoe_log_cc-bbr_abr-bola_signals-rtt_netem-constrained-2mbit.json.gz,BBR,BOLA,rtt,cc-bbr_abr-bola_signals-rtt_netem-constrained-2mbit,True,596.4,597.147,0.9045999999940395,0,0.0,0,19,0.8842281879194631,1.2635403255033555,11.557788944723619,88.2747068676717,0,1188,98.32889814814814,113.45244999999996,1.893405450250972,2.195035254355807,98.48484848484848,29.03956228956229,2.0,3.6195286195286194,0.7691251676002397,2.4390243902439024,13.552188552188552,completed,,2,0.333889816360601,291.67638190911845,18.634151919866444,1.2642595464555035,261004_3,run-02
261004_3/run-02/dash_qoe_log_cc-bbr_abr-bola_signals-loss_netem-high-rtt-loss.json.gz,BBR,BOLA,loss,cc-bbr_abr-bola_signals-loss_netem-high-rtt-loss,True,596.4,597.618099999994,1.3049000000059605,0,0.0,0,11,0.9664429530201343,1.364525543624161,3.3500837520938025,96.48241206030151,1,1188,149.97853703703706,162.952,1.475632471409388,1.608075693771604,15.909090909090908,77.66245791245791,1.0,8.67003367003367,1.5852494995776438,3.726202838352366,23.484848484848484,completed,,2,0.333889816360601,220.21189279754458,24.749744574290485,1.3643431560439934,261004_3,run-02
261004_3/run-02/dash_qoe_log_cc-cubic_abr-bola_signals-rtt-loss_netem-stable-8mbit.json.gz,CUBIC,BOLA,rtt+loss,cc-cubic_abr-bola_signals-rtt-loss_netem-stable-8mbit,True,596.4,596.900200000003,0.618300000011921,0,0.0,0,1,0.9983221476510067,1.4036830771812079,0.16778523489932887,99.83221476510067,0,1187,199.72728727885425,479.1120000000001,10.852080991435274,26.075541526069443,99.91575400168492,243.36141533277168,10.0,11.457455770850885,0.0,0.0,0.0,completed,,2,0.5016722408026756,239.03882352905114,26.669593645484948,1.4057440000000005,261004_3,run-02
261004_3/run-02/dash_qoe_log_cc-cubic_abr-bola_signals-none_netem-constrained-2mbit.json.gz,CUBIC,BOLA,none,cc-cubic_abr-bola_signals-none_netem-constrained-2mbit,True,596.458332,597.159899999991,0.7485999999940396,0,0.0,0,27,0.8576214405360134,1.2308589916247907,14.23785594639866,85.76214405360135,0,1186,231.75825885328834,555.2370000000001,4.476736760558783,10.75432242749708,99.24114671163575,42.37858347386172,8.0,68.12816188870151,0.9530367652388488,3.15018315018315,14.249578414839798,completed,,2,1.001669449081803,308.542664417529,18.57162270450751,1.2329990420404726,261004_3,run-02
261004_3/run-02/dash_qoe_log_cc-bbr_abr-throughput_signals-cwnd-loss_netem-stable-8mbit.json.gz,BBR,Throughput,cwnd+loss,cc-bbr_abr-throughput_signals-cwnd-loss_netem-stable-8mbit,True,596.4,597.161,0.5455,0.21549999999996727,0.0,0,1,0.998324958123953,1.4036865293132328,0.16750418760469013,99.83249581239531,0,1184,30.56546621621622,35.036,1.6612394112521778,1.9097350921181728,92.22972972972973,35.79983108108108,4.0,1.6891891891891893,0.0,0.0,0.0,completed,,2,0.5008347245409015,260.42332214774603,26.696567612687815,1.4057439999999994,261004_3,run-02
261004_3/run-02/dash_qoe_log_cc-cubic_abr-throughput_signals-none_netem-high-rtt-loss.json.gz,CUBIC,Throughput,none,cc-cubic_abr-throughput_signals-none_netem-high-rtt-loss,True,596.333332,597.6836000000089,1.3285,0.021768000008895783,0.0,0,0,0.0,0.177434,99.83249581239531,0.0,0,1191,138.21176742233416,146.508,1.3657513587193766,1.448771446412465,0.6717044500419815,15.218303946263644,4.0,15.617128463476071,0.7602277253676661,0.0,4.450041981528128,completed,,2,0.333889816360601,233.80318257884065,15.454636060100166,0.17743400000000004,261004_3,run-02
261004_3/run-02/dash_qoe_log_cc-cubic_abr-throughput_signals-rtt_netem-constrained-2mbit.json.gz,CUBIC,Throughput,rtt,cc-cubic_abr-throughput_signals-rtt_netem-constrained-2mbit,True,596.4,597.286099999994,0.8918999999910593,0,0.0,0,64,0.08221476510067115,0.2784192181208054,91.62479061976549,8.207705192629815,38,1195,158.89209539748956,319.565,3.057815467471028,6.150794156520453,99.07949790794979,29.492887029288703,1.0,47.94979079497908,0.9061241791585286,2.789514866979654,9.9581589958159,completed,,2,0.0,282.7162207350334,9.038983277591973,0.2791925418084764,261004_3,run-02
261004_3/run-02/dash_qoe_log_cc-cubic_abr-throughput_signals-cwnd-loss_netem-constrained-2mbit.json.gz,CUBIC,Throughput,cwnd+loss,cc-cubic_abr-throughput_signals-cwnd-loss_netem-constrained-2mbit,True,596.4,597.661400000006,0.7559000000059605,0.5055000000000455,0.0,0,54,0.4848993288590604,0.7730406946308724,51.51006711409396,48.48993288590604,13,1189,204.4137157275021,483.9423999999991,3.9324757531824175,9.19360930108853,97.89739276703112,39.23380992430614,1.0,60.97560975609756,0.8880543418740154,3.125,12.447434819175777,completed,,2,0.831946755407654,297.13288590549524,11.522317803660567,0.7729257143332182,261004_3,run-02
261004_3/run-02/dash_qoe_log_cc-cubic_abr-bola_signals-rtt_netem-stable-8mbit.json.gz,CUBIC,BOLA,rtt,cc-cubic_abr-bola_signals-rtt_netem-stable-8mbit,True,596.458332,596.8825,0.603,0,0.0,0,1,0.9983221476510067,1.4036830771812079,0.16778523489932887,99.83221476510067,0,1190,202.95374369747898,493.224,11.015153460995128,26.808566148494403,100.0,246.43361344537814,10.0,12.016806722689076,0.0,0.0,0.0,completed,,2,0.1669449081803005,279.8190635438248,26.728330550918198,1.405744,261004_3,run-02
261004_3/run-02/dash_qoe_log_cc-cubic_abr-bola_signals-none_netem-stable-8mbit.json.gz,CUBIC,BOLA,none,cc-cubic_abr-bola_signals-none_netem-stable-8mbit,True,596.458332,596.869799999997,0.5543999999910593,0,0.0,0,1,0.9983221476510067,1.4036830771812079,0.16778523489932887,99.83221476510067,0,1182,202.3365752961083,492.72145000000006,10.964651006674462,26.756527287537335,99.91539763113367,245.080372250423,10.0,11.928934010152284,0.0,0.0,0.0,completed,,2,0.8361204013377926,229.69527824783407,26.715205685618727,1.4057439999999997,261004_3,run-02
261004_3/run-02/dash_qoe_log_cc-cubic_abr-bola_signals-cwnd_netem-stable-8mbit.json.gz,CUBIC,BOLA,cwnd,cc-cubic_abr-bola_signals-cwnd_netem-stable-8mbit,True,596.4,596.886099999994,0.4297999999970198,0.05629999999703339,0.0,0,1,0.9983221476510067,1.4036830771812079,0.16778523489932887,99.83221476510067,0,1184,199.88554560810812,487.2069999999993,10.858413470171667,26.53343862324362,99.91554054054055,242.2652027027027,10.0,12.41554054054054,0.0,0.0,0.0,completed,,2,0.5008347245409015,222.98557047015868,26.681414023372287,1.4057439999999994,261004_3,run-02
261004_3/run-02/dash_qoe_log_cc-bbr_abr-throughput_signals-rtt-loss_netem-stable-8mbit.json.gz,BBR,Throughput,rtt+loss,cc-bbr_abr-throughput_signals-rtt-loss_netem-stable-8mbit,True,596.458332,596.868900000006,0.5267000000029802,0,0.0,0,1,0.9983221476510067,1.4036830771812079,0.16778523489932887,99.83221476510067,0,1186,30.49510792580101,33.382,1.647077441796468,1.8126629018245004,93.50758853288364,35.839797639123105,4.0,0.927487352445194,0.0,0.0,0.0,completed,,2,0.33444816053511706,217.27667785320907,26.75884949832776,1.4057440000000003,261004_3,run-02
261004_3/run-02/dash_qoe_log_cc-bbr_abr-throughput_signals-rtt-loss_netem-constrained-2mbit.json.gz,BBR,Throughput,rtt+loss,cc-bbr_abr-throughput_signals-rtt-loss_netem-constrained-2mbit,True,596.458332,597.144899999991,0.7105,0,0.0,0,21,0.8458961474036851,1.2164566968174204,15.410385259631491,84.5896147403685,0,1194,98.57697068676717,115.77349999999998,1.8863435440845429,2.211257307655348,98.3249581239531,28.845896147403685,3.0,3.7688442211055277,0.41605153395237277,2.4390243902439024,13.06532663316583,completed,,2,0.0,295.4795986613302,18.029356187290972,1.2183324418932824,261004_3,run-02
261004_3/run-02/dash_qoe_log_cc-bbr_abr-bola_signals-rtt_netem-high-rtt-loss.json.gz,BBR,BOLA,rtt,cc-bbr_abr-bola_signals-rtt_netem-high-rtt-loss,True,596.458332,597.7205,1.328,0,0.0,0,3,0.9932885906040269,1.3975003087248323,0.6700167504187605,99.16247906197655,0,1189,149.12945164003364,164.685,1.4638050686139608,1.625673071892515,12.867956265769553,78.04793944491169,4.0,10.09251471825063,1.4306369009461206,3.67676767676767,23.04457527333894,completed,,2,0.0,327.2434056761717,25.376881469115194,1.3975007181432,261004_3,run-02
261004_3/run-02/dash_qoe_log_cc-cubic_abr-throughput_signals-rtt-cwnd_netem-stable-8mbit.json.gz,CUBIC,Throughput,rtt+cwnd,cc-cubic_abr-throughput_signals-rtt-cwnd_netem-stable-8mbit,True,596.458332,596.843,0.4948000000119209,0,0.0,0,1,0.9983221476510067,1.4036830771812079,0.16778523489932887,99.83221476510067,0,1190,203.19494789915967,511.566449999999,11.038458486267487,27.863096405228703,99.91596638655462,247.13697478991597,10.0,11.260504201680673,0.0,0.0,0.0,completed,,2,0.1669449081803005,232.077591972681,26.704901502504175,1.4057440000000005,261004_3,run-02
261004_3/run-03/dash_qoe_log_cc-bbr_abr-bola_signals-rtt-cwnd-loss_netem-constrained-2mbit.json.gz,BBR,BOLA,rtt+cwnd+loss,cc-bbr_abr-bola_signals-rtt-cwnd-loss_netem-constrained-2mbit,True,596.4,597.140700000003,0.8452000000029802,0,0.0,0,23,0.8926174496644296,1.2738449395973155,10.720268006700168,89.11222780569514,0,1194,98.14168844221106,114.2536,1.8981579638948427,2.1999251118459444,98.99497487437186,28.95896147403685,4.0,2.4288107202680065,0.4047579902489591,2.4390243902439024,12.311557788944723,completed,,3,0.1669449081803005,272.88444816034576,18.68026878130217,1.2744182551382628,261004_3,run-03
261004_3/run-03/dash_qoe_log_cc-bbr_abr-throughput_signals-rtt-loss_netem-constrained-2mbit.json.gz,BBR,Throughput,rtt+loss,cc-bbr_abr-throughput_signals-rtt-loss_netem-constrained-2mbit,True,596.4,597.226,0.8165,0.009500000000021824,0.0,0,23,0.9279731993299832,1.3172727604690118,7.202680067001675,92.79731993299832,0,1193,98.43656999161776,114.7766,1.8995630192832582,2.2205753632491096,99.32942162615255,28.81810561609388,4.0,3.6881810561609387,0.5674781563638773,2.6251082251082156,12.824811399832356,completed,,3,0.0,250.71385642863774,19.392123539232053,1.3192669629087728,261004_3,run-03
261004_3/run-03/dash_qoe_log_cc-cubic_abr-throughput_signals-rtt_netem-constrained-2mbit.json.gz,CUBIC,Throughput,rtt,cc-cubic_abr-throughput_signals-rtt_netem-constrained-2mbit,True,596.4,597.222200000003,0.7478000000119209,0.07439999999110114,0.0,0,78,0.09547738693467336,0.2947098291457287,90.45226130653266,9.547738693467336,38,1198,135.32739315525876,221.44059999999996,2.633332470757372,4.289036584769574,99.08180300500835,23.77212020033389,1.0,48.41402337228715,0.6806486472431866,2.666666666666667,8.764607679465776,completed,,3,0.0,278.5772954930049,9.157691151919867,0.29789018984864063,261004_3,run-03
261004_3/run-03/dash_qoe_log_cc-bbr_abr-bola_signals-rtt_netem-high-rtt-loss.json.gz,BBR,BOLA,rtt,cc-bbr_abr-bola_signals-rtt_netem-high-rtt-loss,True,596.458332,597.6665,1.2837999999970198,0,0.0,0,3,0.9932885906040269,1.3975003087248323,0.6700167504187605,99.16247906197655,0,1191,148.10235516372796,161.113,1.4571866857525964,1.5933631958139673,15.029387069689337,77.65071368597818,4.0,9.48782535684299,1.234815944588199,3.6867142371729527,23.173803526448363,completed,,3,0.3333333333333333,258.0546822743272,25.266591666666667,1.397500583952641,261004_3,run-03
261004_3/run-03/dash_qoe_log_cc-cubic_abr-bola_signals-rtt-cwnd-loss_netem-stable-8mbit.json.gz,CUBIC,BOLA,rtt+cwnd+loss,cc-cubic_abr-bola_signals-rtt-cwnd-loss_netem-stable-8mbit,True,596.458332,596.893299999997,0.5590999999940396,0,0.0,0,1,0.9983221476510067,1.4036830771812079,0.16778523489932887,99.83221476510067,0,1189,203.86199579478554,529.726,11.006914357872082,28.816080073981396,99.91589571068124,249.03868797308664,10.0,12.026913372582001,0.0,0.0,0.0,completed,,3,0.333889816360601,223.56231155614657,26.690968280467445,1.4057440000000005,261004_3,run-03
261004_3/run-03/dash_qoe_log_cc-cubic_abr-bola_signals-none_netem-constrained-2mbit.json.gz,CUBIC,BOLA,none,cc-cubic_abr-bola_signals-none_netem-constrained-2mbit,True,596.4,597.314599999994,0.9720999999940395,0,0.0,0,3,0.8473154362416108,1.218200023489933,15.242881072026801,84.5896147403685,0,1188,164.02405723905724,273.04419999999993,3.1748319549243393,5.3272759199282,99.15824915824916,27.20959595959596,1.0,70.28619528619528,0.9578106682012903,2.8840579710144874,14.225589225589225,completed,,3,0.5008347245409015,258.06308724816216,18.70953589315526,1.218382919610727,261004_3,run-03
261004_3/run-03/dash_qoe_log_cc-bbr_abr-bola_signals-loss_netem-high-rtt-loss.json.gz,BBR,BOLA,loss,cc-bbr_abr-bola_signals-loss_netem-high-rtt-loss,True,596.4,597.823900000006,1.4684000000059605,0,0.0,0,19,0.9345637583892618,1.3253680100671141,6.532663316582915,93.2998324958124,3,1178,146.30443887945668,159.734,1.438684566408125,1.5799368778347904,9.33786078098472,76.37266553480475,4.0,8.913412563667233,1.4406266186058236,4.012244897959173,23.853989813242784,completed,,3,0.667779632721202,334.8460504204536,24.059477462437396,1.3253473674127008,261004_3,run-03
261004_3/run-03/dash_qoe_log_cc-bbr_abr-bola_signals-rtt_netem-constrained-2mbit.json.gz,BBR,BOLA,rtt,cc-bbr_abr-bola_signals-rtt_netem-constrained-2mbit,True,596.4,597.168,0.8332999999970198,0,0.0,0,21,0.8640939597315436,1.2388092516778524,13.5678391959799,86.26465661641541,0,1177,97.09758538657603,112.73599999999999,1.8512336921764252,2.1653349723417334,96.68649107901444,28.531011045029736,1.0,3.4834324553950724,0.7288043380914816,2.451219512195125,12.999150382327953,completed,,3,0.8347245409015025,321.0641414148338,18.477816360601,1.2394097980021759,261004_3,run-03
261004_3/run-03/dash_qoe_log_cc-bbr_abr-bola_signals-rtt-cwnd_netem-stable-8mbit.json.gz,BBR,BOLA,rtt+cwnd,cc-bbr_abr-bola_signals-rtt-cwnd_netem-stable-8mbit,True,596.458332,596.872799999997,0.522,0,0.0,0,1,0.9983221476510067,1.4036830771812079,0.16778523489932887,99.83221476510067,0,1180,30.678636440677963,35.013,1.6469310289719583,1.8754228071129475,89.57627118644068,36.047457627118646,4.0,1.271186440677966,0.0,0.0,0.0,completed,,3,0.6688963210702341,240.894949493058,26.770190635451506,1.4057439999999997,261004_3,run-03
261004_3/run-03/dash_qoe_log_cc-cubic_abr-throughput_signals-cwnd_netem-high-rtt-loss.json.gz,CUBIC,Throughput,cwnd,cc-cubic_abr-throughput_signals-cwnd_netem-high-rtt-loss,True,596.333332,598.2013000000119,1.7974000000059605,0.07056800000588193,0.0,0,0,0.0,0.177434,99.83277591973244,0.0,0,1180,137.70577118644067,146.267,1.356898133306622,1.4396979439549098,0.5084745762711864,14.68813559322034,1.0,17.71186440677966,1.1138786105746363,3.511904761904759,5.762711864406779,completed,,3,0.8347245409015025,250.67643097790605,15.408859766277127,0.177434,261004_3,run-03
261004_3/run-03/dash_qoe_log_cc-bbr_abr-throughput_signals-rtt-cwnd_netem-high-rtt-loss.json.gz,BBR,Throughput,rtt+cwnd,cc-bbr_abr-throughput_signals-rtt-cwnd_netem-high-rtt-loss,True,596.458332,597.9415,1.5439000000059604,0,0.0,0,5,0.9899328859060402,1.3933784630872483,1.0050251256281406,98.82747068676717,0,1191,148.19675482787574,161.8055,1.461774028212363,1.6002204140629728,12.510495382031905,77.53064651553316,1.0,9.991603694374476,1.3278690818769314,3.7037037037037033,22.83795130142737,completed,,3,0.0,256.64116666535534,25.232318333333332,1.393278850698973,261004_3,run-03
261004_3/run-03/dash_qoe_log_cc-cubic_abr-bola_signals-rtt-loss_netem-stable-8mbit.json.gz,CUBIC,BOLA,rtt+loss,cc-cubic_abr-bola_signals-rtt-loss_netem-stable-8mbit,True,596.458332,596.8837000000178,0.5447000000178814,0,0.0,0,1,0.9983221476510067,1.4036830771812079,0.16778523489932887,99.83221476510067,0,1188,202.46355639730638,494.12979999999936,11.000213896709923,26.895808839538397,99.91582491582491,247.03703703703704,10.0,11.531986531986531,0.0,0.0,0.0,completed,,3,0.667779632721202,231.88924370017372,26.692514190317198,1.4057439999999994,261004_3,run-03
261004_3/run-03/dash_qoe_log_cc-cubic_abr-bola_signals-none_netem-stable-8mbit.json.gz,CUBIC,BOLA,none,cc-cubic_abr-bola_signals-none_netem-stable-8mbit,True,596.458332,596.8602999999821,0.44509999999403954,0,0.0,0,1,0.9983221476510067,1.4036830771812079,0.16778523489932887,99.83221476510067,0,1191,202.83790512174645,513.077,10.9987771020401,27.81809802645847,99.8320738874895,246.0159529806885,10.0,12.090680100755668,0.0,0.0,0.0,completed,,3,0.0,264.5228714523013,26.672838063439066,1.4057439999999997,261004_3,run-03
261004_3/run-03/dash_qoe_log_cc-cubic_abr-throughput_signals-none_netem-stable-8mbit.json.gz,CUBIC,Throughput,none,cc-cubic_abr-throughput_signals-none_netem-stable-8mbit,True,596.458332,596.862099999994,0.5192999999821186,0,0.0,0,1,0.9983221476510067,1.4036830771812079,0.16778523489932887,99.83221476510067,0,1180,203.07141610169492,505.7287499999992,10.975047191801927,27.46585292999507,99.83050847457628,247.41525423728814,10.0,11.186440677966102,0.0,0.0,0.0,completed,,3,0.8361204013377926,239.37183810964,26.713302675585286,1.4057440000000012,261004_3,run-03
261004_3/run-03/dash_qoe_log_cc-bbr_abr-throughput_signals-cwnd-loss_netem-stable-8mbit.json.gz,BBR,Throughput,cwnd+loss,cc-bbr_abr-throughput_signals-cwnd-loss_netem-stable-8mbit,True,596.458332,596.837800000012,0.5035,0,0.0,0,1,0.9983221476510067,1.4036830771812079,0.16778523489932887,99.83221476510067,0,1188,30.263006734006733,34.066,1.6364553541658566,1.8487002767677865,89.22558922558923,36.284511784511785,4.0,1.0101010101010102,0.0,0.0,0.0,completed,,3,0.16722408026755853,253.7423785573973,26.767247491638795,1.4057440000000003,261004_3,run-03
261004_3/run-03/dash_qoe_log_cc-bbr_abr-throughput_signals-rtt-loss_netem-stable-8mbit.json.gz,BBR,Throughput,rtt+loss,cc-bbr_abr-throughput_signals-rtt-loss_netem-stable-8mbit,True,596.458332,596.8737999999821,0.5380999999940396,0,0.0,0,1,0.9983221476510067,1.4036830771812079,0.16778523489932887,99.83221476510067,0,1191,30.662502099076406,35.6105,1.6624184588970368,1.9315994787730015,91.85558354324097,35.953820319059616,4.0,0.9235936188077246,0.0,0.0,0.0,completed,,3,0.16722408026755853,259.1098827442132,26.759289297658864,1.4057440000000012,261004_3,run-03
261004_3/run-03/dash_qoe_log_cc-bbr_abr-throughput_signals-rtt_netem-constrained-2mbit.json.gz,BBR,Throughput,rtt,cc-bbr_abr-throughput_signals-rtt_netem-constrained-2mbit,True,596.4,597.155,0.8147999999821186,0,0.0,0,27,0.8859060402684564,1.2656012483221477,11.390284757118929,88.44221105527639,0,1193,98.56239228834869,114.28199999999998,1.900367207872826,2.199415933338525,97.82062028499581,28.447611064543167,4.0,3.93964794635373,0.42571295761212413,2.5316455696202533,12.657166806370494,completed,,3,0.1669449081803005,301.8698996643857,18.72967278797997,1.265791059808634,261004_3,run-03
261004_3/run-03/dash_qoe_log_cc-cubic_abr-bola_signals-rtt-cwnd-loss_netem-constrained-2mbit.json.gz,CUBIC,BOLA,rtt+cwnd+loss,cc-cubic_abr-bola_signals-rtt-cwnd-loss_netem-constrained-2mbit,True,596.4,597.225,0.8212000000178814,0.0037999999821640706,0.0,0,40,0.04522613065326633,0.23298570854271358,95.47738693467336,4.522613065326633,38,1193,134.9879849119866,214.48559999999992,2.609757833474259,4.153870144046157,97.73679798826488,23.35959765297569,5.0,48.86839899413244,0.6149291333323483,2.8907563025209972,8.885163453478626,completed,,3,0.0,279.0558528425702,9.1688745819398,0.23532802461993135,261004_3,run-03
261004_3/run-03/dash_qoe_log_cc-bbr_abr-throughput_signals-cwnd_netem-stable-8mbit.json.gz,BBR,Throughput,cwnd,cc-bbr_abr-throughput_signals-cwnd_netem-stable-8mbit,True,596.458332,596.878099999994,0.5365999999940395,0,0.0,0,1,0.9983221476510067,1.4036830771812079,0.16778523489932887,99.83221476510067,0,1188,30.67820707070707,34.656,1.6578718253946036,1.8825603471657173,92.42424242424242,35.86447811447812,4.0,1.2626262626262625,0.0,0.0,0.0,completed,,3,0.33444816053511706,273.54546979399737,26.747138795986622,1.4057440000000003,261004_3,run-03
261004_3/run-03/dash_qoe_log_cc-bbr_abr-throughput_signals-rtt_netem-stable-8mbit.json.gz,BBR,Throughput,rtt,cc-bbr_abr-throughput_signals-rtt_netem-stable-8mbit,True,596.4,596.890099999994,0.5685,0,0.0,0,1,0.9983221476510067,1.4036830771812079,0.16778523489932887,99.83221476510067,0,1188,30.962589225589223,34.795,1.6678379400663048,1.8839755889721295,90.57239057239057,36.03956228956229,4.0,1.1784511784511784,0.0,0.0,0.0,completed,,3,0.333889816360601,257.85477387256157,26.729901502504173,1.4057440000000003,261004_3,run-03
261004_3/run-03/dash_qoe_log_cc-cubic_abr-throughput_signals-rtt-cwnd_netem-constrained-2mbit.json.gz,CUBIC,Throughput,rtt+cwnd,cc-cubic_abr-throughput_signals-rtt-cwnd_netem-constrained-2mbit,True,596.4,597.1596999999881,0.8370999999940395,0,0.0,0,54,0.09899328859060402,0.2990284463087248,89.94974874371859,9.882747068676716,40,1193,132.95511651299245,214.21319999999963,2.5743858832904274,4.1369897252443675,98.49119865884325,22.694048616932104,2.0,46.102263202011734,0.7738454571672102,3.355932203389823,8.801341156747695,completed,,3,0.0,279.7612040125606,9.286677257525083,0.30043754659599914,261004_3,run-03
261004_3/run-03/dash_qoe_log_cc-cubic_abr-throughput_signals-none_netem-high-rtt-loss.json.gz,CUBIC,Throughput,none,cc-cubic_abr-throughput_signals-none_netem-high-rtt-loss,True,596.458332,597.8988000000119,1.5039000000059604,0,0.0,0,0,0.0,0.177434,99.83249581239531,0.0,0,1187,137.36246756529067,145.329,1.3534417071771183,1.437989788648777,0.33698399326032014,14.984835720303286,1.0,19.12384161752317,0.9455400957655241,3.8989441930618436,6.149957877000842,completed,,3,0.1669449081803005,229.06939799071952,15.180232053422372,0.1774340000000001,261004_3,run-03
261004_3/run-03/dash_qoe_log_cc-bbr_abr-bola_signals-rtt-cwnd_netem-constrained-2mbit.json.gz,BBR,BOLA,rtt+cwnd,cc-bbr_abr-bola_signals-rtt-cwnd_netem-constrained-2mbit,True,596.4,597.136599999994,0.7117999999821186,0.02480000001192273,0.0,0,21,0.8894472361809045,1.2699509346733668,11.055276381909549,88.94472361809045,0,1192,100.02006208053692,121.68385000000002,1.9370610638735368,2.339683623312789,98.74161073825503,28.924496644295303,1.0,4.026845637583893,0.5156046576438332,2.4390243902439024,12.416107382550335,completed,,3,0.1669449081803005,285.9913043487431,18.657644407345575,1.271897897481918,261004_3,run-03
261004_3/run-03/dash_qoe_log_cc-cubic_abr-throughput_signals-cwnd_netem-constrained-2mbit.json.gz,CUBIC,Throughput,cwnd,cc-cubic_abr-throughput_signals-cwnd_netem-constrained-2mbit,True,596.4,597.212900000006,0.7151000000238419,0.0977999999821968,0.0,0,15,0.8911222780569514,1.2720084053601342,10.887772194304858,89.11222780569514,3,1196,176.36522491638797,295.73474999999996,3.420015655722643,5.759206494799087,99.08026755852843,29.785117056856187,1.0,67.80936454849498,0.6820367501600041,2.8169014084507045,13.461538461538462,completed,,3,0.0,272.015719066645,18.98105685618729,1.273687243198815,261004_3,run-03
261004_3/run-03/dash_qoe_log_cc-cubic_abr-bola_signals-cwnd_netem-stable-8mbit.json.gz,CUBIC,BOLA,cwnd,cc-cubic_abr-bola_signals-cwnd_netem-stable-8mbit,True,596.458332,596.8640999999941,0.510699999988079,0,0.0,0,1,0.9983221476510067,1.4036830771812079,0.16778523489932887,99.83221476510067,0,1188,198.08000168350168,499.654,10.761884511151328,27.21130595795665,99.66329966329967,243.04040404040404,10.0,12.962962962962964,0.0,0.0,0.0,completed,,3,0.33444816053511706,241.6481543660864,26.75363712374582,1.405744000000001,261004_3,run-03
261004_3/run-03/dash_qoe_log_cc-cubic_abr-bola_signals-cwnd-loss_netem-high-rtt-loss.json.gz,CUBIC,BOLA,cwnd+loss,cc-cubic_abr-bola_signals-cwnd-loss_netem-high-rtt-loss,True,596.333332,597.8142000000179,1.3769000000059604,0.10396800001187523,0.0,0,0,0.0,0.177434,99.83249581239531,0.0,0,1185,136.79184219409285,145.247,1.3437624442269471,1.4302522104767443,0.0,13.913924050632911,1.0,20.928270042194093,1.064354880524473,4.133333333333326,5.654008438818566,completed,,3,0.6666666666666666,271.87953019947213,14.110665,0.177434,261004_3,run-03
261004_3/run-03/dash_qoe_log_cc-cubic_abr-throughput_signals-rtt-loss_netem-stable-8mbit.json.gz,CUBIC,Throughput,rtt+loss,cc-cubic_abr-throughput_signals-rtt-loss_netem-stable-8mbit,True,596.458332,596.8613999999761,0.4502999999821186,0,0.0,0,1,0.9983221476510067,1.4036830771812079,0.16778523489932887,99.83221476510067,0,1190,199.84964789915966,495.99049999999875,10.85622288214823,27.033964529331442,99.83193277310924,244.40924369747898,10.0,10.840336134453782,0.0,0.0,0.0,completed,,3,0.1669449081803005,273.8931438170847,26.67814023372287,1.405744,261004_3,run-03
261004_3/run-03/dash_qoe_log_cc-cubic_abr-throughput_signals-cwnd-loss_netem-constrained-2mbit.json.gz,CUBIC,Throughput,cwnd+loss,cc-cubic_abr-throughput_signals-cwnd-loss_netem-constrained-2mbit,True,596.4,597.1406999999881,0.8035,0,0.0,0,41,0.7449664429530202,1.092483731543624,25.4606365159129,74.37185929648241,6,1190,168.6485680672269,279.4788,3.260138356837549,5.399520766935899,99.49579831932773,28.569747899159665,5.0,66.89075630252101,0.6632090373761168,3.0303030303030303,12.857142857142858,completed,,3,0.0,293.75602007231186,16.89610033444816,1.0927529400050253,261004_3,run-03
261004_3/run-03/dash_qoe_log_cc-cubic_abr-bola_signals-loss_netem-high-rtt-loss.json.gz,CUBIC,BOLA,loss,cc-cubic_abr-bola_signals-loss_netem-high-rtt-loss,True,596.333332,597.670599999994,1.337399999976158,0,0.0,0,0,0.0,0.177434,99.83249581239531,0.0,0,1182,137.3348798646362,146.229,1.3604749721060625,1.4539446339256417,1.015228426395939,14.769035532994923,1.0,19.37394247038917,1.3264997702570285,3.6158357771261183,5.83756345177665,completed,,3,0.667779632721202,250.66067226714446,14.129096828046745,0.17743400000000006,261004_3,run-03
261004_3/run-03/dash_qoe_log_cc-cubic_abr-bola_signals-rtt_netem-stable-8mbit.json.gz,CUBIC,BOLA,rtt,cc-cubic_abr-bola_signals-rtt_netem-stable-8mbit,True,596.4,596.8873000000119,0.4708000000119209,0.016500000000020942,0.0,0,1,0.9983221476510067,1.4036830771812079,0.16778523489932887,99.83221476510067,0,1186,199.41332967959528,528.518,10.835049742804316,28.767581101676463,99.91568296795953,242.38870151770658,10.0,12.057335581787521,0.0,0.0,0.0,completed,,3,0.1669449081803005,238.64147157398952,26.6831469115192,1.4057439999999997,261004_3,run-03
261004_3/run-03/dash_qoe_log_cc-cubic_abr-bola_signals-loss_netem-constrained-2mbit.json.gz,CUBIC,BOLA,loss,cc-cubic_abr-bola_signals-loss_netem-constrained-2mbit,True,596.4,598.469,2.014899999976158,0.05410000002391557,0.0,0,27,0.8676716917922948,1.2432038157453937,13.23283082077052,86.76716917922948,1,1191,170.92630394626366,288.922,3.304982228287658,5.632996042190637,97.73299748110831,28.14273719563392,2.0,70.69689336691856,0.5043517285023013,2.73972602739726,13.853904282115868,completed,,3,0.3333333333333333,276.46287625509757,18.403579999999998,1.242880326792644,261004_3,run-03
261004_3/run-03/dash_qoe_log_cc-cubic_abr-throughput_signals-rtt-cwnd_netem-stable-8mbit.json.gz,CUBIC,Throughput,rtt+cwnd,cc-cubic_abr-throughput_signals-rtt-cwnd_netem-stable-8mbit,True,596.458332,596.8416999999881,0.48669999998807906,0,0.0,0,1,0.9983221476510067,1.4036830771812079,0.16778523489932887,99.83221476510067,0,1187,200.40752148272958,480.11410000000006,10.871375813305349,26.090321704162598,99.74726200505476,244.90817186183656,10.0,10.867733782645324,0.0,0.0,0.0,completed,,3,0.1669449081803005,246.3603678910828,26.68547245409015,1.4057439999999997,261004_3,run-03
261004_3/run-04/dash_qoe_log_cc-bbr_abr-throughput_signals-rtt_netem-constrained-2mbit.json.gz,BBR,Throughput,rtt,cc-bbr_abr-throughput_signals-rtt_netem-constrained-2mbit,True,596.4,597.3253000000119,0.8215,0.10380000001193002,0.0,0,21,0.8458961474036851,1.2164566968174204,15.410385259631491,84.5896147403685,0,1190,98.88812857142858,117.553,1.9033480875857263,2.263380273934163,98.90756302521008,28.87142857142857,1.0,3.7815126050420167,0.4803369697890466,2.7992957746478857,13.697478991596638,completed,,4,0.16722408026755853,224.231155776698,18.096923076923076,1.2171944359750841,261004_3,run-04
261004_3/run-04/dash_qoe_log_cc-cubic_abr-throughput_signals-rtt-cwnd_netem-stable-8mbit.json.gz,CUBIC,Throughput,rtt+cwnd,cc-cubic_abr-throughput_signals-rtt-cwnd_netem-stable-8mbit,True,596.4,596.870599999994,0.5107999999821186,0,0.0,0,1,0.9983221476510067,1.4036830771812079,0.16778523489932887,99.83221476510067,0,1194,201.85550251256282,541.4843499999992,10.959459211701258,29.471743863277588,99.74874371859296,245.52010050251258,10.0,11.809045226130653,0.0,0.0,0.0,completed,,4,0.0,296.68113522885835,26.721489148580968,1.4057439999999974,261004_3,run-04
261004_3/run-04/dash_qoe_log_cc-cubic_abr-bola_signals-rtt-loss_netem-stable-8mbit.json.gz,CUBIC,BOLA,rtt+loss,cc-cubic_abr-bola_signals-rtt-loss_netem-stable-8mbit,True,596.458332,596.86,0.5089000000059605,0,0.0,0,1,0.9983221476510067,1.4036830771812079,0.16778523489932887,99.83221476510067,0,1191,197.08102350965575,478.87,10.669363677800936,26.085085521298616,99.8320738874895,238.29135180520572,10.0,11.335012594458439,0.0,0.0,0.0,completed,,4,0.1669449081803005,222.79280936394048,26.684707846410685,1.405744,261004_3,run-04
261004_3/run-04/dash_qoe_log_cc-cubic_abr-bola_signals-loss_netem-high-rtt-loss.json.gz,CUBIC,BOLA,loss,cc-cubic_abr-bola_signals-loss_netem-high-rtt-loss,True,596.4,597.6128000000119,1.296300000011921,0,0.0,0,4,0.003355704697986577,0.1815558456375839,99.49748743718592,0.33500837520938026,1,1189,138.54402186711522,150.2728,1.356817821274055,1.4616995976931766,1.4297729184188395,15.89991589571068,3.0,22.455845248107654,1.0151331230068532,3.4248977206312046,6.223717409587889,completed,,4,0.667779632721202,332.15731092100384,13.546382303839733,0.18170604274679408,261004_3,run-04
261004_3/run-04/dash_qoe_log_cc-bbr_abr-bola_signals-rtt-cwnd-loss_netem-constrained-2mbit.json.gz,BBR,BOLA,rtt+cwnd+loss,cc-bbr_abr-bola_signals-rtt-cwnd-loss_netem-constrained-2mbit,True,596.4,597.2171000000238,0.8295,0,0.0,0,11,0.9380234505862647,1.3296175845896148,6.197654941373535,93.80234505862647,0,1195,98.62360418410042,114.6464,1.9043521949888094,2.2243704017210133,98.99581589958159,28.6836820083682,4.0,3.8493723849372383,0.7379165153990948,2.6666666666666665,14.476987447698745,completed,,4,0.0,271.890468229169,19.721108695652173,1.3319398966752232,261004_3,run-04
261004_3/run-04/dash_qoe_log_cc-cubic_abr-bola_signals-rtt-cwnd-loss_netem-constrained-2mbit.json.gz,CUBIC,BOLA,rtt+cwnd+loss,cc-cubic_abr-bola_signals-rtt-cwnd-loss_netem-constrained-2mbit,True,596.4,597.2147999999821,0.7378999999761582,0.07690000000598407,0.0,0,66,0.06700167504187604,0.25973282747068677,93.2998324958124,6.700167504187605,39,1195,132.0225238493724,220.5351,2.5900053968634777,4.324705579636997,98.57740585774059,22.076150627615064,2.0,51.88284518828452,0.6135427644208612,3.278688524590164,10.96234309623431,completed,,4,0.0,301.32554257329,9.310904841402337,0.2602186594212192,261004_3,run-04
261004_3/run-04/dash_qoe_log_cc-cubic_abr-bola_signals-cwnd-loss_netem-high-rtt-loss.json.gz,CUBIC,BOLA,cwnd+loss,cc-cubic_abr-bola_signals-cwnd-loss_netem-high-rtt-loss,True,596.458332,597.5631999999881,1.2155999999940394,0,0.0,0,2,0.0016778523489932886,0.17949492281879192,99.66499162479062,0.16750418760469013,2,1184,138.52351266891893,148.02284999999998,1.348766841286423,1.441465655378901,0.5912162162162162,15.09375,1.0,20.69256756756757,1.0464792363444506,3.5529556650246192,6.16554054054054,completed,,4,1.0,269.63956229403766,13.73711,0.17949503451579665,261004_3,run-04
261004_3/run-04/dash_qoe_log_cc-bbr_abr-throughput_signals-cwnd-loss_netem-stable-8mbit.json.gz,BBR,Throughput,cwnd+loss,cc-bbr_abr-throughput_signals-cwnd-loss_netem-stable-8mbit,True,596.458332,596.8740999999941,0.5425,0,0.0,0,1,0.9983221476510067,1.4036830771812079,0.16778523489932887,99.83221476510067,0,1191,30.654665827036105,34.658,1.6633939005633491,1.8833822410607544,93.03106633081444,36.026028547439125,4.0,1.0915197313182199,0.0,0.0,0.0,completed,,4,0.0,261.3411371206061,26.748834448160537,1.4057440000000008,261004_3,run-04
261004_3/run-04/dash_qoe_log_cc-cubic_abr-throughput_signals-cwnd-loss_netem-constrained-2mbit.json.gz,CUBIC,Throughput,cwnd+loss,cc-cubic_abr-throughput_signals-cwnd-loss_netem-constrained-2mbit,True,596.4,597.2091000000238,0.7472000000178813,0.06190000000593687,0.0,0,16,0.8324958123953099,1.1999969313232832,16.75041876046901,83.24958123953098,3,1194,158.97019346733668,308.35699999999997,3.027812366113925,5.987747743110895,98.3249581239531,27.162479061976548,1.0,64.40536013400335,0.8245525066863482,3.0303030303030303,14.991624790619765,completed,,4,0.0,249.69063545210307,18.989270903010034,1.2026811380172722,261004_3,run-04
261004_3/run-04/dash_qoe_log_cc-cubic_abr-throughput_signals-cwnd_netem-constrained-2mbit.json.gz,CUBIC,Throughput,cwnd,cc-cubic_abr-throughput_signals-cwnd_netem-constrained-2mbit,True,596.4,597.2921000000239,0.7884000000059604,0.10370000001794144,0.0,0,60,0.135678391959799,0.3440891256281407,86.4321608040201,13.5678391959799,22,1194,133.70174371859298,239.7680999999999,2.57630947262819,4.400786756581702,98.74371859296483,23.193467336683415,2.0,49.83249581239531,0.6924894494115602,3.3735632183907946,11.139028475711893,completed,,4,0.0,256.5233722899812,8.298422370617697,0.3456547315938097,261004_3,run-04
261004_3/run-04/dash_qoe_log_cc-bbr_abr-throughput_signals-rtt-loss_netem-stable-8mbit.json.gz,BBR,Throughput,rtt+loss,cc-bbr_abr-throughput_signals-rtt-loss_netem-stable-8mbit,True,596.458332,596.879,0.5329000000059605,0,0.0,0,1,0.9983221476510067,1.4036830771812079,0.16778523489932887,99.83221476510067,0,1181,30.970311600338697,34.716,1.6742625917598728,1.881932021466905,94.66553767993226,36.209144792548685,4.0,1.4394580863674853,0.0,0.0,0.0,completed,,4,0.5008347245409015,266.4511745007046,26.694053422370615,1.4057439999999997,261004_3,run-04
261004_3/run-04/dash_qoe_log_cc-bbr_abr-bola_signals-loss_netem-high-rtt-loss.json.gz,BBR,BOLA,loss,cc-bbr_abr-bola_signals-loss_netem-high-rtt-loss,True,596.458332,597.701199999988,1.2996999999880792,0,0.0,0,15,0.9463087248322147,1.339794469798658,5.360134003350084,94.47236180904522,2,1194,147.64398408710215,160.769,1.451857933358487,1.5865470814823577,12.981574539363484,78.01926298157454,2.0,9.798994974874372,1.2906342974568896,3.790409806513636,23.115577889447238,completed,,4,0.1669449081803005,247.7399665519944,24.41550751252087,1.339608114262289,261004_3,run-04
261004_3/run-04/dash_qoe_log_cc-cubic_abr-throughput_signals-none_netem-stable-8mbit.json.gz,CUBIC,Throughput,none,cc-cubic_abr-throughput_signals-none_netem-stable-8mbit,True,596.458332,596.889,0.5317999999821186,0,0.0,0,1,0.9983221476510067,1.4036830771812079,0.16778523489932887,99.83221476510067,0,1184,201.19625422297295,536.473,10.9130077158961,29.13081016507385,99.83108108108108,245.92567567567568,10.0,11.655405405405405,0.0,0.0,0.0,completed,,4,0.5008347245409015,235.65285234813322,26.654711185308848,1.405744,261004_3,run-04
261004_3/run-04/dash_qoe_log_cc-cubic_abr-bola_signals-rtt-cwnd-loss_netem-stable-8mbit.json.gz,CUBIC,BOLA,rtt+cwnd+loss,cc-cubic_abr-bola_signals-rtt-cwnd-loss_netem-stable-8mbit,True,596.4,596.891,0.45430000001192095,0.0366999999880645,0.0,0,1,0.9983221476510067,1.4036830771812079,0.16778523489932887,99.83221476510067,0,1182,199.93519035532995,497.146,10.826528620745563,27.064401981599435,99.83079526226734,242.98054145516073,10.0,12.436548223350254,0.0,0.0,0.0,completed,,4,0.5008347245409015,253.01291946586747,26.69942737896494,1.4057440000000003,261004_3,run-04
261004_3/run-04/dash_qoe_log_cc-bbr_abr-throughput_signals-rtt-cwnd_netem-high-rtt-loss.json.gz,BBR,Throughput,rtt+cwnd,cc-bbr_abr-throughput_signals-rtt-cwnd_netem-high-rtt-loss,True,596.4,597.803300000012,1.2895,0.11380000001199542,0.0,0,3,0.9949664429530202,1.399561231543624,0.5025125628140703,99.32998324958123,0,1188,148.36117845117843,161.242,1.4597717527272165,1.600766932073149,15.404040404040405,77.64225589225589,1.0,8.501683501683502,1.9202440409250805,4.1224747474747305,23.063973063973062,completed,,4,0.667779632721202,245.67630252397362,25.387939899833054,1.3995618235032858,261004_3,run-04
261004_3/run-04/dash_qoe_log_cc-bbr_abr-bola_signals-rtt-cwnd_netem-stable-8mbit.json.gz,BBR,BOLA,rtt+cwnd,cc-bbr_abr-bola_signals-rtt-cwnd_netem-stable-8mbit,True,596.4,596.8907000000179,0.5786000000238418,0,0.0,0,1,0.9983221476510067,1.4036830771812079,0.16778523489932887,99.83221476510067,0,1183,30.463688081149616,34.751,1.6536436135430816,1.8893364541941102,93.15300084530854,35.5519864750634,4.0,1.4370245139475908,0.0,0.0,0.0,completed,,4,0.33444816053511706,282.9077181186052,26.791235785953177,1.405744000000001,261004_3,run-04
261004_3/run-04/dash_qoe_log_cc-cubic_abr-bola_signals-none_netem-constrained-2mbit.json.gz,CUBIC,BOLA,none,cc-cubic_abr-bola_signals-none_netem-constrained-2mbit,True,596.458332,597.204900000006,0.8465999999940396,0,0.0,0,23,0.8626465661641541,1.2370314036850922,13.73534338358459,86.26465661641541,0,1183,172.0277819103973,341.1398999999998,3.3034883730207794,6.638512882384988,98.73203719357565,29.238377007607777,1.0,65.42688081149619,1.005726550440086,3.278688524590164,14.96196111580727,completed,,4,0.5008347245409015,265.39999999976,18.923818030050082,1.2393430582382248,261004_3,run-04
261004_3/run-04/dash_qoe_log_cc-cubic_abr-throughput_signals-none_netem-high-rtt-loss.json.gz,CUBIC,Throughput,none,cc-cubic_abr-throughput_signals-none_netem-high-rtt-loss,True,596.458332,597.588900000006,1.2588000000119208,0,0.0,0,6,0.003355704697986577,0.1815558456375839,99.49748743718592,0.33500837520938026,0,1183,137.58434319526626,147.097,1.3570756841065044,1.4411390720643464,0.5071851225697379,14.897717666948436,2.0,19.8647506339814,0.852227320360517,3.7037037037037033,6.3398140321217245,completed,,4,0.6666666666666666,330.3171140960099,14.903273333333333,0.1815559881303965,261004_3,run-04
261004_3/run-04/dash_qoe_log_cc-cubic_abr-throughput_signals-rtt-cwnd_netem-constrained-2mbit.json.gz,CUBIC,Throughput,rtt+cwnd,cc-cubic_abr-throughput_signals-rtt-cwnd_netem-constrained-2mbit,True,596.4,597.4365,0.8005999999940395,0.23590000000600686,0.0,0,36,0.048576214405360134,0.2371006499162479,95.14237855946399,4.857621440536013,41,1192,135.37462919463087,226.45295000000004,2.615675160678662,4.309631816818266,98.8255033557047,23.31963087248322,2.0,47.986577181208055,0.9259180635725797,3.0512820512820538,11.241610738255034,completed,,4,0.0,239.9949832762464,9.065804347826086,0.2373595876284467,261004_3,run-04
261004_3/run-04/dash_qoe_log_cc-bbr_abr-throughput_signals-rtt_netem-stable-8mbit.json.gz,BBR,Throughput,rtt,cc-bbr_abr-throughput_signals-rtt_netem-stable-8mbit,True,596.458332,596.8818000000119,0.5334000000059604,0,0.0,0,1,0.9983221476510067,1.4036830771812079,0.16778523489932887,99.83221476510067,0,1187,30.826644481887108,34.155,1.6612888164171005,1.8542301000434969,94.86099410278011,36.19292333614153,4.0,0.2527379949452401,0.0,0.0,0.0,completed,,4,0.667779632721202,215.5512605003449,26.723479131886478,1.4057440000000003,261004_3,run-04
261004_3/run-04/dash_qoe_log_cc-bbr_abr-bola_signals-rtt_netem-constrained-2mbit.json.gz,BBR,BOLA,rtt,cc-bbr_abr-bola_signals-rtt_netem-constrained-2mbit,True,596.4,597.2177000000179,0.7899000000059605,0.027800000011947268,0.0,0,21,0.8743718592964824,1.2514336984924623,12.56281407035176,87.43718592964824,0,1198,100.97542070116862,128.77379999999997,1.9409799432169101,2.4931093855875126,98.58096828046745,28.819699499165274,4.0,4.257095158597663,0.7166026306243516,2.7836463223787113,14.273789649415694,completed,,4,0.0,240.6143333378931,18.860025,1.2535532951850181,261004_3,run-04
261004_3/run-04/dash_qoe_log_cc-cubic_abr-throughput_signals-cwnd_netem-high-rtt-loss.json.gz,CUBIC,Throughput,cwnd,cc-cubic_abr-throughput_signals-cwnd_netem-high-rtt-loss,True,596.458332,597.5719000000059,1.2295999999940395,0,0.0,0,6,0.0050335570469798654,0.18361676845637584,99.32998324958123,0.5025125628140703,0,1192,138.3824538590604,146.247,1.356879541896079,1.439601802336046,1.2583892617449663,14.968959731543624,1.0,19.71476510067114,1.1118861701767786,3.170362903225811,5.7885906040268456,completed,,4,0.1669449081803005,314.89966555168996,15.09148080133556,0.1840703347632931,261004_3,run-04
261004_3/run-04/dash_qoe_log_cc-cubic_abr-bola_signals-loss_netem-constrained-2mbit.json.gz,CUBIC,BOLA,loss,cc-cubic_abr-bola_signals-loss_netem-constrained-2mbit,True,596.4,597.2965,0.8555,0.04100000000005999,0.0,0,33,0.8793969849246231,1.2576061105527638,12.06030150753769,87.93969849246231,0,1192,163.1363053691275,290.47755000000006,3.14360641797021,5.622256574160256,99.24496644295301,27.514261744966444,1.0,66.02348993288591,0.5990435353211843,3.0054274084124852,15.016778523489933,completed,,4,0.0,233.26126878388936,19.179756260434054,1.259420629092105,261004_3,run-04
261004_3/run-04/dash_qoe_log_cc-bbr_abr-throughput_signals-rtt-loss_netem-constrained-2mbit.json.gz,BBR,Throughput,rtt+loss,cc-bbr_abr-throughput_signals-rtt-loss_netem-constrained-2mbit,True,596.4,597.224099999994,0.8599000000059605,0,0.0,0,23,0.8860971524288107,1.2658359932998327,11.390284757118929,88.60971524288107,0,1192,98.2712667785235,114.40635000000002,1.894837506593096,2.222943613482971,98.74161073825503,28.64513422818792,4.0,3.942953020134228,0.8340921355773049,2.7744549488713135,13.758389261744966,completed,,4,0.1669449081803005,244.94966555080285,17.876196994991652,1.2680555279369898,261004_3,run-04
261004_3/run-04/dash_qoe_log_cc-cubic_abr-bola_signals-cwnd_netem-stable-8mbit.json.gz,CUBIC,BOLA,cwnd,cc-cubic_abr-bola_signals-cwnd_netem-stable-8mbit,True,596.458332,596.8776000000238,0.5303000000119209,0,0.0,0,1,0.9983221476510067,1.4036830771812079,0.16778523489932887,99.83221476510067,0,1189,196.77390075693862,479.9445999999998,10.684824911191486,26.14362130951083,99.74768713204374,238.9318755256518,10.0,11.606391925988225,0.0,0.0,0.0,completed,,4,0.333889816360601,278.02730318264946,26.65590651085142,1.4057440000000008,261004_3,run-04
261004_3/run-04/dash_qoe_log_cc-bbr_abr-bola_signals-rtt_netem-high-rtt-loss.json.gz,BBR,BOLA,rtt,cc-bbr_abr-bola_signals-rtt_netem-high-rtt-loss,True,596.458332,597.5194000000059,1.165300000011921,0,0.0,0,9,0.9681208053691275,1.366586466442953,3.1825795644891124,96.64991624790619,0,1186,148.65252613827994,162.23225,1.4562397371045634,1.601509477190231,12.39460370994941,78.26138279932546,2.0,8.937605396290051,1.7094147507134339,4.071325499896929,23.777403035413155,completed,,4,0.5,267.76515913189354,24.854851666666665,1.3666349039512378,261004_3,run-04
261004_3/run-04/dash_qoe_log_cc-bbr_abr-throughput_signals-cwnd_netem-stable-8mbit.json.gz,BBR,Throughput,cwnd,cc-bbr_abr-throughput_signals-cwnd_netem-stable-8mbit,True,596.458332,596.8938999999762,0.539,0,0.0,0,1,0.9983221476510067,1.4036830771812079,0.16778523489932887,99.83221476510067,0,1185,30.58559746835443,33.451,1.6462621672000395,1.8176619163438257,91.56118143459915,36.0548523206751,4.0,0.8438818565400844,0.0,0.0,0.0,completed,,4,0.667779632721202,208.37949579874007,26.744479131886475,1.4057439999999992,261004_3,run-04
261004_3/run-04/dash_qoe_log_cc-cubic_abr-bola_signals-rtt_netem-stable-8mbit.json.gz,CUBIC,BOLA,rtt,cc-cubic_abr-bola_signals-rtt_netem-stable-8mbit,True,596.4,596.889,0.4566999999880791,0.032300000011953656,0.0,0,1,0.9983221476510067,1.4036830771812079,0.16778523489932887,99.83221476510067,0,1193,201.68432103939648,515.9939999999996,10.918418919881487,27.967601342183595,99.91617770326907,243.74518021793799,10.0,10.896898575020955,0.0,0.0,0.0,completed,,4,0.0,233.16889631778102,26.727663879598662,1.4057439999999997,261004_3,run-04
261004_3/run-04/dash_qoe_log_cc-bbr_abr-bola_signals-rtt-cwnd_netem-constrained-2mbit.json.gz,BBR,BOLA,rtt+cwnd,cc-bbr_abr-bola_signals-rtt-cwnd_netem-constrained-2mbit,True,596.4,597.2174000000059,0.8415999999940396,0,0.0,0,21,0.8525963149078727,1.2246865795644892,14.74036850921273,85.25963149078727,0,1188,100.61644360269361,139.361,1.932281426042545,2.6255799041979406,98.9057239057239,28.978114478114477,4.0,3.1144781144781146,0.6320279515314037,2.7777777777777777,14.141414141414142,completed,,4,0.16722408026755853,231.10854271413692,18.06888795986622,1.2267223955174174,261004_3,run-04
261004_3/run-04/dash_qoe_log_cc-cubic_abr-throughput_signals-rtt_netem-constrained-2mbit.json.gz,CUBIC,Throughput,rtt,cc-cubic_abr-throughput_signals-rtt_netem-constrained-2mbit,True,596.4,597.194900000006,0.7972000000178814,0,0.0,0,62,0.09380234505862646,0.2926523584589615,90.61976549413735,9.380234505862646,37,1194,131.68384254606366,229.92564999999996,2.5550187548348853,4.421471719244706,98.49246231155779,22.731155778894472,2.0,47.98994974874372,0.716675489299281,3.0303030303030303,10.469011725293132,completed,,4,0.0,286.2816053548186,9.0001254180602,0.2930552309351073,261004_3,run-04
261004_3/run-04/dash_qoe_log_cc-cubic_abr-bola_signals-none_netem-stable-8mbit.json.gz,CUBIC,BOLA,none,cc-cubic_abr-bola_signals-none_netem-stable-8mbit,True,596.458332,596.8638000000119,0.520800000011921,0,0.0,0,1,0.9983221476510067,1.4036830771812079,0.16778523489932887,99.83221476510067,0,1189,198.92106980656013,514.56,10.903951151239545,28.24924512764205,99.91589571068124,241.97897392767032,10.0,11.52228763666947,0.0,0.0,0.0,completed,,4,0.1669449081803005,262.0250836144323,26.67591652754591,1.405743999999999,261004_3,run-04
261004_3/run-04/dash_qoe_log_cc-cubic_abr-throughput_signals-rtt-loss_netem-stable-8mbit.json.gz,CUBIC,Throughput,rtt+loss,cc-cubic_abr-throughput_signals-rtt-loss_netem-stable-8mbit,True,596.4,596.8890999999941,0.4446999999880791,0.04440000000601685,0.0,0,1,0.9983221476510067,1.4036830771812079,0.16778523489932887,99.83221476510067,0,1186,199.9898389544688,506.551,10.835390812318709,27.58842110996133,99.91568296795953,239.54300168634063,10.0,13.15345699831366,0.0,0.0,0.0,completed,,4,0.33444816053511706,269.8387583856215,26.733576923076924,1.4057439999999992,261004_3,run-04
261004_3/run-01/dash_qoe_log_cc-bbr_abr-throughput_signals-rtt_netem-high-rtt-loss.json.gz,BBR,Throughput,rtt,cc-bbr_abr-throughput_signals-rtt_netem-high-rtt-loss,True,596.4,597.788800000012,1.4426000000089407,0,0.0,0,3,0.9949664429530202,1.399561231543624,0.5025125628140703,99.32998324958123,0,1191,146.25710243492864,159.796,1.4344018679148651,1.5723190702588483,12.34256926952141,79.37951301427373,1.0,8.228379513014273,1.385979333345682,3.8838612368024132,23.173803526448363,completed,,1,0.49916805324459235,298.0678929754573,25.18794009983361,1.3996818218275922,261004_3,run-01
261004_3/run-01/dash_qoe_log_cc-bbr_abr-bola_signals-rtt_netem-stable-8mbit.json.gz,BBR,BOLA,rtt,cc-bbr_abr-bola_signals-rtt_netem-stable-8mbit,True,596.458332,596.891900000006,0.48990000000596046,0,0.0,0,1,0.9983221476510067,1.4036830771812079,0.16778523489932887,99.83221476510067,0,1189,30.605848612279225,34.829,1.6662365085598156,1.8904146765089016,93.6080740117746,35.84861227922624,4.0,1.5138772077375946,0.0,0.0,0.0,completed,,1,0.333889816360601,238.49581239543468,26.73048080133556,1.4057440000000003,261004_3,run-01
261004_3/run-01/dash_qoe_log_cc-cubic_abr-throughput_signals-rtt-cwnd-loss_netem-constrained-2mbit.json.gz,CUBIC,Throughput,rtt+cwnd+loss,cc-cubic_abr-throughput_signals-rtt-cwnd-loss_netem-constrained-2mbit,True,596.4,597.308700000003,0.7804000000059604,0.12829999999706254,0.0,0,58,0.05536912751677853,0.24544445302013423,94.30485762144053,5.527638190954774,41,1196,132.65864966555185,220.331,2.5766646045915227,4.244432014978912,98.91304347826087,22.773411371237458,2.0,46.98996655518395,0.7655915775772076,3.0303030303030303,10.117056856187292,completed,,1,0.0,250.63683333280187,8.83339,0.24414625225615538,261004_3,run-01
261004_3/run-01/dash_qoe_log_cc-cubic_abr-bola_signals-cwnd-loss_netem-stable-8mbit.json.gz,CUBIC,BOLA,cwnd+loss,cc-cubic_abr-bola_signals-cwnd-loss_netem-stable-8mbit,True,596.4,596.891700000003,0.5022000000029803,0,0.0,0,1,0.9983221476510067,1.4036830771812079,0.16778523489932887,99.83221476510067,0,1193,202.360384744342,515.227,10.993147150978118,28.079295874434575,100.0,247.48281642917016,10.0,14.752724224643755,0.0,0.0,0.0,completed,,1,0.0,273.93489148523753,26.6490734557596,1.4057440000000005,261004_3,run-01
261004_3/run-01/dash_qoe_log_cc-bbr_abr-throughput_signals-none_netem-stable-8mbit.json.gz,BBR,Throughput,none,cc-bbr_abr-throughput_signals-none_netem-stable-8mbit,True,596.4,596.895099999994,0.5260999999940396,0,0.0,0,1,0.9983221476510067,1.4036830771812079,0.16778523489932887,99.83221476510067,0,1194,30.789187604690117,34.83735,1.67500370974997,1.8972132933805503,93.04857621440536,36.1214405360134,4.0,1.256281407035176,0.0,0.0,0.0,completed,,1,0.0,231.5063439069039,26.729100166944907,1.4057439999999997,261004_3,run-01
261004_3/run-01/dash_qoe_log_cc-bbr_abr-throughput_signals-none_netem-high-rtt-loss.json.gz,BBR,Throughput,none,cc-bbr_abr-throughput_signals-none_netem-high-rtt-loss,True,596.458332,598.7825999999941,2.4049000000059606,0,0.0,0,3,0.9966442953020134,1.401622154362416,0.33500837520938026,99.49748743718592,0,1184,147.30563260135136,160.20234999999997,1.4502698389284328,1.5870003657671607,12.58445945945946,77.31925675675676,4.0,8.868243243243244,1.71725209305882,4.069387755102033,23.56418918918919,completed,,1,0.8333333333333334,222.0351260502549,25.23637833333333,1.4016237018577062,261004_3,run-01
261004_3/run-01/dash_qoe_log_cc-cubic_abr-throughput_signals-none_netem-constrained-2mbit.json.gz,CUBIC,Throughput,none,cc-cubic_abr-throughput_signals-none_netem-constrained-2mbit,True,596.4,597.227200000003,0.7979000000059605,0.029299999997057014,0.0,0,13,0.9412751677852349,1.333611701342282,5.8626465661641545,93.96984924623115,0,1184,176.2337170608108,346.5980499999999,3.37752766096403,6.698433650805964,99.40878378378379,29.68243243243243,7.0,66.13175675675676,0.9445903052706415,3.3333333333333335,15.202702702702704,completed,,1,1.1666666666666667,246.1516020247496,19.439943333333336,1.3336713927439119,261004_3,run-01
261004_3/run-01/dash_qoe_log_cc-cubic_abr-throughput_signals-rtt-cwnd-loss_netem-high-rtt-loss.json.gz,CUBIC,Throughput,rtt+cwnd+loss,cc-cubic_abr-throughput_signals-rtt-cwnd-loss_netem-high-rtt-loss,True,596.4,597.5444000000059,1.3119000000059604,0,0.0,0,0,0.0,0.177434,99.83249581239531,0.0,1,1176,137.71021343537416,146.047,1.3544963095465805,1.436950379219749,0.25510204081632654,15.21173469387755,5.0,19.047619047619047,1.0985048923134617,0.0,4.6768707482993195,completed,,1,1.8302828618968385,267.69932203499945,15.159623960066554,0.17743399999999993,261004_3,run-01
261004_3/run-01/dash_qoe_log_cc-cubic_abr-bola_signals-rtt-loss_netem-high-rtt-loss.json.gz,CUBIC,BOLA,rtt+loss,cc-cubic_abr-bola_signals-rtt-loss_netem-high-rtt-loss,True,596.4,597.602400000006,1.2792999999970198,0,0.0,0,2,0.0,0.177434,99.83249581239531,0.0,0,1164,139.0455936426117,148.05,1.369001271358995,1.458909408287545,2.663230240549828,16.734536082474225,2.0,22.33676975945017,0.9953474067192599,3.4395090590298016,5.584192439862543,completed,,1,2.6622296173044924,326.21589743586685,13.658971713810315,0.17743400000000015,261004_3,run-01
261004_3/run-01/dash_qoe_log_cc-bbr_abr-throughput_signals-cwnd-loss_netem-high-rtt-loss.json.gz,BBR,Throughput,cwnd+loss,cc-bbr_abr-throughput_signals-cwnd-loss_netem-high-rtt-loss,True,596.458332,597.5418999999911,1.190199999988079,0,0.0,0,3,0.9966442953020134,1.401622154362416,0.33500837520938026,99.49748743718592,0,1163,146.86777128116938,160.69269999999997,1.4434574373185656,1.5798461325748594,13.58555460017197,77.0481513327601,4.0,10.490111779879621,1.1732476112074313,3.7216288384512457,23.473774720550303,completed,,1,2.3333333333333335,237.18566552892887,25.381725,1.4017508646258028,261004_3,run-01
261004_3/run-01/dash_qoe_log_cc-bbr_abr-bola_signals-loss_netem-constrained-2mbit.json.gz,BBR,BOLA,loss,cc-bbr_abr-bola_signals-loss_netem-constrained-2mbit,True,596.4,597.709700000003,1.3605,0,0.0,0,19,0.8875838926174496,1.2676621711409397,11.222780569514239,88.60971524288107,0,1170,98.85245811965812,118.29769999999996,1.9104357081308294,2.2827397163936514,98.88888888888889,28.794017094017093,4.0,3.7606837606837606,0.5494984727178556,2.857142857142857,13.504273504273504,completed,,1,2.3333333333333335,290.9266211622404,18.512314999999997,1.2674656391431658,261004_3,run-01
261004_3/run-01/dash_qoe_log_cc-cubic_abr-throughput_signals-cwnd_netem-stable-8mbit.json.gz,CUBIC,Throughput,cwnd,cc-cubic_abr-throughput_signals-cwnd_netem-stable-8mbit,True,596.4,596.8901000000089,0.7691000000089407,0,0.0,0,1,0.9983221476510067,1.4036830771812079,0.16778523489932887,99.83221476510067,0,1171,207.96725789923144,513.732,11.225021736362788,27.766295535617772,99.91460290350128,253.15029888983776,10.0,12.980358667805294,0.0,0.0,0.0,completed,,1,1.8363939899833055,298.4027210879488,26.63530717863105,1.4057440000000003,261004_3,run-01
261004_3/run-01/dash_qoe_log_cc-cubic_abr-bola_signals-rtt-cwnd_netem-constrained-2mbit.json.gz,CUBIC,BOLA,rtt+cwnd,cc-cubic_abr-bola_signals-rtt-cwnd_netem-constrained-2mbit,True,596.4,597.438900000006,0.9634000000059605,0.07550000000007728,0.0,0,72,0.10570469798657718,0.3072721375838926,89.27973199329983,10.552763819095478,40,1175,140.2056655319149,239.6178999999999,2.7192011965815834,4.6205873574366345,98.8936170212766,24.062978723404257,2.0,52.0,0.7732972169379613,3.485221674876841,10.042553191489361,completed,,1,1.335559265442404,303.7786802030507,9.333217028380634,0.30769249803633,261004_3,run-01
261004_3/run-01/dash_qoe_log_cc-bbr_abr-bola_signals-none_netem-high-rtt-loss.json.gz,BBR,BOLA,none,cc-bbr_abr-bola_signals-none_netem-high-rtt-loss,True,596.458332,598.2143000000119,1.8495,0,0.0,0,3,0.9899497487437185,1.3933991758793969,1.0050251256281406,98.99497487437186,0,1166,146.98267409948542,161.274,1.456165477666534,1.6008298260938616,14.236706689536879,77.69125214408233,4.0,10.634648370497427,1.5376773494517777,3.75,24.099485420240136,completed,,1,2.4958402662229617,271.24931740460744,25.302805324459232,1.393335799546943,261004_3,run-01
261004_3/run-01/dash_qoe_log_cc-cubic_abr-throughput_signals-rtt-loss_netem-high-rtt-loss.json.gz,CUBIC,Throughput,rtt+loss,cc-cubic_abr-throughput_signals-rtt-loss_netem-high-rtt-loss,True,596.4,597.828400000006,1.394,0.03440000000603605,0.0,0,4,0.018456375838926176,0.20010415100671142,97.98994974874371,1.8425460636515913,0,1162,138.440413080895,148.49974999999998,1.3578837632504397,1.4628172852451837,2.0654044750430294,16.182444061962133,1.0,18.416523235800344,1.1251221094912986,0.0,4.991394148020654,completed,,1,2.5041736227045077,239.83202054787887,15.084181969949915,0.20030446119272716,261004_3,run-01
261004_3/run-01/dash_qoe_log_cc-bbr_abr-throughput_signals-rtt-loss_netem-high-rtt-loss.json.gz,BBR,Throughput,rtt+loss,cc-bbr_abr-throughput_signals-rtt-loss_netem-high-rtt-loss,True,596.458332,597.792199999988,1.3870999999940394,0,0.0,0,3,0.9966442953020134,1.401622154362416,0.33500837520938026,99.49748743718592,0,1165,146.7976094420601,162.39339999999999,1.4425337419337276,1.6014254787018456,12.103004291845494,77.90042918454935,1.0,8.412017167381974,1.4261187717874024,3.7037037037037033,24.29184549356223,completed,,1,2.5041736227045077,295.53253424670294,25.306559265442406,1.401622359071584,261004_3,run-01
261004_3/run-01/dash_qoe_log_cc-bbr_abr-throughput_signals-none_netem-constrained-2mbit.json.gz,BBR,Throughput,none,cc-bbr_abr-throughput_signals-none_netem-constrained-2mbit,True,596.4,597.229799999997,0.8224000000059605,0.0073999999910611125,0.0,0,27,0.889261744966443,1.2697230939597315,11.055276381909549,88.77721943048576,0,1160,98.47457931034484,115.09915,1.9058666344002526,2.22833816914299,98.96551724137932,28.855172413793102,4.0,3.5344827586206895,0.534856089611661,2.5692307692307645,13.96551724137931,completed,,1,2.671118530884808,289.3056603774658,18.50611686143573,1.2700379451365378,261004_3,run-01
261004_3/run-01/dash_qoe_log_cc-bbr_abr-bola_signals-cwnd_netem-stable-8mbit.json.gz,BBR,BOLA,cwnd,cc-bbr_abr-bola_signals-cwnd_netem-stable-8mbit,True,596.4,596.890200000003,0.5375,0,0.0,0,1,0.9983221476510067,1.4036830771812079,0.16778523489932887,99.83221476510067,0,1161,30.442617571059433,33.228,1.6516948822118087,1.8027040287848226,94.40137812230836,35.83118001722653,4.0,1.205857019810508,0.0,0.0,0.0,completed,,1,2.6755852842809364,238.91804123738993,26.78448160535117,1.4057439999999997,261004_3,run-01
261004_3/run-01/dash_qoe_log_cc-bbr_abr-throughput_signals-rtt-cwnd-loss_netem-high-rtt-loss.json.gz,BBR,Throughput,rtt+cwnd+loss,cc-bbr_abr-throughput_signals-rtt-cwnd-loss_netem-high-rtt-loss,True,596.4,598.544700000003,1.8169000000059605,0.32779999999705245,0.0,0,3,0.9966499162479062,1.4016290586264657,0.33500837520938026,99.66499162479062,0,1162,146.38552323580035,160.18110000000001,1.4415181910497232,1.5776458855765227,13.25301204819277,77.52151462994837,4.0,10.154905335628227,1.6199404343278534,3.701445347786813,23.666092943201377,completed,,1,3.1561461794019934,310.6723842200141,25.286602990033224,1.4015212464551379,261004_3,run-01
261004_3/run-01/dash_qoe_log_cc-cubic_abr-bola_signals-rtt_netem-high-rtt-loss.json.gz,CUBIC,BOLA,rtt,cc-cubic_abr-bola_signals-rtt_netem-high-rtt-loss,True,596.4,597.820799999997,1.4086999999880792,0.012100000008950618,0.0,0,12,0.008389261744966443,0.18773861409395973,98.99497487437186,0.8375209380234506,0,1154,138.55356152513,147.33839999999998,1.3636099661056251,1.453265136196027,1.1265164644714039,16.594454072790295,2.0,20.27729636048527,0.5600472338349548,1.0911371237458185,5.112651646447141,completed,,1,3.1666666666666665,264.76006884690815,13.745216666666666,0.18768585618992112,261004_3,run-01
261004_3/run-01/dash_qoe_log_cc-cubic_abr-bola_signals-rtt-loss_netem-constrained-2mbit.json.gz,CUBIC,BOLA,rtt+loss,cc-cubic_abr-bola_signals-rtt-loss_netem-constrained-2mbit,True,596.4,597.309900000006,0.8854000000059604,0.024500000000058253,0.0,0,50,0.06040268456375839,0.25162722147651007,93.80234505862647,6.030150753768845,39,1190,134.39375714285714,231.17574999999994,2.619730997735889,4.421851239731478,99.15966386554622,23.58151260504202,1.0,45.714285714285715,0.6935515176035121,3.2318501170960143,10.168067226890756,completed,,1,0.0,243.53806343851284,9.481160267111854,0.2534304796742453,261004_3,run-01
261004_3/run-01/dash_qoe_log_cc-cubic_abr-throughput_signals-cwnd-loss_netem-stable-8mbit.json.gz,CUBIC,Throughput,cwnd+loss,cc-cubic_abr-throughput_signals-cwnd-loss_netem-stable-8mbit,True,596.4,596.891200000003,0.6800999999940396,0,0.0,0,1,0.9983221476510067,1.4036830771812079,0.16778523489932887,99.83221476510067,0,1154,205.6557911611785,495.5917999999997,11.141820125099171,26.93433695652172,100.0,252.736568457539,10.0,12.564991334488735,0.0,0.0,0.0,completed,,1,3.1719532554257097,312.5743103448944,26.624283806343907,1.405744,261004_3,run-01
261004_3/run-01/dash_qoe_log_cc-bbr_abr-bola_signals-rtt-cwnd-loss_netem-high-rtt-loss.json.gz,BBR,BOLA,rtt+cwnd+loss,cc-bbr_abr-bola_signals-rtt-cwnd-loss_netem-high-rtt-loss,True,596.4,598.219400000006,1.7489000000059605,0.0705000000000382,0.0,0,5,0.9899497487437185,1.3933991758793969,1.0050251256281406,98.99497487437186,0,1156,146.42210294117646,159.464,1.4410569693884425,1.5783225532161957,12.889273356401384,77.86159169550173,1.0,10.46712802768166,1.408121238973564,3.7795557678528784,24.30795847750865,completed,,1,3.005008347245409,317.25215146299485,25.27347913188648,1.393174703722073,261004_3,run-01
261004_3/run-01/dash_qoe_log_cc-bbr_abr-bola_signals-none_netem-constrained-2mbit.json.gz,BBR,BOLA,none,cc-bbr_abr-bola_signals-none_netem-constrained-2mbit,True,596.4,597.213299999997,0.8515999999940396,0,0.0,0,25,0.8842281879194631,1.2635403255033555,11.557788944723619,88.2747068676717,0,1154,97.89030155979202,116.0495,1.8923543928853808,2.240306938901421,99.39341421143847,28.837954939341422,4.0,3.466204506065858,0.5638868457020244,2.643859649122804,14.124783362218372,completed,,1,3.5,314.66891191840585,18.665425,1.263735255302952,261004_3,run-01
261004_3/run-01/dash_qoe_log_cc-cubic_abr-bola_signals-cwnd_netem-constrained-2mbit.json.gz,CUBIC,BOLA,cwnd,cc-cubic_abr-bola_signals-cwnd_netem-constrained-2mbit,True,596.4,597.2716000000089,0.8299000000059604,0.04170000000296481,0.0,0,57,0.13758389261744966,0.3464296711409396,86.09715242881072,13.73534338358459,20,1191,146.29475734676743,269.409,2.7966642529101984,4.748885089280993,98.99244332493703,25.82367758186398,2.0,51.88916876574307,0.5768022720868882,2.7777777777777777,10.831234256926953,completed,,1,0.0,283.3634390655364,8.830724540901503,0.34740800399009575,261004_3,run-01
261004_3/run-01/dash_qoe_log_cc-bbr_abr-bola_signals-rtt-loss_netem-stable-8mbit.json.gz,BBR,BOLA,rtt+loss,cc-bbr_abr-bola_signals-rtt-loss_netem-stable-8mbit,True,596.458332,596.9075,0.5650999999940395,0,0.0,0,1,0.9983221476510067,1.4036830771812079,0.16778523489932887,99.83221476510067,0,1154,30.25903986135182,33.469,1.6362656755984062,1.811766623207301,91.2478336221837,35.61698440207972,4.0,1.2131715771230502,0.0,0.0,0.0,completed,,1,3.177257525083612,226.68670121028325,26.761628762541804,1.4057440000000005,261004_3,run-01
261004_3/run-01/dash_qoe_log_cc-bbr_abr-throughput_signals-loss_netem-constrained-2mbit.json.gz,BBR,Throughput,loss,cc-bbr_abr-throughput_signals-loss_netem-constrained-2mbit,True,596.458332,597.253099999994,0.916,0,0.0,0,15,0.8791946308724832,1.25735755704698,12.06030150753769,87.77219430485762,0,1149,98.4058233246301,119.13399999999994,1.905466980977233,2.295658193336413,99.04264577893821,28.660574412532636,4.0,2.959094865100087,0.45908726649832293,2.6882882882882853,13.838120104438643,completed,,1,3.678929765886288,270.70486111118873,18.63175418060201,1.2575297525607918,261004_3,run-01
261004_3/run-01/dash_qoe_log_cc-bbr_abr-throughput_signals-cwnd_netem-high-rtt-loss.json.gz,BBR,Throughput,cwnd,cc-bbr_abr-throughput_signals-cwnd_netem-high-rtt-loss,True,596.458332,597.6245,1.326,0,0.0,0,3,0.9966442953020134,1.401622154362416,0.33500837520938026,99.49748743718592,0,1152,148.98419097222222,164.67215000000002,1.4688275914554993,1.6273127671724092,17.274305555555557,77.68229166666667,1.0,9.288194444444445,1.6059004379960533,3.760613207547171,24.56597222222222,completed,,1,3.6666666666666665,279.5489619375822,25.421086666666667,1.4020191488964573,261004_3,run-01
261004_3/run-01/dash_qoe_log_cc-cubic_abr-throughput_signals-loss_netem-constrained-2mbit.json.gz,CUBIC,Throughput,loss,cc-cubic_abr-throughput_signals-loss_netem-constrained-2mbit,True,596.4,597.143700000003,0.8935999999940395,0,0.0,0,17,0.8791946308724832,1.25735755704698,12.06030150753769,87.77219430485762,0,1147,175.24130427201396,319.59650000000005,3.371989661659133,6.190196601649568,99.5640802092415,29.701830863121184,2.0,72.62423714036618,0.8209072042481707,2.941176470588235,15.344376634699215,completed,,1,4.006677796327212,283.5513043475151,18.35566777963272,1.2580877785883546,261004_3,run-01
261004_3/run-01/dash_qoe_log_cc-bbr_abr-throughput_signals-cwnd-loss_netem-constrained-2mbit.json.gz,BBR,Throughput,cwnd+loss,cc-bbr_abr-throughput_signals-cwnd-loss_netem-constrained-2mbit,True,596.4,597.245800000012,0.9414000000059605,0,0.0,0,19,0.8842281879194631,1.2635403255033555,11.557788944723619,88.2747068676717,0,1145,97.60489170305677,113.615,1.8958055264180278,2.2113834711158176,99.56331877729258,28.74934497816594,1.0,3.8427947598253276,0.6437208552707763,2.8169014084507045,14.148471615720524,completed,,1,4.333333333333333,310.3966898942295,18.232041666666667,1.2639365378234606,261004_3,run-01
261004_3/run-01/dash_qoe_log_cc-bbr_abr-throughput_signals-cwnd_netem-constrained-2mbit.json.gz,BBR,Throughput,cwnd,cc-bbr_abr-throughput_signals-cwnd_netem-constrained-2mbit,True,596.4,597.163399999991,0.7980999999940396,0,0.0,0,23,0.8154362416107382,1.179042489932886,18.42546063651591,81.4070351758794,0,1131,100.30134748010609,122.1115,1.9346854640632374,2.35721612861246,99.1158267020336,29.02740937223696,4.0,3.094606542882405,0.6737724411217114,2.5316455696202533,13.351016799292662,completed,,1,5.008347245409015,246.5253075558188,18.272086811352253,1.1794651188679635,261004_3,run-01
261004_3/run-01/dash_qoe_log_cc-cubic_abr-bola_signals-rtt-cwnd-loss_netem-high-rtt-loss.json.gz,CUBIC,BOLA,rtt+cwnd+loss,cc-cubic_abr-bola_signals-rtt-cwnd-loss_netem-high-rtt-loss,True,596.4,597.5785,1.2587000000029802,0,0.0,0,2,0.0016778523489932886,0.17949492281879192,99.66499162479062,0.16750418760469013,3,1183,140.52978191039728,151.366,1.3759619802275485,1.4870320151781546,4.395604395604396,18.640743871513102,1.0,22.485207100591715,0.5598609329809999,0.0,4.902789518174133,completed,,1,0.333889816360601,309.7494137370257,13.333038397328881,0.1795561522360061,261004_3,run-01
261004_3/run-02/dash_qoe_log_cc-bbr_abr-throughput_signals-rtt-loss_netem-high-rtt-loss.json.gz,BBR,Throughput,rtt+loss,cc-bbr_abr-throughput_signals-rtt-loss_netem-high-rtt-loss,True,596.458332,597.7295999999941,1.3185999999940394,0,0.0,0,3,0.9949664429530202,1.399561231543624,0.5025125628140703,99.32998324958123,0,1131,146.43585499557912,159.5925,1.4428229990794117,1.5741482965931863,11.671087533156498,77.50839964633069,4.0,9.637488947833775,1.2580788577037745,3.419053185271771,24.049513704686117,completed,,2,5.175292153589315,282.80845070449294,25.42262771285476,1.399561432449176,261004_3,run-02
261004_3/run-02/dash_qoe_log_cc-cubic_abr-throughput_signals-loss_netem-constrained-2mbit.json.gz,CUBIC,Throughput,loss,cc-cubic_abr-throughput_signals-loss_netem-constrained-2mbit,True,596.4,597.1772000000029,0.7958999999910593,0,0.0,0,50,0.7013422818791947,1.0388997382550336,29.81574539363484,70.01675041876047,1,1186,213.5825168634064,520.03,4.094271072411991,9.980767578682121,96.12141652613828,39.50505902192243,1.0,63.827993254637434,0.8345841169922062,2.7777777777777777,13.743676222596964,completed,,2,0.8361204013377926,265.2409780785366,14.024617056856187,1.0389847127208718,261004_3,run-02
261004_3/run-02/dash_qoe_log_cc-cubic_abr-bola_signals-rtt-cwnd_netem-constrained-2mbit.json.gz,CUBIC,BOLA,rtt+cwnd,cc-cubic_abr-bola_signals-rtt-cwnd_netem-constrained-2mbit,True,596.4,597.166099999994,0.7933999999910593,0,0.0,0,72,0.08040201005025126,0.2761925929648241,91.95979899497488,8.040201005025125,40,1192,159.40866359060402,329.10135,3.080734288357336,6.367906783621082,98.99328859060402,29.588087248322147,3.0,48.993288590604024,1.0964369621293593,2.8757763975155295,9.228187919463087,completed,,2,0.0,304.85550000014405,9.274696666666667,0.27753825027993884,261004_3,run-02
261004_3/run-02/dash_qoe_log_cc-bbr_abr-throughput_signals-cwnd-loss_netem-high-rtt-loss.json.gz,BBR,Throughput,cwnd+loss,cc-bbr_abr-throughput_signals-cwnd-loss_netem-high-rtt-loss,True,596.458332,597.6865,1.3417000000029802,0,0.0,0,9,0.9614093959731543,1.358342775167785,3.852596314907873,95.97989949748744,1,1126,146.92289609236235,160.51975,1.4514492723147459,1.5856913814073688,12.966252220248668,77.15097690941386,1.0,9.41385435168739,1.7474300290002,3.9215686274509802,24.511545293072825,completed,,2,5.5,273.57566137372714,24.773055,1.3582392690187206,261004_3,run-02
261004_3/run-02/dash_qoe_log_cc-bbr_abr-throughput_signals-none_netem-stable-8mbit.json.gz,BBR,Throughput,none,cc-bbr_abr-throughput_signals-none_netem-stable-8mbit,True,596.4,596.8845,0.4288000000119209,0.05569999998810454,0.0,0,1,0.9983221476510067,1.4036830771812079,0.16778523489932887,99.83221476510067,0,1127,30.757161490683234,34.432,1.6541676248011559,1.8678528805468155,92.90150842945874,36.01153504880213,4.0,1.5971606033717836,0.0,0.0,0.0,completed,,2,5.183946488294314,293.65414462034875,26.789568561872912,1.4057440000000003,261004_3,run-02
261004_3/run-02/dash_qoe_log_cc-bbr_abr-throughput_signals-cwnd-loss_netem-constrained-2mbit.json.gz,BBR,Throughput,cwnd+loss,cc-bbr_abr-throughput_signals-cwnd-loss_netem-constrained-2mbit,True,596.4,598.243900000006,1.8104000000059606,0.033500000000027175,0.0,0,19,0.88107202680067,1.2596635812395311,11.892797319932999,88.107202680067,0,1191,98.92973971452561,116.64500000000001,1.9121233093139254,2.2717003914542233,99.16036943744753,28.7808564231738,4.0,3.6943744752308985,0.4421484570292092,2.5,13.266162888329136,completed,,2,0.1669449081803005,276.53829431503914,18.49798998330551,1.259665494848373,261004_3,run-02
261004_3/run-02/dash_qoe_log_cc-bbr_abr-bola_signals-rtt-loss_netem-stable-8mbit.json.gz,BBR,BOLA,rtt+loss,cc-bbr_abr-bola_signals-rtt-loss_netem-stable-8mbit,True,596.458332,596.857400000006,0.5259000000059605,0,0.0,0,1,0.9983221476510067,1.4036830771812079,0.16778523489932887,99.83221476510067,0,1131,30.58032625994695,34.917,1.6457910450616906,1.8867934723873339,94.25287356321839,36.52785145888594,4.0,0.618921308576481,0.0,0.0,0.0,completed,,2,5.016722408026756,240.94876760609029,26.736229096989966,1.405744,261004_3,run-02
261004_3/run-02/dash_qoe_log_cc-bbr_abr-throughput_signals-rtt-cwnd-loss_netem-high-rtt-loss.json.gz,BBR,Throughput,rtt+cwnd+loss,cc-bbr_abr-throughput_signals-rtt-cwnd-loss_netem-high-rtt-loss,True,596.458332,597.708,1.3187999999970197,0,0.0,0,7,0.9496644295302014,1.3439163154362417,5.025125628140704,94.80737018425461,1,1132,149.23949028268552,164.47300000000007,1.4699685544500247,1.6194896508137147,17.579505300353357,78.86219081272085,1.0,9.275618374558304,1.2436788145433706,3.345938375350141,24.02826855123675,completed,,2,5.008347245409015,277.67486818828775,24.703420701168614,1.3438328792253955,261004_3,run-02
261004_3/run-02/dash_qoe_log_cc-bbr_abr-bola_signals-rtt-cwnd-loss_netem-high-rtt-loss.json.gz,BBR,BOLA,rtt+cwnd+loss,cc-bbr_abr-bola_signals-rtt-cwnd-loss_netem-high-rtt-loss,True,596.4,597.8253000000119,1.301300000011921,0.12400000000000899,0.0,0,13,0.9429530201342282,1.335672624161074,5.695142378559464,94.13735343383584,1,1134,148.976417989418,164.188,1.4657989423879767,1.6259566200087234,15.520282186948853,77.53350970017637,2.0,9.700176366843033,1.4327627638169627,3.8636363636363593,24.074074074074073,completed,,2,5.008347245409015,256.51353251305534,24.350627712854756,1.3356064450025105,261004_3,run-02
261004_3/run-02/dash_qoe_log_cc-cubic_abr-throughput_signals-rtt-cwnd-loss_netem-constrained-2mbit.json.gz,CUBIC,Throughput,rtt+cwnd+loss,cc-cubic_abr-throughput_signals-rtt-cwnd-loss_netem-constrained-2mbit,True,596.4,597.272,0.8974000000059604,0,0.0,0,52,0.0587248322147651,0.24956629865771812,93.96984924623115,5.8626465661641545,40,1192,153.8896744966443,319.3909500000002,2.9684150855035547,6.050195933226247,98.8255033557047,28.324664429530202,3.0,46.39261744966443,0.8040861593595348,3.076923076923077,9.731543624161073,completed,,2,0.0,258.135785953556,8.685297658862876,0.2502391552564785,261004_3,run-02
261004_3/run-02/dash_qoe_log_cc-bbr_abr-throughput_signals-none_netem-high-rtt-loss.json.gz,BBR,Throughput,none,cc-bbr_abr-throughput_signals-none_netem-high-rtt-loss,True,596.458332,597.7075,1.2941000000089407,0,0.0,0,3,0.9949664429530202,1.399561231543624,0.5025125628140703,99.32998324958123,0,1128,146.38406294326242,157.74419999999998,1.4360392891872855,1.5580917709773838,11.790780141843971,77.57890070921985,2.0,8.953900709219859,0.9836418007881776,3.508771929824561,24.379432624113477,completed,,2,5.183946488294314,280.95026455183614,25.480939799331104,1.3995608203965006,261004_3,run-02
261004_3/run-02/dash_qoe_log_cc-bbr_abr-throughput_signals-loss_netem-constrained-2mbit.json.gz,BBR,Throughput,loss,cc-bbr_abr-throughput_signals-loss_netem-constrained-2mbit,True,596.4,597.1435999999941,0.79,0,0.0,0,24,0.8040201005025126,1.1650199296482413,19.597989949748744,80.40201005025126,0,1193,100.64083738474434,130.9921999999999,1.945162068476235,2.4653374173283633,97.40150880134115,29.116512992455995,4.0,3.93964794635373,0.6958344784871728,2.4814814814814774,12.657166806370494,completed,,2,0.0,279.7530884813138,18.30508180300501,1.1675634506025894,261004_3,run-02
261004_3/run-02/dash_qoe_log_cc-cubic_abr-bola_signals-rtt-loss_netem-constrained-2mbit.json.gz,CUBIC,BOLA,rtt+loss,cc-cubic_abr-bola_signals-rtt-loss_netem-constrained-2mbit,True,596.458332,597.2010999999941,0.8445,0,0.0,0,68,0.08389261744966443,0.28048014093959733,91.4572864321608,8.375209380234505,39,1188,137.38716161616162,252.63664999999997,2.658290829628796,4.748118796228703,98.98989898989899,24.897306397306398,2.0,44.19191919191919,0.7712704431674082,2.8160469667318817,9.343434343434344,completed,,2,0.0,276.9192307680646,9.379951505016722,0.2815095615200903,261004_3,run-02
261004_3/run-02/dash_qoe_log_cc-bbr_abr-bola_signals-cwnd_netem-stable-8mbit.json.gz,BBR,BOLA,cwnd,cc-bbr_abr-bola_signals-cwnd_netem-stable-8mbit,True,596.4,596.887099999994,0.5185,0,0.0,0,1,0.9983221476510067,1.4036830771812079,0.16778523489932887,99.83221476510067,0,1189,30.712797308662743,34.454,1.66804626684486,1.8755579749591726,94.02859545836837,35.87216148023549,4.0,1.1774600504625736,0.0,0.0,0.0,completed,,2,0.33444816053511706,249.22080537006758,26.79784280936455,1.4057439999999997,261004_3,run-02
261004_3/run-02/dash_qoe_log_cc-cubic_abr-bola_signals-cwnd_netem-constrained-2mbit.json.gz,CUBIC,BOLA,cwnd,cc-cubic_abr-bola_signals-cwnd_netem-constrained-2mbit,True,596.4,597.139399999991,0.7602999999970198,0,0.0,0,23,0.8693467336683417,1.2452612864321608,13.06532663316583,86.93467336683418,1,1187,232.6021053074979,548.1003000000001,4.512239651042426,10.67911338137757,99.5787700084246,41.29064869418703,2.0,65.71187868576243,0.8494082326682054,2.8169014084507045,13.900589721988206,completed,,2,0.33444816053511706,273.42516778496986,18.75910702341137,1.2468632690664683,261004_3,run-02
261004_3/run-02/dash_qoe_log_cc-cubic_abr-throughput_signals-rtt-cwnd-loss_netem-high-rtt-loss.json.gz,CUBIC,Throughput,rtt+cwnd+loss,cc-cubic_abr-throughput_signals-rtt-cwnd-loss_netem-high-rtt-loss,True,596.4,598.0843999999911,1.4537999999970197,0.23059999999409508,0.0,0,4,0.003355704697986577,0.1815558456375839,99.49748743718592,0.33500837520938026,0,1182,138.8514560067682,148.53,1.3613999650630328,1.4668721529809383,1.015228426395939,15.499153976311337,2.0,17.681895093062607,1.0405936863584908,1.7543859649122806,5.1607445008460235,completed,,2,1.1686143572621035,235.69746621582354,15.17150083472454,0.18173920464687562,261004_3,run-02
261004_3/run-02/dash_qoe_log_cc-bbr_abr-bola_signals-loss_netem-constrained-2mbit.json.gz,BBR,BOLA,loss,cc-bbr_abr-bola_signals-loss_netem-constrained-2mbit,True,596.4,597.1634000000059,0.7376000000089407,0.025799999997017986,0.0,0,21,0.8710217755443886,1.247318757118928,12.89782244556114,87.10217755443887,0,1193,98.98831014249791,117.4968,1.9147293699191292,2.279896804939769,98.82648784576698,28.909471919530596,4.0,3.269069572506287,0.6512359582152883,2.5,13.91450125733445,completed,,2,0.1669449081803005,306.6620401324935,18.641816360601002,1.249356100905742,261004_3,run-02
261004_3/run-02/dash_qoe_log_cc-cubic_abr-throughput_signals-rtt-loss_netem-high-rtt-loss.json.gz,CUBIC,Throughput,rtt+loss,cc-cubic_abr-throughput_signals-rtt-loss_netem-high-rtt-loss,True,596.4,598.000899999991,1.507199999988079,0.09370000000296397,0.0,0,0,0.0,0.177434,99.83249581239531,0.0,0,1179,137.60355470737912,145.94,1.3503071298764933,1.4365728572975422,0.33927056827820185,15.692111959287532,1.0,18.3206106870229,0.7849975897331471,0.0,4.495335029686175,completed,,2,0.667779632721202,325.72050420191107,15.203510851419033,0.17743400000000004,261004_3,run-02
261004_3/run-02/dash_qoe_log_cc-cubic_abr-bola_signals-rtt_netem-high-rtt-loss.json.gz,CUBIC,BOLA,rtt,cc-cubic_abr-bola_signals-rtt_netem-high-rtt-loss,True,596.4,598.059799999997,1.4952999999970198,0.16450000000004272,0.0,0,20,0.06208053691275168,0.253688144295302,93.63484087102178,6.197654941373535,0,1184,139.1690456081081,149.504,1.3677164646133666,1.4697613469403963,3.0405405405405403,17.63766891891892,1.0,27.195945945945947,1.1450810031882899,3.4395090590298016,7.85472972972973,completed,,2,0.5,259.87638191027656,13.139571666666667,0.253758365906136,261004_3,run-02
261004_3/run-02/dash_qoe_log_cc-bbr_abr-bola_signals-rtt_netem-stable-8mbit.json.gz,BBR,BOLA,rtt,cc-bbr_abr-bola_signals-rtt_netem-stable-8mbit,True,596.4,596.892400000006,0.471,0.021400000006000508,0.0,0,1,0.9983221476510067,1.4036830771812079,0.16778523489932887,99.83221476510067,0,1184,30.88857939189189,34.452,1.6690718453056284,1.8694115087566627,93.41216216216216,35.94932432432432,4.0,0.9290540540540541,0.0,0.0,0.0,completed,,2,0.8361204013377926,235.7780775718303,26.77250501672241,1.405744,261004_3,run-02
261004_3/run-02/dash_qoe_log_cc-bbr_abr-throughput_signals-rtt_netem-high-rtt-loss.json.gz,BBR,Throughput,rtt,cc-bbr_abr-throughput_signals-rtt_netem-high-rtt-loss,True,596.458332,597.7661999999881,1.297199999988079,0.010667999999968814,0.0,0,3,0.9949664429530202,1.399561231543624,0.5025125628140703,99.32998324958123,0,1188,154.65807912457913,294.979,1.5086390293092273,2.7323496174438207,16.32996632996633,80.5614478114478,1.0,8.501683501683502,1.4039285912056363,3.5077815074763374,23.14814814814815,completed,,2,0.3333333333333333,251.20551839505748,25.415225,1.399394292533753,261004_3,run-02
261004_3/run-02/dash_qoe_log_cc-bbr_abr-throughput_signals-none_netem-constrained-2mbit.json.gz,BBR,Throughput,none,cc-bbr_abr-throughput_signals-none_netem-constrained-2mbit,True,596.4,597.204900000006,0.8705,0,0.0,0,23,0.8422818791946308,1.212017255033557,15.745393634840871,84.08710217755444,0,1187,98.92666638584667,130.49190000000002,1.8937466201307935,2.5021826042582744,98.14658803706824,28.77674810446504,1.0,3.9595619208087616,0.407404286173728,2.4390243902439024,12.805391743892166,completed,,2,0.5008347245409015,282.30755033541544,17.921532554257094,1.2125389769553303,261004_3,run-02
261004_3/run-02/dash_qoe_log_cc-cubic_abr-throughput_signals-cwnd_netem-stable-8mbit.json.gz,CUBIC,Throughput,cwnd,cc-cubic_abr-throughput_signals-cwnd_netem-stable-8mbit,True,596.4,596.886799999997,0.45509999999403955,0.031700000003021145,0.0,0,1,0.9983221476510067,1.4036830771812079,0.16778523489932887,99.83221476510067,0,1185,206.18304725738395,519.611,11.119342626336348,28.28430678787219,100.0,250.17215189873417,10.0,11.139240506329115,0.0,0.0,0.0,completed,,2,0.5008347245409015,279.3889261743166,26.688639398998333,1.4057439999999994,261004_3,run-02
261004_3/run-02/dash_qoe_log_cc-cubic_abr-bola_signals-cwnd-loss_netem-stable-8mbit.json.gz,CUBIC,BOLA,cwnd+loss,cc-cubic_abr-bola_signals-cwnd-loss_netem-stable-8mbit,True,596.4,596.891400000006,0.5275,0,0.0,0,1,0.9983221476510067,1.4036830771812079,0.16778523489932887,99.83221476510067,0,1190,203.39954957983193,480.432,11.001930395278528,26.14311367470207,99.83193277310924,240.57310924369747,10.0,12.857142857142858,0.0,0.0,0.0,completed,,2,0.1669449081803005,231.29765886242774,26.659617696160268,1.4057440000000005,261004_3,run-02
261004_3/run-02/dash_qoe_log_cc-bbr_abr-bola_signals-none_netem-constrained-2mbit.json.gz,BBR,BOLA,none,cc-bbr_abr-bola_signals-none_netem-constrained-2mbit,True,596.4,597.2310999999941,0.8232999999970197,0.007799999997060714,0.0,0,19,0.88107202680067,1.2596635812395311,11.892797319932999,88.107202680067,0,1189,99.07811269974769,116.19359999999998,1.9026119407634317,2.2388743576958547,99.15895710681245,29.010933557611438,4.0,2.6913372582001682,0.585899476833802,2.4390243902439024,13.036164844407065,completed,,2,0.1669449081803005,243.4192307697092,18.555829716193653,1.2621344836010822,261004_3,run-02
261004_3/run-02/dash_qoe_log_cc-cubic_abr-throughput_signals-none_netem-constrained-2mbit.json.gz,CUBIC,Throughput,none,cc-cubic_abr-throughput_signals-none_netem-constrained-2mbit,True,596.4,597.3665,0.7450999999940395,0.22140000000595683,0.0,0,19,0.8741610738255033,1.251174788590604,12.56281407035176,87.26968174204355,0,1190,258.75038991596637,680.6798499999979,5.015108390114764,13.276118078445865,99.41176470588235,47.34033613445378,3.0,68.90756302521008,1.105516544675201,2.9850746268656714,14.705882352941176,completed,,2,1.335559265442404,288.2397631122124,17.65502671118531,1.2512805777325486,261004_3,run-02
261004_3/run-02/dash_qoe_log_cc-cubic_abr-bola_signals-rtt-loss_netem-high-rtt-loss.json.gz,CUBIC,BOLA,rtt+loss,cc-cubic_abr-bola_signals-rtt-loss_netem-high-rtt-loss,True,596.4,598.0964000000059,1.4546000000089407,0.24179999999701063,0.0,0,12,0.05201342281879195,0.24132260738255035,94.63986599664992,5.192629815745394,0,1185,138.07076962025315,149.2806,1.3525667120384979,1.447548322842031,2.3628691983122363,16.572995780590716,1.0,28.10126582278481,1.0134638685134993,4.0,8.016877637130802,completed,,2,0.5008347245409015,255.47499999946496,13.08730550918197,0.24136131055130805,261004_3,run-02
261004_3/run-02/dash_qoe_log_cc-cubic_abr-bola_signals-rtt-cwnd-loss_netem-high-rtt-loss.json.gz,CUBIC,BOLA,rtt+cwnd+loss,cc-cubic_abr-bola_signals-rtt-cwnd-loss_netem-high-rtt-loss,True,596.4,598.0624000000059,1.438,0.2244000000059596,0.0,0,4,0.0016778523489932886,0.17949492281879192,99.66499162479062,0.16750418760469013,2,1178,137.6246078098472,147.11685,1.3495326912737657,1.453271581774732,1.1884550084889642,15.600169779286928,1.0,22.835314091680814,0.9230799977380281,2.7836463223787113,5.942275042444821,completed,,2,0.8347245409015025,265.4294612778206,13.734594323873123,0.17949496534790263,261004_3,run-02
261004_3/run-02/dash_qoe_log_cc-cubic_abr-throughput_signals-cwnd-loss_netem-stable-8mbit.json.gz,CUBIC,Throughput,cwnd+loss,cc-cubic_abr-throughput_signals-cwnd-loss_netem-stable-8mbit,True,596.458332,596.8661000000089,0.5122000000029803,0,0.0,0,1,0.9983221476510067,1.4036830771812079,0.16778523489932887,99.83221476510067,0,1190,204.49901428571428,510.94084999999995,11.157233750170331,27.917213965686805,99.83193277310924,247.81596638655463,10.0,11.680672268907562,0.0,0.0,0.0,completed,,2,0.1669449081803005,270.877759196836,26.690856427378964,1.405744,261004_3,run-02
261004_3/run-02/dash_qoe_log_cc-bbr_abr-bola_signals-none_netem-high-rtt-loss.json.gz,BBR,BOLA,none,cc-bbr_abr-bola_signals-none_netem-high-rtt-loss,True,596.4,597.805,1.3307999999970197,0.07420000000295301,0.0,0,3,0.9932885906040269,1.3975003087248323,0.6700167504187605,99.16247906197655,0,1185,146.74205654008438,159.247,1.4359351184295033,1.566189342827357,13.248945147679326,78.41772151898734,1.0,9.113924050632912,1.6019408422499877,3.571428571428571,23.79746835443038,completed,,2,0.5008347245409015,293.4778523491633,25.324465776293824,1.3975003045753207,261004_3,run-02
261004_3/run-02/dash_qoe_log_cc-bbr_abr-throughput_signals-cwnd_netem-high-rtt-loss.json.gz,BBR,Throughput,cwnd,cc-bbr_abr-throughput_signals-cwnd_netem-high-rtt-loss,True,596.4,597.619,1.2915,0,0.0,0,3,0.9949664429530202,1.399561231543624,0.5025125628140703,99.32998324958123,0,1187,147.1413150800337,161.325,1.439266797611183,1.5981599110722937,11.962931760741364,78.4726200505476,4.0,8.761583824768323,1.2635357370677514,3.29765614415391,22.493681550126368,completed,,2,0.5,214.75276381913042,25.333591666666667,1.3994895318333929,261004_3,run-02
261004_3/run-02/dash_qoe_log_cc-bbr_abr-throughput_signals-cwnd_netem-constrained-2mbit.json.gz,BBR,Throughput,cwnd,cc-bbr_abr-throughput_signals-cwnd_netem-constrained-2mbit,True,596.4,597.166200000003,0.8639000000059605,0,0.0,0,11,0.9061976549413735,1.2905256415410387,9.380234505862646,90.61976549413735,0,1190,98.14546050420168,114.07435,1.8905001370087087,2.2129076198795943,98.99159663865547,28.421848739495797,4.0,4.53781512605042,0.5503367581313086,2.5,13.61344537815126,completed,,2,0.0,305.54882943326214,19.33125585284281,1.2925400202836832,261004_3,run-02
261004_3/run-03/dash_qoe_log_cc-cubic_abr-bola_signals-rtt-loss_netem-constrained-2mbit.json.gz,CUBIC,BOLA,rtt+loss,cc-cubic_abr-bola_signals-rtt-loss_netem-constrained-2mbit,True,596.4,598.386200000003,1.992,0,0.0,0,54,0.08375209380234507,0.2803075343383584,91.62479061976549,8.375209380234505,38,1193,137.6184233025985,218.27779999999993,2.662405510808616,4.2490517493421684,98.65884325230512,22.87091366303437,1.0,48.53310980720872,0.5825720856999314,2.7175120325805207,9.47191953059514,completed,,3,0.16638935108153077,285.22516666556396,9.249810316139767,0.28069951709900137,261004_3,run-03
261004_3/run-03/dash_qoe_log_cc-bbr_abr-bola_signals-none_netem-high-rtt-loss.json.gz,BBR,BOLA,none,cc-bbr_abr-bola_signals-none_netem-high-rtt-loss,True,596.4,597.8065,1.4020999999940396,0.004400000006011373,0.0,0,1,0.9949664429530202,1.399561231543624,0.5025125628140703,99.32998324958123,0,1187,147.90293765796125,161.567,1.452137796976257,1.5871997465296344,13.142375737152486,78.48357203032856,4.0,9.435551811288963,1.378535398462302,3.79746835443038,23.58887952822241,completed,,3,0.5,233.27370184300534,25.332845,1.3994918703509684,261004_3,run-03
261004_3/run-03/dash_qoe_log_cc-cubic_abr-bola_signals-cwnd-loss_netem-stable-8mbit.json.gz,CUBIC,BOLA,cwnd+loss,cc-cubic_abr-bola_signals-cwnd-loss_netem-stable-8mbit,True,596.458332,596.834900000006,0.4155999999940395,0,0.0,0,1,0.9983221476510067,1.4036830771812079,0.16778523489932887,99.83221476510067,0,1187,207.43486436394272,485.3181000000002,11.249120614335151,26.387456502827327,99.83150800336983,250.52148272957035,10.0,10.025273799494524,0.0,0.0,0.0,completed,,3,0.333889816360601,229.98358458849654,26.651407345575958,1.4057440000000003,261004_3,run-03
261004_3/run-03/dash_qoe_log_cc-bbr_abr-throughput_signals-cwnd_netem-high-rtt-loss.json.gz,BBR,Throughput,cwnd,cc-bbr_abr-throughput_signals-cwnd_netem-high-rtt-loss,True,596.458332,597.973700000003,1.5867000000029803,0,0.0,0,3,0.9932885906040269,1.3975003087248323,0.6700167504187605,99.16247906197655,0,1188,156.33790993265993,290.045,1.5410598164591902,2.860009466148658,17.67676767676768,79.0580808080808,1.0,11.363636363636363,1.2118232571356486,3.7037037037037033,23.737373737373737,completed,,3,0.333889816360601,253.32747068701676,25.38490317195326,1.3973948246628662,261004_3,run-03
261004_3/run-03/dash_qoe_log_cc-bbr_abr-throughput_signals-loss_netem-constrained-2mbit.json.gz,BBR,Throughput,loss,cc-bbr_abr-throughput_signals-loss_netem-constrained-2mbit,True,596.458332,597.147,0.8307000000029803,0,0.0,0,25,0.87751677852349,1.255296634228188,12.22780569514238,87.60469011725293,0,1198,98.42864607679465,114.231,1.9033472094116524,2.223778863087745,98.8313856427379,28.66110183639399,4.0,3.672787979966611,0.4175238994353638,2.4390243902439024,12.771285475792988,completed,,3,0.0,273.55559265364786,18.66355759599332,1.255527140774886,261004_3,run-03
261004_3/run-03/dash_qoe_log_cc-bbr_abr-throughput_signals-rtt_netem-high-rtt-loss.json.gz,BBR,Throughput,rtt,cc-bbr_abr-throughput_signals-rtt_netem-high-rtt-loss,True,596.4,597.813599999994,1.3152000000029802,0.09839999999108207,0.0,0,3,0.9949664429530202,1.399561231543624,0.5025125628140703,99.32998324958123,0,1184,156.0925793918919,263.24,1.5238809906145712,2.383923639096927,21.368243243243242,78.60895270270271,1.0,9.037162162162161,1.7195309307288056,3.79746835443038,23.05743243243243,completed,,3,0.5008347245409015,264.236744967008,25.382141903171952,1.3995626138969453,261004_3,run-03
261004_3/run-03/dash_qoe_log_cc-cubic_abr-bola_signals-rtt_netem-high-rtt-loss.json.gz,CUBIC,BOLA,rtt,cc-cubic_abr-bola_signals-rtt_netem-high-rtt-loss,True,596.333332,597.8143000000119,1.371800000011921,0.10916799999997773,0.0,0,0,0.0,0.177434,99.83249581239531,0.0,0,1184,136.99408699324326,144.952,1.3446463594847298,1.4303875499215164,0.0,13.91891891891892,2.0,19.510135135135137,0.9076422057470918,3.4996975196612166,5.658783783783784,completed,,3,0.6666666666666666,266.19177852365993,14.07496,0.1774340000000001,261004_3,run-03
261004_3/run-03/dash_qoe_log_cc-cubic_abr-throughput_signals-rtt-loss_netem-high-rtt-loss.json.gz,CUBIC,Throughput,rtt+loss,cc-cubic_abr-throughput_signals-rtt-loss_netem-high-rtt-loss,True,596.333332,597.748699999988,1.3572999999970197,0.05806799999098722,0.0,0,0,0.0,0.177434,99.83249581239531,0.0,0,1180,137.50589830508474,147.296,1.3512711398103914,1.4536964362003357,1.0169491525423728,15.577118644067797,1.0,18.389830508474578,1.2065040801178528,3.2369299221356966,5.338983050847458,completed,,3,0.8347245409015025,278.5156565665797,15.34509015025042,0.17743399999999998,261004_3,run-03
261004_3/run-03/dash_qoe_log_cc-cubic_abr-throughput_signals-rtt-cwnd-loss_netem-high-rtt-loss.json.gz,CUBIC,Throughput,rtt+cwnd+loss,cc-cubic_abr-throughput_signals-rtt-cwnd-loss_netem-high-rtt-loss,True,596.333332,598.2321000000089,1.8821000000089407,0.01666799999994506,0.0,0,0,0.0,0.177434,99.83249581239531,0.0,0,1187,137.7780893007582,145.417,1.3542523832052096,1.4309385679090836,0.08424599831508003,15.06149957877001,1.0,16.006739679865206,1.3563896945234488,3.195564516129037,5.391743892165122,completed,,3,0.333889816360601,261.8008375225754,15.409412353923205,0.17743399999999993,261004_3,run-03
261004_3/run-03/dash_qoe_log_cc-bbr_abr-bola_signals-rtt-loss_netem-stable-8mbit.json.gz,BBR,BOLA,rtt+loss,cc-bbr_abr-bola_signals-rtt-loss_netem-stable-8mbit,True,596.458332,596.849299999997,0.5125999999940395,0,0.0,0,1,0.9983221476510067,1.4036830771812079,0.16778523489932887,99.83221476510067,0,1182,30.578171742808795,34.252,1.6482785578268764,1.8560622551153676,92.47038917089678,35.780033840947546,4.0,1.1844331641285957,0.0,0.0,0.0,completed,,3,0.5016722408026756,250.1341176453508,26.806083612040133,1.405744,261004_3,run-03
261004_3/run-03/dash_qoe_log_cc-bbr_abr-throughput_signals-rtt-cwnd-loss_netem-high-rtt-loss.json.gz,BBR,Throughput,rtt+cwnd+loss,cc-bbr_abr-throughput_signals-rtt-cwnd-loss_netem-high-rtt-loss,True,596.4,597.815700000003,1.3452000000029802,0.0704999999999909,0.0,0,3,0.9966442953020134,1.401622154362416,0.33500837520938026,99.49748743718592,0,1190,155.87059747899158,273.784,1.5190141037497664,2.649069675184565,16.470588235294116,79.6453781512605,2.0,8.823529411764707,1.2805004476022892,4.034302759134974,23.277310924369747,completed,,3,0.16666666666666666,286.6535893138094,25.325425,1.4016223604547162,261004_3,run-03
261004_3/run-03/dash_qoe_log_cc-bbr_abr-bola_signals-rtt_netem-stable-8mbit.json.gz,BBR,BOLA,rtt,cc-bbr_abr-bola_signals-rtt_netem-stable-8mbit,True,596.4,596.8338000000119,0.48240000000596045,0,0.0,0,1,0.9983221476510067,1.4036830771812079,0.16778523489932887,99.83221476510067,0,1185,30.64001687763713,34.428,1.6512937874469795,1.8706802868941534,92.57383966244726,35.90801687763713,4.0,1.8565400843881856,0.0,0.0,0.0,completed,,3,0.33444816053511706,252.18171140746583,26.775247491638797,1.4057440000000003,261004_3,run-03
261004_3/run-03/dash_qoe_log_cc-cubic_abr-bola_signals-rtt-loss_netem-high-rtt-loss.json.gz,CUBIC,BOLA,rtt+loss,cc-cubic_abr-bola_signals-rtt-loss_netem-high-rtt-loss,True,596.333332,597.693099999994,1.3602000000178813,0,0.0,0,0,0.0,0.177434,99.83249581239531,0.0,0,1187,137.3704304970514,146.423,1.3561424208157278,1.4388029954086818,0.8424599831508003,14.940185341196294,1.0,18.871103622577927,1.2734406782396426,3.4482758620689653,5.560235888795282,completed,,3,0.333889816360601,255.33467336560614,14.084719532554256,0.1774340000000001,261004_3,run-03
261004_3/run-03/dash_qoe_log_cc-bbr_abr-bola_signals-cwnd_netem-stable-8mbit.json.gz,BBR,BOLA,cwnd,cc-bbr_abr-bola_signals-cwnd_netem-stable-8mbit,True,596.458332,596.8817000000179,0.5330999999940396,0,0.0,0,1,0.9983221476510067,1.4036830771812079,0.16778523489932887,99.83221476510067,0,1186,31.343081787521076,36.507,1.6952068028560179,1.9845250931267755,90.80944350758853,35.880269814502526,4.0,1.2647554806070826,0.0,0.0,0.0,completed,,3,0.33444816053511706,254.36124160825807,26.784720735785953,1.4057440000000003,261004_3,run-03
261004_3/run-03/dash_qoe_log_cc-bbr_abr-throughput_signals-none_netem-constrained-2mbit.json.gz,BBR,Throughput,none,cc-bbr_abr-throughput_signals-none_netem-constrained-2mbit,True,596.4,597.233400000006,0.9065,0,0.0,0,15,0.8791946308724832,1.25735755704698,12.06030150753769,87.77219430485762,0,1191,97.01258942065492,111.981,1.8661728781062583,2.17027734678045,98.74055415617129,28.568429890848027,4.0,3.1066330814441647,0.5474875637035159,2.9631255487269534,12.678421494542402,completed,,3,0.0,327.2329431452281,18.532103678929765,1.2580772255073671,261004_3,run-03
261004_3/run-03/dash_qoe_log_cc-cubic_abr-throughput_signals-cwnd-loss_netem-stable-8mbit.json.gz,CUBIC,Throughput,cwnd+loss,cc-cubic_abr-throughput_signals-cwnd-loss_netem-stable-8mbit,True,596.458332,596.8625,0.44280000001192094,0,0.0,0,1,0.9983221476510067,1.4036830771812079,0.16778523489932887,99.83221476510067,0,1187,205.1233201347936,480.882,11.096928464265558,26.194683516722954,99.83150800336983,246.48020219039594,10.0,11.373209772535805,0.0,0.0,0.0,completed,,3,0.16722408026755853,266.60251256024816,26.736270903010034,1.4057440000000003,261004_3,run-03
261004_3/run-03/dash_qoe_log_cc-bbr_abr-throughput_signals-cwnd-loss_netem-high-rtt-loss.json.gz,BBR,Throughput,cwnd+loss,cc-bbr_abr-throughput_signals-cwnd-loss_netem-high-rtt-loss,True,596.4,597.583,1.2674000000059604,0,0.0,0,5,0.9748322147651006,1.3748301577181208,2.512562814070352,97.31993299832496,0,1185,151.87384303797467,169.15579999999997,1.4612817000699976,1.6495365176831784,13.839662447257384,79.09029535864978,4.0,10.210970464135022,1.9763993129914739,3.836416747809151,23.037974683544302,completed,,3,0.6666666666666666,263.551845639194,25.13043,1.374834140733544,261004_3,run-03
261004_3/run-03/dash_qoe_log_cc-cubic_abr-bola_signals-cwnd_netem-constrained-2mbit.json.gz,CUBIC,BOLA,cwnd,cc-cubic_abr-bola_signals-cwnd_netem-constrained-2mbit,True,596.4,597.186699999988,0.8506999999880791,0,0.0,0,11,0.9060402684563759,1.290332322147651,9.380234505862646,90.45226130653266,1,1190,176.6367462184874,306.564,3.42169636953357,5.967995639308519,99.5798319327731,29.8218487394958,1.0,68.23529411764706,0.6791924399476132,2.73972602739726,13.949579831932773,completed,,3,0.16722408026755853,228.97805694983631,18.1745635451505,1.290630428098033,261004_3,run-03
261004_3/run-03/dash_qoe_log_cc-cubic_abr-throughput_signals-loss_netem-constrained-2mbit.json.gz,CUBIC,Throughput,loss,cc-cubic_abr-throughput_signals-loss_netem-constrained-2mbit,True,596.4,598.486099999994,2.0545,0.03159999999407592,0.0,0,28,0.6432160804020101,0.9675027437185929,35.678391959798994,64.321608040201,0,1191,155.12479261125105,263.22749999999996,2.9998334330671077,5.04839150198014,96.89336691855584,25.61964735516373,2.0,61.04114189756507,0.6911847994717033,2.7212143650499816,11.670864819479428,completed,,3,0.49916805324459235,298.3511705704058,16.188272878535773,0.9691236191254078,261004_3,run-03
261004_3/run-03/dash_qoe_log_cc-bbr_abr-throughput_signals-none_netem-high-rtt-loss.json.gz,BBR,Throughput,none,cc-bbr_abr-throughput_signals-none_netem-high-rtt-loss,True,596.458332,597.6746999999881,1.2945,0,0.0,0,3,0.9949664429530202,1.399561231543624,0.5025125628140703,99.32998324958123,0,1186,155.13850674536258,267.006,1.4952508487655454,2.2604447981307305,18.21247892074199,80.28752107925801,4.0,10.202360876897133,1.9592588457810385,3.8339824732229797,23.27150084317032,completed,,3,0.5008347245409015,248.1035234930131,25.28029716193656,1.3995623939179085,261004_3,run-03
261004_3/run-03/dash_qoe_log_cc-bbr_abr-throughput_signals-cwnd-loss_netem-constrained-2mbit.json.gz,BBR,Throughput,cwnd+loss,cc-bbr_abr-throughput_signals-cwnd-loss_netem-constrained-2mbit,True,596.4,597.1507999999822,0.7739000000059605,0,0.0,0,25,0.8927973199329984,1.274065876046901,10.720268006700168,89.27973199329983,1,1186,98.43635497470488,114.39899999999999,1.88920102616221,2.2138542331144677,98.65092748735245,28.754637436762227,4.0,3.87858347386172,0.5893336138670069,2.4390243902439024,12.39460370994941,completed,,3,0.5016722408026756,262.48873949426564,18.07570568561873,1.2764697122250372,261004_3,run-03
261004_3/run-03/dash_qoe_log_cc-cubic_abr-throughput_signals-cwnd_netem-stable-8mbit.json.gz,CUBIC,Throughput,cwnd,cc-cubic_abr-throughput_signals-cwnd_netem-stable-8mbit,True,596.4,596.8893000000119,0.561,0,0.0,0,1,0.9983221476510067,1.4036830771812079,0.16778523489932887,99.83221476510067,0,1180,204.58197372881355,479.039,11.123735384207919,26.128449874550018,99.83050847457628,244.58389830508474,10.0,12.203389830508474,0.0,0.0,0.0,completed,,3,0.667779632721202,276.8331092402715,26.711747913188645,1.4057439999999988,261004_3,run-03
261004_3/run-03/dash_qoe_log_cc-bbr_abr-bola_signals-loss_netem-constrained-2mbit.json.gz,BBR,BOLA,loss,cc-bbr_abr-bola_signals-loss_netem-constrained-2mbit,True,596.4,597.2595,0.858199999988079,0.0013000000119464117,0.0,0,19,0.8674496644295302,1.2429310973154362,13.23283082077052,86.59966499162479,0,1191,99.99317296389589,119.71600000000001,1.9257108112915287,2.309983494258559,99.41225860621327,28.746431570109152,4.0,3.7783375314861463,0.4457455316098557,2.5158227848101267,13.014273719563391,completed,,3,0.0,210.28678929755918,18.457429765886285,1.243216494611277,261004_3,run-03
261004_3/run-03/dash_qoe_log_cc-bbr_abr-throughput_signals-rtt-loss_netem-high-rtt-loss.json.gz,BBR,Throughput,rtt+loss,cc-bbr_abr-throughput_signals-rtt-loss_netem-high-rtt-loss,True,596.458332,597.7935999999941,1.3992999999821185,0,0.0,0,3,0.9949664429530202,1.399561231543624,0.5025125628140703,99.32998324958123,0,1184,153.70749662162163,267.68,1.500122386259172,2.4827714139961974,16.97635135135135,79.63175675675676,4.0,9.037162162162161,1.281666109987366,3.793885837114878,23.56418918918919,completed,,3,0.5008347245409015,265.7520134245489,25.291677796327214,1.399561492951641,261004_3,run-03
261004_3/run-03/dash_qoe_log_cc-cubic_abr-bola_signals-rtt-cwnd-loss_netem-high-rtt-loss.json.gz,CUBIC,BOLA,rtt+cwnd+loss,cc-cubic_abr-bola_signals-rtt-cwnd-loss_netem-high-rtt-loss,True,596.333332,597.7958999999762,1.496,0,0.0,0,0,0.0,0.177434,99.83249581239531,0.0,0,1180,136.88279830508475,145.052,1.3368990054893533,1.4225235046318676,0.0,14.31864406779661,1.0,19.322033898305083,1.2299591044146672,2.728857890148189,5.423728813559322,completed,,3,0.333889816360601,327.8293132334199,14.11349916527546,0.17743400000000006,261004_3,run-03
261004_3/run-03/dash_qoe_log_cc-cubic_abr-bola_signals-rtt-cwnd_netem-constrained-2mbit.json.gz,CUBIC,BOLA,rtt+cwnd,cc-cubic_abr-bola_signals-rtt-cwnd_netem-constrained-2mbit,True,596.4,598.363400000006,2.0690999999940396,0,0.0,0,56,0.11055276381909548,0.3132270653266332,88.94472361809045,11.055276381909549,40,1188,132.04056397306397,204.38579999999973,2.5503190028416753,3.9284286852899415,98.4006734006734,21.664983164983166,1.0,50.0,0.5951114661028765,3.0144730890999485,9.595959595959595,completed,,3,0.5,250.16013400204218,9.549716666666667,0.31503770867882863,261004_3,run-03
261004_3/run-03/dash_qoe_log_cc-bbr_abr-throughput_signals-none_netem-stable-8mbit.json.gz,BBR,Throughput,none,cc-bbr_abr-throughput_signals-none_netem-stable-8mbit,True,596.458332,596.8458000000119,0.4295999999940395,0,0.0,0,1,0.9983221476510067,1.4036830771812079,0.16778523489932887,99.83221476510067,0,1181,31.08613124470787,35.058,1.68925147308782,1.9227773816705973,92.6333615580017,35.62489415749365,4.0,1.6088060965283657,0.0,0.0,0.0,completed,,3,0.6688963210702341,271.34276094209866,26.7896856187291,1.405744,261004_3,run-03
261004_3/run-03/dash_qoe_log_cc-bbr_abr-bola_signals-none_netem-constrained-2mbit.json.gz,BBR,BOLA,none,cc-bbr_abr-bola_signals-none_netem-constrained-2mbit,True,596.458332,597.2166000000238,0.8298000000119209,0,0.0,0,37,0.8994974874371859,1.2822957587939698,10.050251256281408,89.94974874371859,0,1188,97.93098569023569,116.74029999999996,1.8918388672581121,2.2489169217571017,99.32659932659932,28.680976430976433,4.0,4.545454545454546,0.4274422589230404,2.4390243902439024,12.878787878787879,completed,,3,0.16722408026755853,253.51926297917836,18.725122073578596,1.284196199382689,261004_3,run-03
261004_3/run-03/dash_qoe_log_cc-bbr_abr-bola_signals-rtt-cwnd-loss_netem-high-rtt-loss.json.gz,BBR,BOLA,rtt+cwnd+loss,cc-bbr_abr-bola_signals-rtt-cwnd-loss_netem-high-rtt-loss,True,596.4,598.101,1.53,0.1710000000000218,0.0,0,1,0.9932885906040269,1.3975003087248323,0.6700167504187605,99.16247906197655,0,1189,155.75927670311185,276.64,1.5270824363736781,2.673470176659322,15.643397813288479,79.8444070647603,1.0,10.260723296888141,1.5252663120540861,3.8461538461538463,23.465096719932717,completed,,3,0.1669449081803005,296.96538461241437,25.365335559265443,1.39750105558751,261004_3,run-03
261004_3/run-03/dash_qoe_log_cc-cubic_abr-throughput_signals-none_netem-constrained-2mbit.json.gz,CUBIC,Throughput,none,cc-cubic_abr-throughput_signals-none_netem-constrained-2mbit,True,596.4,598.465900000006,2.017300000011921,0.04859999999404696,0.0,0,29,0.88107202680067,1.2596635812395311,11.892797319932999,88.107202680067,0,1193,172.76681307627828,304.7608,3.3155578621653143,5.758460157652383,99.41324392288348,28.74685666387259,2.0,70.32690695725063,0.7963058374069724,3.048951048951043,13.57921207041073,completed,,3,0.16666666666666666,278.84090150646455,18.539043333333332,1.259797086640518,261004_3,run-03
261004_3/run-03/dash_qoe_log_cc-cubic_abr-throughput_signals-rtt-cwnd-loss_netem-constrained-2mbit.json.gz,CUBIC,Throughput,rtt+cwnd+loss,cc-cubic_abr-throughput_signals-rtt-cwnd-loss_netem-constrained-2mbit,True,596.4,597.208400000006,0.832300000011921,0,0.0,0,76,0.09731543624161074,0.2969675234899329,90.11725293132328,9.715242881072026,41,1193,140.50009388097234,237.0305999999996,2.7077106808983724,4.4624683371653475,96.1441743503772,23.896060352053645,1.0,44.59346186085499,0.6950026513906791,2.786692759295483,9.220452640402348,completed,,3,0.16666666666666666,240.92737896429477,8.905485,0.2989211517822391,261004_3,run-03
261004_3/run-03/dash_qoe_log_cc-bbr_abr-throughput_signals-cwnd_netem-constrained-2mbit.json.gz,BBR,Throughput,cwnd,cc-bbr_abr-throughput_signals-cwnd_netem-constrained-2mbit,True,596.4,597.1746999999881,0.8164000000059605,0,0.0,0,19,0.8844221105527639,1.2637785226130653,11.557788944723619,88.44221105527639,0,1190,98.3914025210084,115.07229999999998,1.8870424236208452,2.2252633197509035,98.23529411764706,28.705882352941178,1.0,3.865546218487395,0.5500021090975173,2.5316455696202533,12.6890756302521,completed,,3,0.16722408026755853,307.78073701442185,18.586170568561872,1.265967637859879,261004_3,run-03
261004_3/run-04/dash_qoe_log_cc-bbr_abr-throughput_signals-cwnd-loss_netem-high-rtt-loss.json.gz,BBR,Throughput,cwnd+loss,cc-bbr_abr-throughput_signals-cwnd-loss_netem-high-rtt-loss,True,596.4,597.822800000012,1.2729000000059605,0.14990000000602866,0.0,0,3,0.9949664429530202,1.399561231543624,0.5025125628140703,99.32998324958123,0,1188,151.18898063973063,167.81459999999996,1.473324221799611,1.6345159151193636,11.7003367003367,79.21801346801347,1.0,8.754208754208754,1.7307588237010243,3.75,22.39057239057239,completed,,4,0.5,278.7812395343429,25.335778333333334,1.399322953756047,261004_3,run-04
261004_3/run-04/dash_qoe_log_cc-bbr_abr-throughput_signals-cwnd_netem-constrained-2mbit.json.gz,BBR,Throughput,cwnd,cc-bbr_abr-throughput_signals-cwnd_netem-constrained-2mbit,True,596.4,597.228599999994,0.795800000011921,0.03279999998210492,0.0,0,19,0.8927973199329984,1.274065876046901,10.720268006700168,89.27973199329983,0,1195,97.45240585774059,113.27,1.8700213585813943,2.190957822241923,98.24267782426779,28.778242677824267,4.0,3.2635983263598325,0.6085352282174435,2.607655502392343,14.476987447698745,completed,,4,0.0,246.92650000045697,18.55872833333333,1.2761880103861518,261004_3,run-04
261004_3/run-04/dash_qoe_log_cc-bbr_abr-bola_signals-rtt_netem-stable-8mbit.json.gz,BBR,BOLA,rtt,cc-bbr_abr-bola_signals-rtt_netem-stable-8mbit,True,596.4,596.996599999994,0.4937999999821186,0.1028000000119364,0.0,0,1,0.9983221476510067,1.4036830771812079,0.16778523489932887,99.83221476510067,0,1185,31.447027004219407,38.34299999999989,1.6962210018635415,1.9769875757426285,88.94514767932489,36.258227848101264,4.0,1.518987341772152,0.0,0.0,0.0,completed,,4,0.333889816360601,299.7643216108557,26.738118530884808,1.405744,261004_3,run-04
261004_3/run-04/dash_qoe_log_cc-bbr_abr-bola_signals-rtt-cwnd-loss_netem-high-rtt-loss.json.gz,BBR,BOLA,rtt+cwnd+loss,cc-bbr_abr-bola_signals-rtt-cwnd-loss_netem-high-rtt-loss,True,596.4,597.8065999999941,1.2955,0.11109999999411402,0.0,0,7,0.9781879194630873,1.3789520033557048,2.1775544388609713,97.65494137353434,1,1178,156.02593463497453,258.923,1.5189226734726442,2.3768795784603522,17.65704584040747,79.04159592529712,3.0,9.932088285229202,1.1030121008442717,3.899923605805955,22.750424448217316,completed,,4,1.001669449081803,270.27537942656375,25.003948247078462,1.3786768438148227,261004_3,run-04
261004_3/run-04/dash_qoe_log_cc-cubic_abr-bola_signals-rtt-loss_netem-constrained-2mbit.json.gz,CUBIC,BOLA,rtt+loss,cc-cubic_abr-bola_signals-rtt-loss_netem-constrained-2mbit,True,596.4,597.2122999999821,0.8545,0,0.0,0,56,0.07718120805369127,0.2722364496644295,92.12730318257957,7.705192629815746,38,1193,142.94226571668062,288.8499999999999,2.7527526204912096,5.521003912587079,98.32355406538139,25.94383906119028,2.0,47.946353730092206,0.9097979569693793,3.8641509433961954,10.477787091366304,completed,,4,0.0,316.74474123498436,9.154225375626044,0.2721406485339859,261004_3,run-04
261004_3/run-04/dash_qoe_log_cc-cubic_abr-bola_signals-cwnd_netem-constrained-2mbit.json.gz,CUBIC,BOLA,cwnd,cc-cubic_abr-bola_signals-cwnd_netem-constrained-2mbit,True,596.4,597.212,0.9305999999940395,0,0.0,0,13,0.8506711409395973,1.2223218691275168,14.90787269681742,84.92462311557789,2,1195,162.1642920502092,316.99639999999994,3.1288155622119027,6.170960132566527,98.99581589958159,27.089539748953975,2.0,70.8786610878661,0.7428497422669372,2.9986431478968774,15.481171548117155,completed,,4,0.0,263.1899833094596,17.683,1.2230172813186149,261004_3,run-04
261004_3/run-04/dash_qoe_log_cc-cubic_abr-bola_signals-rtt-cwnd_netem-constrained-2mbit.json.gz,CUBIC,BOLA,rtt+cwnd,cc-cubic_abr-bola_signals-rtt-cwnd_netem-constrained-2mbit,True,596.458332,597.2017000000179,0.8567000000178814,0,0.0,0,70,0.09715242881072027,0.2967672998324958,90.28475711892797,9.715242881072026,39,1191,129.10415785054576,225.474,2.488286592051092,4.1299767634705855,97.64903442485307,21.90260285474391,2.0,47.60705289672544,1.0447061490797258,3.4985720114239087,11.586901763224182,completed,,4,0.1669449081803005,292.24548495005206,9.389368948247078,0.296356929028242,261004_3,run-04
261004_3/run-04/dash_qoe_log_cc-bbr_abr-throughput_signals-none_netem-constrained-2mbit.json.gz,BBR,Throughput,none,cc-bbr_abr-throughput_signals-none_netem-constrained-2mbit,True,596.4,597.214699999988,0.798,0.01669999998807903,0.0,0,29,0.9011725293132329,1.2843532294807372,9.882747068676716,90.11725293132328,0,1192,97.88529110738254,118.0668,1.8807640285110563,2.2886759073854472,99.07718120805369,28.62248322147651,4.0,4.530201342281879,0.577406570230149,2.5,14.345637583892618,completed,,4,0.0,303.58631052188764,18.52951085141903,1.286791474003224,261004_3,run-04
261004_3/run-04/dash_qoe_log_cc-bbr_abr-bola_signals-none_netem-constrained-2mbit.json.gz,BBR,BOLA,none,cc-bbr_abr-bola_signals-none_netem-constrained-2mbit,True,596.4,597.2303999999762,0.8622999999821186,0,0.0,0,13,0.9078726968174204,1.2925831122278058,9.212730318257956,90.78726968174205,0,1194,97.04781825795645,114.10169999999997,1.879636484162904,2.21299780705822,99.41373534338358,28.57537688442211,4.0,4.187604690117253,0.4942847050652525,2.666666666666667,13.90284757118928,completed,,4,0.0,242.20401337548444,19.14092474916388,1.294399971182715,261004_3,run-04
261004_3/run-04/dash_qoe_log_cc-bbr_abr-throughput_signals-rtt-loss_netem-high-rtt-loss.json.gz,BBR,Throughput,rtt+loss,cc-bbr_abr-throughput_signals-rtt-loss_netem-high-rtt-loss,True,596.4,597.7957999999821,1.3620999999940395,0.03369999998812001,0.0,0,21,0.8573825503355704,1.2305655604026846,14.23785594639866,85.59463986599665,3,1187,147.1970101095198,161.795,1.4376078008770317,1.591148956347364,12.721145745577084,74.87194608256108,4.0,9.435551811288963,1.768336474403771,4.02828282828283,22.493681550126368,completed,,4,0.333889816360601,234.7286432160804,22.643884808013354,1.2308939221252848,261004_3,run-04
261004_3/run-04/dash_qoe_log_cc-cubic_abr-throughput_signals-cwnd-loss_netem-stable-8mbit.json.gz,CUBIC,Throughput,cwnd+loss,cc-cubic_abr-throughput_signals-cwnd-loss_netem-stable-8mbit,True,596.458332,596.89,0.5596000000238418,0,0.0,0,1,0.9983221476510067,1.4036830771812079,0.16778523489932887,99.83221476510067,0,1186,197.67676644182123,480.661,10.708909186753385,26.10018462206777,99.83136593591905,237.25885328836424,10.0,11.467116357504215,0.0,0.0,0.0,completed,,4,0.5008347245409015,238.21627517044544,26.639076794657765,1.405743999999999,261004_3,run-04
261004_3/run-04/dash_qoe_log_cc-cubic_abr-bola_signals-rtt_netem-high-rtt-loss.json.gz,CUBIC,BOLA,rtt,cc-cubic_abr-bola_signals-rtt_netem-high-rtt-loss,True,596.4,597.5927000000179,1.2885999999940396,0,0.0,0,6,0.0016778523489932886,0.17949492281879192,99.66499162479062,0.16750418760469013,0,1182,138.09876818950931,146.15570000000002,1.3487129944598937,1.4310400368154625,1.6920473773265652,15.097292724196278,1.0,23.77326565143824,0.942181564281762,3.505747126436784,6.852791878172589,completed,,4,0.333889816360601,344.0333333333433,13.610565943238731,0.17933859818722603,261004_3,run-04
261004_3/run-04/dash_qoe_log_cc-bbr_abr-bola_signals-cwnd_netem-stable-8mbit.json.gz,BBR,BOLA,cwnd,cc-bbr_abr-bola_signals-cwnd_netem-stable-8mbit,True,596.4,596.8954000000059,0.43780000001192093,0.05759999999400861,0.0,0,1,0.9983221476510067,1.4036830771812079,0.16778523489932887,99.83221476510067,0,1184,30.59696368243243,35.049,1.6537774638590708,1.8865344808802702,93.41216216216216,36.00675675675676,4.0,0.5067567567567568,0.0,0.0,0.0,completed,,4,0.5008347245409015,252.08372482857447,26.710724540901502,1.4057440000000012,261004_3,run-04
261004_3/run-04/dash_qoe_log_cc-bbr_abr-throughput_signals-loss_netem-constrained-2mbit.json.gz,BBR,Throughput,loss,cc-bbr_abr-throughput_signals-loss_netem-constrained-2mbit,True,596.4,597.0706000000239,0.683800000011921,0,0.0,0,29,0.889261744966443,1.2697230939597315,11.073825503355705,88.9261744966443,0,1187,98.97831255265375,115.6482,1.9009336260237015,2.2465779493855855,98.65206402695873,28.903117101937656,1.0,3.454085930918281,0.6226674203051319,2.845070422535213,13.816343723673125,completed,,4,0.16722408026755853,225.35108878115312,18.554617056856188,1.2714254340831401,261004_3,run-04
261004_3/run-04/dash_qoe_log_cc-bbr_abr-throughput_signals-rtt-cwnd-loss_netem-high-rtt-loss.json.gz,BBR,Throughput,rtt+cwnd+loss,cc-bbr_abr-throughput_signals-rtt-cwnd-loss_netem-high-rtt-loss,True,596.4,597.8185,1.3162000000178813,0.10229999998211325,0.0,0,3,0.9949664429530202,1.399561231543624,0.5025125628140703,99.32998324958123,0,1188,152.20745622895623,178.18074999999985,1.4872473288603854,1.6482783568951933,13.804713804713804,78.64393939393939,3.0,8.501683501683502,1.9263647996098938,3.73379629629629,23.14814814814815,completed,,4,0.333889816360601,272.65929648360014,25.382552587646074,1.3995296233415995,261004_3,run-04
261004_3/run-04/dash_qoe_log_cc-cubic_abr-throughput_signals-rtt-cwnd-loss_netem-high-rtt-loss.json.gz,CUBIC,Throughput,rtt+cwnd+loss,cc-cubic_abr-throughput_signals-rtt-cwnd-loss_netem-high-rtt-loss,True,596.458332,597.5710999999941,1.237,0,0.0,0,6,0.01174496644295302,0.19186045973154361,98.65996649916248,1.1725293132328307,2,1186,137.4809502529511,148.123,1.335101627888352,1.4515172256445357,1.6020236087689714,14.636593591905564,1.0,18.718381112984822,1.012521225272534,3.3798576902025173,5.81787521079258,completed,,4,0.16666666666666666,339.7961602720474,15.149683333333332,0.19205321679134876,261004_3,run-04
261004_3/run-04/dash_qoe_log_cc-bbr_abr-throughput_signals-rtt_netem-high-rtt-loss.json.gz,BBR,Throughput,rtt,cc-bbr_abr-throughput_signals-rtt_netem-high-rtt-loss,True,596.4,597.799900000006,1.291199999988079,0.10870000001794877,0.0,0,3,0.9949664429530202,1.399561231543624,0.5025125628140703,99.32998324958123,0,1185,154.41890801687762,201.69479999999993,1.5075640870118638,1.8923967183914447,20.253164556962027,79.18902953586498,4.0,9.367088607594937,1.644953329166227,3.75,23.459915611814345,completed,,4,0.5008347245409015,284.19630872063186,25.328410684474125,1.399561436598551,261004_3,run-04
261004_3/run-04/dash_qoe_log_cc-cubic_abr-throughput_signals-cwnd_netem-stable-8mbit.json.gz,CUBIC,Throughput,cwnd,cc-cubic_abr-throughput_signals-cwnd_netem-stable-8mbit,True,596.458332,596.849900000006,0.4987000000178814,0,0.0,0,1,0.9983221476510067,1.4036830771812079,0.16778523489932887,99.83221476510067,0,1181,198.05064098221845,479.08,10.716678405431848,26.066706567277873,99.91532599491956,239.60118543607112,10.0,11.769686706181202,0.0,0.0,0.0,completed,,4,0.5016722408026756,227.15025209914737,26.6984381270903,1.4057440000000003,261004_3,run-04
261004_3/run-04/dash_qoe_log_cc-bbr_abr-throughput_signals-cwnd-loss_netem-constrained-2mbit.json.gz,BBR,Throughput,cwnd+loss,cc-bbr_abr-throughput_signals-cwnd-loss_netem-constrained-2mbit,True,596.4,597.1568000000119,0.833199999988079,0,0.0,0,7,0.9363484087102177,1.3275601139028474,6.365159128978225,93.63484087102178,0,1194,98.3108567839196,114.2485,1.9209255716515392,2.244940066810768,99.58123953098827,28.615577889447238,4.0,4.0201005025125625,0.48100049968433245,2.4390243902439024,14.23785594639866,completed,,4,0.0,300.5689482480437,19.518101836393992,1.3301167100104379,261004_3,run-04
261004_3/run-04/dash_qoe_log_cc-bbr_abr-throughput_signals-none_netem-high-rtt-loss.json.gz,BBR,Throughput,none,cc-bbr_abr-throughput_signals-none_netem-high-rtt-loss,True,596.4,597.6195,1.220199999988079,0,0.0,0,3,0.9983221476510067,1.4036830771812079,0.16750418760469013,99.66499162479062,0,1186,151.08943254637438,166.686,1.4812516693599007,1.64973825110014,15.85160202360877,78.97133220910624,4.0,9.190556492411467,1.3656093549053607,3.9215686274509802,22.84991568296796,completed,,4,0.5,211.71457286311355,25.345553333333335,1.4036567766941144,261004_3,run-04
261004_3/run-04/dash_qoe_log_cc-cubic_abr-throughput_signals-rtt-loss_netem-high-rtt-loss.json.gz,CUBIC,Throughput,rtt+loss,cc-cubic_abr-throughput_signals-rtt-loss_netem-high-rtt-loss,True,596.458332,597.594,1.2449000000059605,0,0.0,0,2,0.0,0.177434,99.83249581239531,0.0,0,1187,138.76174136478517,147.848,1.3607843651962503,1.4498370657976842,1.1794439764111204,16.784330244313395,1.0,18.112889637742207,1.133383552772936,2.3333333333333406,5.307497893850043,completed,,4,0.16666666666666666,302.0138564222245,15.148040000000002,0.17743400000000004,261004_3,run-04
261004_3/run-04/dash_qoe_log_cc-bbr_abr-bola_signals-rtt-loss_netem-stable-8mbit.json.gz,BBR,BOLA,rtt+loss,cc-bbr_abr-bola_signals-rtt-loss_netem-stable-8mbit,True,596.458332,596.9588999999762,0.629699999988079,0,0.0,0,1,0.9983221476510067,1.4036830771812079,0.16778523489932887,99.83221476510067,0,1186,30.52089460370995,34.28375,1.6535460609539703,1.8549076334694723,92.49578414839797,35.842327150084316,4.0,1.433389544688027,0.0,0.0,0.0,completed,,4,0.1669449081803005,197.01137123448794,26.729098497495826,1.405744000000001,261004_3,run-04
261004_3/run-04/dash_qoe_log_cc-cubic_abr-throughput_signals-rtt-cwnd-loss_netem-constrained-2mbit.json.gz,CUBIC,Throughput,rtt+cwnd+loss,cc-cubic_abr-throughput_signals-rtt-cwnd-loss_netem-constrained-2mbit,True,596.4,597.2125,0.8475999999940396,0,0.0,0,44,0.0907563025210084,0.2889108739495798,90.77181208053692,9.060402684563758,39,1194,133.9469489112228,259.622,2.5807257068303295,4.95737444385512,98.24120603015075,23.41457286432161,1.0,46.81742043551089,0.6524293655260688,3.3333333333333335,10.720268006700168,completed,,4,0.0,299.21268781318093,8.396819699499165,0.28955635978048017,261004_3,run-04
261004_3/run-04/dash_qoe_log_cc-bbr_abr-bola_signals-none_netem-high-rtt-loss.json.gz,BBR,BOLA,none,cc-bbr_abr-bola_signals-none_netem-high-rtt-loss,True,596.458332,597.7655,1.3846999999880791,0,0.0,0,9,0.9781879194630873,1.3789520033557048,2.1775544388609713,97.65494137353434,0,1187,153.37368576242628,171.635,1.4872897641073461,1.6591945925174156,17.944397641112047,79.8955349620893,1.0,8.424599831508003,1.82306622915876,4.033613445378158,22.74641954507161,completed,,4,0.3333333333333333,218.64615384516708,24.828081666666666,1.378716439877553,261004_3,run-04
261004_3/run-04/dash_qoe_log_cc-cubic_abr-bola_signals-rtt-cwnd-loss_netem-high-rtt-loss.json.gz,CUBIC,BOLA,rtt+cwnd+loss,cc-cubic_abr-bola_signals-rtt-cwnd-loss_netem-high-rtt-loss,True,596.4,597.587099999994,1.263800000011921,0,0.0,0,0,0.0,0.177434,99.83249581239531,0.0,1,1180,138.16422033898306,147.851,1.357969122968955,1.4571850150028223,1.7796610169491525,16.922881355932205,1.0,17.45762711864407,1.0092066314366173,0.0,4.830508474576271,completed,,4,0.6666666666666666,314.98993288230577,14.068521666666665,0.177434,261004_3,run-04
261004_3/run-04/dash_qoe_log_cc-bbr_abr-throughput_signals-cwnd_netem-high-rtt-loss.json.gz,BBR,Throughput,cwnd,cc-bbr_abr-throughput_signals-cwnd_netem-high-rtt-loss,True,596.458332,597.7482000000178,1.3855999999940396,0,0.0,0,3,0.9949664429530202,1.399561231543624,0.5025125628140703,99.32998324958123,0,1190,151.4865386554622,164.5125,1.4821873539774257,1.6185946982426311,15.042016806722689,77.75714285714285,1.0,9.663865546218487,1.6942553094226414,3.8461538461538463,22.689075630252102,completed,,4,0.16666666666666666,260.29065108244527,25.261385,1.3995621774869356,261004_3,run-04
261004_3/run-04/dash_qoe_log_cc-cubic_abr-throughput_signals-loss_netem-constrained-2mbit.json.gz,CUBIC,Throughput,loss,cc-cubic_abr-throughput_signals-loss_netem-constrained-2mbit,True,596.4,597.277099999994,0.8534000000059605,0.023699999988055387,0.0,0,31,0.88107202680067,1.2596635812395311,11.892797319932999,88.107202680067,0,1191,169.31056171284632,306.2695,3.2440083563361033,5.929590828992467,98.90848026868179,28.45172124265323,2.0,67.2544080604534,0.6442964132210096,2.9850746268656714,15.113350125944585,completed,,4,0.16722408026755853,250.9418760465717,18.727652173913043,1.26147191632155,261004_3,run-04
261004_3/run-04/dash_qoe_log_cc-cubic_abr-throughput_signals-none_netem-constrained-2mbit.json.gz,CUBIC,Throughput,none,cc-cubic_abr-throughput_signals-none_netem-constrained-2mbit,True,596.4,597.2376000000238,0.7989000000059605,0.03870000001786589,0.0,0,19,0.8609715242881072,1.234973932998325,13.90284757118928,86.09715242881072,0,1193,165.7350125733445,316.56979999999976,3.2039554300605286,6.110384450590111,98.9103101424979,28.20368818105616,6.0,66.80637049455154,0.900538455301384,2.83299798792756,14.836546521374686,completed,,4,0.0,224.5919866438501,18.552467445742906,1.2371601695825125,261004_3,run-04
261004_3/run-04/dash_qoe_log_cc-bbr_abr-bola_signals-loss_netem-constrained-2mbit.json.gz,BBR,BOLA,loss,cc-bbr_abr-bola_signals-loss_netem-constrained-2mbit,True,596.458332,597.2187999999821,0.8669000000059605,0,0.0,0,25,0.889261744966443,1.2697230939597315,11.055276381909549,88.77721943048576,0,1189,97.88170142977292,116.428,1.8747507010335658,2.2560099483904557,98.65433137089991,28.651808242220355,1.0,4.289318755256518,0.6582565681884992,2.518987341772149,14.213624894869639,completed,,4,0.16722408026755853,309.4105527677528,18.425722408026758,1.2698257568614906,261004_3,run-04
261004_3/run-04/dash_qoe_log_cc-cubic_abr-bola_signals-cwnd-loss_netem-stable-8mbit.json.gz,CUBIC,BOLA,cwnd+loss,cc-cubic_abr-bola_signals-cwnd-loss_netem-stable-8mbit,True,596.4,597.136599999994,0.4554000000059605,0.2811999999880809,0.0,0,1,0.9983221476510067,1.4036830771812079,0.16778523489932887,99.83221476510067,0,1182,191.98694754653133,458.013,10.385921004505548,24.729388261972897,99.91539763113367,228.89340101522842,10.0,13.197969543147208,0.0,0.0,0.0,completed,,4,0.5016722408026756,304.36571428154696,26.690336120401337,1.4057439999999997,261004_3,run-04
261004_3/run-04/dash_qoe_log_cc-cubic_abr-bola_signals-rtt-loss_netem-high-rtt-loss.json.gz,CUBIC,BOLA,rtt+loss,cc-cubic_abr-bola_signals-rtt-loss_netem-high-rtt-loss,True,596.458332,597.7021000000238,1.3007000000178814,0,0.0,0,2,0.0,0.177434,99.83249581239531,0.0,0,1184,138.6895810810811,149.72779999999997,1.3628460401756926,1.4725845757590768,2.7027027027027026,15.130912162162161,1.0,19.763513513513512,0.8884245771872418,3.125,5.574324324324325,completed,,4,0.667779632721202,318.2302520985363,14.0440183639399,0.17743399999999995,261004_3,run-04
261004_3/run-04/dash_qoe_log_cc-bbr_abr-throughput_signals-none_netem-stable-8mbit.json.gz,BBR,Throughput,none,cc-bbr_abr-throughput_signals-none_netem-stable-8mbit,True,596.458332,596.876599999994,0.5472000000178814,0,0.0,0,1,0.9983221476510067,1.4036830771812079,0.16778523489932887,99.83221476510067,0,1190,30.541846218487393,34.094,1.65015794060092,1.8469122426868907,93.4453781512605,35.7546218487395,4.0,1.0084033613445378,0.0,0.0,0.0,completed,,4,0.1669449081803005,240.93394649198223,26.722606010016694,1.405744,261004_3,run-04
261004_3/run-01/dash_qoe_log_cc-cubic_abr-bola_signals-loss_netem-stable-8mbit.json.gz,CUBIC,BOLA,loss,cc-cubic_abr-bola_signals-loss_netem-stable-8mbit,True,596.458332,596.843299999997,0.4695,0,0.0,0,1,0.9983221476510067,1.4036830771812079,0.16778523489932887,99.83221476510067,0,1187,191.0678938500421,462.139,10.312984405997838,25.069925138331342,99.91575400168492,226.664700926706,10.0,12.552653748946925,0.0,0.0,0.0,completed,,1,0.33444816053511706,315.39278523541435,26.67540635451505,1.4057439999999994,261004_3,run-01
261004_3/run-01/dash_qoe_log_cc-cubic_abr-throughput_signals-loss_netem-high-rtt-loss.json.gz,CUBIC,Throughput,loss,cc-cubic_abr-throughput_signals-loss_netem-high-rtt-loss,True,596.458332,597.76,1.355,0,0.0,0,2,0.018456375838926176,0.20010415100671142,97.98994974874371,1.8425460636515913,0,1195,139.00534560669456,148.5178,1.3612833255944063,1.4523225577684533,2.426778242677824,17.567364016736402,1.0,18.07531380753138,0.8219714287844198,0.0,4.602510460251046,completed,,1,0.0,294.10616666734217,14.995123333333334,0.2004534038986517,261004_3,run-01
261004_3/run-01/dash_qoe_log_cc-cubic_abr-bola_signals-none_netem-high-rtt-loss.json.gz,CUBIC,BOLA,none,cc-cubic_abr-bola_signals-none_netem-high-rtt-loss,True,596.458332,597.561400000006,1.1782999999970198,0,0.0,0,2,0.020134228187919462,0.20216507382550336,97.82244556113903,2.0100502512562812,0,1198,139.2491060100167,149.345,1.3717910126776303,1.4583742109383515,2.9215358931552586,18.29549248747913,7.0,18.697829716193656,0.5813741412143818,0.0,4.006677796327212,completed,,1,0.0,281.8544999999056,13.901851666666667,0.2025003648515169,261004_3,run-01
261004_3/run-01/dash_qoe_log_cc-bbr_abr-bola_signals-cwnd-loss_netem-high-rtt-loss.json.gz,BBR,BOLA,cwnd+loss,cc-bbr_abr-bola_signals-cwnd-loss_netem-high-rtt-loss,True,596.4,597.8113000000119,1.2842000000029803,0.12710000000893973,0.0,0,11,0.9546979865771812,1.3500990838926175,4.522613065326633,95.30988274706867,2,1197,146.241567251462,159.534,1.4492349766556802,1.579428446554687,11.194653299916459,77.23976608187135,2.0,9.523809523809524,2.020360150950263,3.8461538461538463,23.475355054302423,completed,,1,0.16666666666666666,247.14407345550586,24.556703333333335,1.349848151654561,261004_3,run-01
261004_3/run-01/dash_qoe_log_cc-bbr_abr-throughput_signals-rtt-cwnd_netem-stable-8mbit.json.gz,BBR,Throughput,rtt+cwnd,cc-bbr_abr-throughput_signals-rtt-cwnd_netem-stable-8mbit,True,596.458332,596.8947999999971,0.5377000000029802,0,0.0,0,1,0.9983221476510067,1.4036830771812079,0.16778523489932887,99.83221476510067,0,1190,31.281115966386555,36.169,1.691575953725321,1.967631378522468,93.02521008403362,35.890756302521005,4.0,1.0084033613445378,0.0,0.0,0.0,completed,,1,0.3333333333333333,215.96187290947972,26.717715000000002,1.4057439999999997,261004_3,run-01
261004_3/run-01/dash_qoe_log_cc-cubic_abr-throughput_signals-loss_netem-stable-8mbit.json.gz,CUBIC,Throughput,loss,cc-cubic_abr-throughput_signals-loss_netem-stable-8mbit,True,596.4,596.889100000009,0.4845,0.004600000008988914,0.0,0,1,0.9983221476510067,1.4036830771812079,0.16778523489932887,99.83221476510067,0,1189,202.03165264928512,505.423,10.936986304242694,27.43285931393834,99.8317914213625,247.92010092514718,10.0,12.026913372582001,0.0,0.0,0.0,completed,,1,0.33444816053511706,240.44697986600684,26.727409698996656,1.405744,261004_3,run-01
261004_3/run-01/dash_qoe_log_cc-bbr_abr-bola_signals-rtt-loss_netem-high-rtt-loss.json.gz,BBR,BOLA,rtt+loss,cc-bbr_abr-bola_signals-rtt-loss_netem-high-rtt-loss,True,596.4,597.598299999997,1.2447000000029802,0,0.0,0,1,0.9949664429530202,1.399561231543624,0.5025125628140703,99.32998324958123,0,1186,146.81617706576728,161.774,1.4480915373523264,1.6017758002522668,15.430016863406408,78.8212478920742,2.0,8.937605396290051,1.8329958402398951,3.8339824732229797,24.114671163575043,completed,,1,0.6655574043261231,266.5165829146078,25.349484193011648,1.3995612305062466,261004_3,run-01
261004_3/run-01/dash_qoe_log_cc-cubic_abr-bola_signals-cwnd_netem-high-rtt-loss.json.gz,CUBIC,BOLA,cwnd,cc-cubic_abr-bola_signals-cwnd_netem-high-rtt-loss,True,596.4,597.593299999997,1.2107999999970198,0,0.0,0,12,0.03691275167785235,0.22277430201342283,96.14740368509213,3.6850921273031827,2,1180,140.7077813559322,149.84045,1.382229393308161,1.47156433401853,2.6271186440677967,19.635593220338983,6.0,17.966101694915253,0.6204505930061178,0.0,4.491525423728813,completed,,1,1.001669449081803,267.3038785820466,13.938664440734557,0.22312212091181602,261004_3,run-01
261004_3/run-01/dash_qoe_log_cc-bbr_abr-bola_signals-rtt-cwnd-loss_netem-stable-8mbit.json.gz,BBR,BOLA,rtt+cwnd+loss,cc-bbr_abr-bola_signals-rtt-cwnd-loss_netem-stable-8mbit,True,596.4,596.8875,0.4613999999910593,0.026100000009008917,0.0,0,1,0.9983221476510067,1.4036830771812079,0.16778523489932887,99.83221476510067,0,1179,30.578067005937232,34.679,1.6596282762954964,1.8869844379148983,93.63867684478372,36.00678541136556,4.0,0.9329940627650551,0.0,0.0,0.0,completed,,1,1.001669449081803,268.0451939295456,26.73658430717863,1.4057440000000005,261004_3,run-01
261004_3/run-01/dash_qoe_log_cc-cubic_abr-throughput_signals-rtt_netem-high-rtt-loss.json.gz,CUBIC,Throughput,rtt,cc-cubic_abr-throughput_signals-rtt_netem-high-rtt-loss,True,596.4,597.976100000009,1.621,0,0.0,0,4,0.003355704697986577,0.1815558456375839,99.66442953020135,0.33557046979865773,1,1182,138.2186556683587,145.84,1.3581342541387378,1.4444206306681748,0.5922165820642978,16.02030456852792,2.0,17.42808798646362,0.7340510477354371,0.0,4.568527918781726,completed,,1,0.667779632721202,297.6969747904719,15.092065108514191,0.18184891108469273,261004_3,run-01
261004_3/run-01/dash_qoe_log_cc-bbr_abr-throughput_signals-rtt-cwnd_netem-constrained-2mbit.json.gz,BBR,Throughput,rtt+cwnd,cc-bbr_abr-throughput_signals-rtt-cwnd_netem-constrained-2mbit,True,596.4,597.1428000000119,0.8192000000029802,0,0.0,0,27,0.8927973199329984,1.274065876046901,10.720268006700168,89.27973199329983,0,1184,98.26957347972973,115.83259999999999,1.8925782851008066,2.2379626976843126,98.5641891891892,28.61064189189189,4.0,4.138513513513513,0.5399366203399443,3.125,13.429054054054054,completed,,1,0.667779632721202,296.6695798334705,18.703909849749582,1.275829255932349,261004_3,run-01
261004_3/run-01/dash_qoe_log_cc-cubic_abr-bola_signals-rtt-cwnd_netem-high-rtt-loss.json.gz,CUBIC,BOLA,rtt+cwnd,cc-cubic_abr-bola_signals-rtt-cwnd_netem-high-rtt-loss,True,596.4,597.7195,1.2192000000029801,0.10029999999708172,0.0,0,8,0.010067114093959731,0.18979953691275167,98.82747068676717,1.0050251256281406,1,1182,139.25289847715737,148.172,1.3743147931452386,1.4643217144442857,2.030456852791878,17.15143824027073,3.0,20.642978003384094,0.6264980359147396,0.0,4.653130287648054,completed,,1,0.5008347245409015,274.1073825504356,13.922692821368948,0.18976980076688507,261004_3,run-01
261004_3/run-01/dash_qoe_log_cc-bbr_abr-bola_signals-none_netem-stable-8mbit.json.gz,BBR,BOLA,none,cc-bbr_abr-bola_signals-none_netem-stable-8mbit,True,596.4,596.891200000003,0.5802000000029802,0,0.0,0,1,0.9983221476510067,1.4036830771812079,0.16778523489932887,99.83221476510067,0,1191,30.836553316540723,34.425,1.6709369366216562,1.872348526052431,93.45088161209068,35.956339210747274,4.0,1.595298068849706,0.0,0.0,0.0,completed,,1,0.0,293.154924875259,26.750373956594323,1.405744,261004_3,run-01
261004_3/run-01/dash_qoe_log_cc-cubic_abr-throughput_signals-cwnd-loss_netem-high-rtt-loss.json.gz,CUBIC,Throughput,cwnd+loss,cc-cubic_abr-throughput_signals-cwnd-loss_netem-high-rtt-loss,True,596.4,597.585,1.2075,0,0.0,0,4,0.003355704697986577,0.1815558456375839,99.49748743718592,0.33500837520938026,2,1188,138.40610185185184,147.53365,1.3656897565163564,1.4624252165371905,2.272727272727273,16.443602693602692,1.0,19.949494949494948,0.6248172253596861,0.0,4.040404040404041,completed,,1,0.3333333333333333,283.6576923085844,14.928178333333332,0.181878518763505,261004_3,run-01
261004_3/run-01/dash_qoe_log_cc-cubic_abr-throughput_signals-rtt-cwnd-loss_netem-stable-8mbit.json.gz,CUBIC,Throughput,rtt+cwnd+loss,cc-cubic_abr-throughput_signals-rtt-cwnd-loss_netem-stable-8mbit,True,596.4,597.023,0.4918999999910593,0.13110000000898797,0.0,0,1,0.9983221476510067,1.4036830771812079,0.16778523489932887,99.83221476510067,0,1190,198.40999159663863,514.564,10.744958647674832,27.963915004619313,99.91596638655462,239.1705882352941,10.0,14.705882352941176,0.0,0.0,0.0,completed,,1,0.1669449081803005,260.77274247443296,26.703928213689483,1.4057440000000003,261004_3,run-01
261004_3/run-01/dash_qoe_log_cc-cubic_abr-throughput_signals-rtt-loss_netem-constrained-2mbit.json.gz,CUBIC,Throughput,rtt+loss,cc-cubic_abr-throughput_signals-rtt-loss_netem-constrained-2mbit,True,596.4,597.124799999997,0.7759000000059605,0,0.0,0,56,0.06543624161073826,0.2578099899328859,93.45637583892618,6.543624161073826,38,1193,146.5854258172674,270.8109999999999,2.831130008416995,5.237350094942018,98.9103101424979,25.868398994132438,1.0,43.58759430008382,0.9620930688874348,2.816901408450704,9.974853310980722,completed,,1,0.0,227.36638795955724,9.025392976588629,0.25937865672603966,261004_3,run-01
261004_3/run-01/dash_qoe_log_cc-bbr_abr-bola_signals-cwnd_netem-constrained-2mbit.json.gz,BBR,BOLA,cwnd,cc-bbr_abr-bola_signals-cwnd_netem-constrained-2mbit,True,596.4,597.708299999997,1.0282000000029803,0.28009999999409496,0.0,0,15,0.8825503355704698,1.2614794026845637,11.725293132328309,88.107202680067,0,1191,98.99776490344249,117.02250000000001,1.899390173857617,2.2635350780479313,98.65659109991604,28.7120067170445,4.0,3.9462636439966414,0.4966102202762708,2.532051282051282,13.685978169605374,completed,,1,0.3333333333333333,245.66053511812834,18.571216666666665,1.2624067085715258,261004_3,run-01
261004_3/run-01/dash_qoe_log_cc-cubic_abr-throughput_signals-rtt_netem-stable-8mbit.json.gz,CUBIC,Throughput,rtt,cc-cubic_abr-throughput_signals-rtt_netem-stable-8mbit,True,596.458332,596.869400000006,0.5060999999940395,0,0.0,0,1,0.9983221476510067,1.4036830771812079,0.16778523489932887,99.83221476510067,0,1187,201.34000673967986,482.47400000000016,10.94164255137708,26.273160011811047,99.83150800336983,242.47514743049706,10.0,12.299915754001685,0.0,0.0,0.0,completed,,1,0.5008347245409015,218.09832214819104,26.687050083472453,1.4057439999999997,261004_3,run-01
261004_3/run-01/dash_qoe_log_cc-cubic_abr-bola_signals-rtt_netem-constrained-2mbit.json.gz,CUBIC,BOLA,rtt,cc-cubic_abr-bola_signals-rtt_netem-constrained-2mbit,True,596.458332,597.191900000006,0.8435,0,0.0,0,50,0.0738255033557047,0.26811460402684567,92.46231155778895,7.370184254606365,41,1188,137.00434175084175,225.896,2.647923928494382,4.319985978851429,99.41077441077441,23.792929292929294,1.0,46.2962962962963,0.7227080065482689,2.6900900900900853,9.68013468013468,completed,,1,0.5008347245409015,260.54161073742495,9.313707846410685,0.2685443794544543,261004_3,run-01
261004_3/run-01/dash_qoe_log_cc-bbr_abr-bola_signals-cwnd-loss_netem-constrained-2mbit.json.gz,BBR,BOLA,cwnd+loss,cc-bbr_abr-bola_signals-cwnd-loss_netem-constrained-2mbit,True,596.4,597.507700000003,1.0108000000119208,0.09689999999105758,0.0,0,17,0.8573825503355704,1.2305655604026846,14.23785594639866,85.59463986599665,0,1189,99.1165803195963,117.48899999999998,1.9071038186287734,2.2589328770319668,97.98149705634988,28.691337258200168,4.0,3.280067283431455,0.4982811102515929,2.551119766309637,12.867956265769553,completed,,1,0.5008347245409015,252.66593959650038,18.847393989983306,1.2309812773835571,261004_3,run-01
261004_3/run-01/dash_qoe_log_cc-bbr_abr-throughput_signals-loss_netem-stable-8mbit.json.gz,BBR,Throughput,loss,cc-bbr_abr-throughput_signals-loss_netem-stable-8mbit,True,596.458332,596.866,0.5262999999970198,0,0.0,0,1,0.9983221476510067,1.4036830771812079,0.16778523489932887,99.83221476510067,0,1190,30.71366722689076,35.373,1.6641846072266224,1.9113696916970255,93.27731092436974,35.845378151260505,4.0,1.0924369747899159,0.0,0.0,0.0,completed,,1,0.1669449081803005,254.21421404661342,26.713272120200333,1.4057439999999997,261004_3,run-01
261004_3/run-01/dash_qoe_log_cc-cubic_abr-bola_signals-cwnd-loss_netem-constrained-2mbit.json.gz,CUBIC,BOLA,cwnd+loss,cc-cubic_abr-bola_signals-cwnd-loss_netem-constrained-2mbit,True,596.458332,597.210400000006,0.8657999999970197,0,0.0,0,31,0.8204697986577181,1.1852252583892617,17.922948073701843,81.90954773869346,4,1184,166.02876013513514,329.0101999999998,3.22354461134203,6.408582169500765,99.32432432432432,28.27533783783784,7.0,66.04729729729729,0.8328141515040081,2.7777777777777777,14.527027027027026,completed,,1,0.8333333333333334,236.89277311022542,17.116516666666666,1.1855040936559393,261004_3,run-01
261004_3/run-01/dash_qoe_log_cc-cubic_abr-throughput_signals-rtt-cwnd_netem-high-rtt-loss.json.gz,CUBIC,Throughput,rtt+cwnd,cc-cubic_abr-throughput_signals-rtt-cwnd_netem-high-rtt-loss,True,596.458332,597.5135,1.1605999999940395,0,0.0,0,8,0.02348993288590604,0.20628691946308725,97.48743718592965,2.3450586264656614,3,1186,138.04051517706577,147.185,1.3620396940314117,1.4535988238359574,1.93929173693086,16.991568296795954,1.0,16.69477234401349,1.3457873542991692,2.1918299092212137,5.81787521079258,completed,,1,0.6666666666666666,206.7942953018734,14.761221666666668,0.20680839934748468,261004_3,run-01
261004_3/run-01/dash_qoe_log_cc-bbr_abr-bola_signals-rtt-cwnd_netem-high-rtt-loss.json.gz,BBR,BOLA,rtt+cwnd,cc-bbr_abr-bola_signals-rtt-cwnd_netem-high-rtt-loss,True,596.458332,597.701700000003,1.3105,0,0.0,0,3,0.9932885906040269,1.3975003087248323,0.6700167504187605,99.16247906197655,0,1184,147.52065287162162,160.74794999999997,1.4498924699035647,1.568065270734469,11.06418918918919,77.47635135135135,1.0,9.628378378378379,1.6361752742458127,3.8388510223953216,23.56418918918919,completed,,1,0.9983361064891847,297.5643697481947,24.980951747088184,1.397500512050861,261004_3,run-01
261004_3/run-01/dash_qoe_log_cc-bbr_abr-bola_signals-cwnd_netem-high-rtt-loss.json.gz,BBR,BOLA,cwnd,cc-bbr_abr-bola_signals-cwnd_netem-high-rtt-loss,True,596.458332,597.553299999997,1.1692000000029803,0,0.0,0,3,0.9932885906040269,1.3975003087248323,0.6700167504187605,99.16247906197655,0,1188,146.85051683501683,160.09,1.4419783283870182,1.582699550058472,14.141414141414142,76.9983164983165,4.0,10.185185185185185,1.754194535074977,3.833333333333329,23.484848484848484,completed,,1,0.333889816360601,249.92512562928388,25.26620534223706,1.397441484585432,261004_3,run-01
261004_3/run-01/dash_qoe_log_cc-bbr_abr-throughput_signals-rtt-cwnd-loss_netem-constrained-2mbit.json.gz,BBR,Throughput,rtt+cwnd+loss,cc-bbr_abr-throughput_signals-rtt-cwnd-loss_netem-constrained-2mbit,True,596.458332,597.446299999997,1.0960999999940395,0,0.0,0,7,0.9362416107382551,1.327428932885906,6.365159128978225,93.46733668341709,0,1188,98.55627272727273,114.72539999999996,1.91861145567774,2.2353641233076003,99.41077441077441,28.968855218855218,4.0,2.946127946127946,0.4690736249692223,2.4786585365853577,13.215488215488216,completed,,1,0.16722408026755853,292.1314907877689,19.837839464882943,1.328182673166034,261004_3,run-01
261004_3/run-01/dash_qoe_log_cc-bbr_abr-throughput_signals-rtt-cwnd-loss_netem-stable-8mbit.json.gz,BBR,Throughput,rtt+cwnd+loss,cc-bbr_abr-throughput_signals-rtt-cwnd-loss_netem-stable-8mbit,True,596.458332,596.854,0.5303999999910594,0,0.0,0,1,0.9983221476510067,1.4036830771812079,0.16778523489932887,99.83221476510067,0,1183,30.49566018596788,34.579,1.6486814546611195,1.8705685257241678,93.99830938292477,36.03888419273034,4.0,0.8453085376162299,0.0,0.0,0.0,completed,,1,0.8333333333333334,228.22537815215208,26.69022,1.4057439999999992,261004_3,run-01
261004_3/run-01/dash_qoe_log_cc-bbr_abr-throughput_signals-loss_netem-high-rtt-loss.json.gz,BBR,Throughput,loss,cc-bbr_abr-throughput_signals-loss_netem-high-rtt-loss,True,596.4,597.604799999997,1.3042999999970197,0,0.0,0,3,0.9966442953020134,1.401622154362416,0.33500837520938026,99.49748743718592,0,1187,146.88216343723673,161.3121,1.452566809016338,1.6014937676913148,13.479359730412805,77.78180286436394,1.0,9.267059814658804,1.4940409004003072,3.7665094339622653,23.58887952822241,completed,,1,0.5,281.2586264644236,25.405625,1.4018537896855834,261004_3,run-01
261004_3/run-01/dash_qoe_log_cc-bbr_abr-bola_signals-cwnd-loss_netem-stable-8mbit.json.gz,BBR,BOLA,cwnd+loss,cc-bbr_abr-bola_signals-cwnd-loss_netem-stable-8mbit,True,596.4,596.891400000006,0.6146000000089407,0,0.0,0,1,0.9983221476510067,1.4036830771812079,0.16778523489932887,99.83221476510067,0,1180,30.5841093220339,34.348,1.6571250350048534,1.8710099139339798,93.72881355932203,35.78050847457627,4.0,1.1864406779661016,0.0,0.0,0.0,completed,,1,0.8347245409015025,269.1668350177281,26.70254924874791,1.4057439999999994,261004_3,run-01
261004_3/run-01/dash_qoe_log_cc-cubic_abr-bola_signals-rtt-cwnd_netem-stable-8mbit.json.gz,CUBIC,BOLA,rtt+cwnd,cc-cubic_abr-bola_signals-rtt-cwnd_netem-stable-8mbit,True,596.4,596.898400000006,0.6000999999940395,0,0.0,0,1,0.9983221476510067,1.4036830771812079,0.16778523489932887,99.83221476510067,0,1191,198.2861435768262,479.9605,10.849898863848427,26.307854637140977,99.91603694374476,241.23761544920234,10.0,11.838790931989925,0.0,0.0,0.0,completed,,1,0.1669449081803005,233.88996655536337,26.680687813021702,1.4057440000000003,261004_3,run-01
261004_3/run-01/dash_qoe_log_cc-bbr_abr-bola_signals-loss_netem-stable-8mbit.json.gz,BBR,BOLA,loss,cc-bbr_abr-bola_signals-loss_netem-stable-8mbit,True,596.4,596.999600000009,0.5397000000029802,0.05990000000601048,0.0,0,1,0.9983221476510067,1.4036830771812079,0.16778523489932887,99.83221476510067,0,1187,30.460739679865206,34.341499999999996,1.6446294365016254,1.836729134887775,92.58635214827295,35.74894692502106,4.0,1.6006739679865207,0.0,0.0,0.0,completed,,1,0.3333333333333333,311.79314381242995,26.68962,1.405744,261004_3,run-01
261004_3/run-01/dash_qoe_log_cc-bbr_abr-bola_signals-rtt-loss_netem-constrained-2mbit.json.gz,BBR,BOLA,rtt+loss,cc-bbr_abr-bola_signals-rtt-loss_netem-constrained-2mbit,True,596.4,597.227700000003,0.9405,0,0.0,0,7,0.9395973154362416,1.33155077852349,6.030150753768845,93.80234505862647,0,1182,98.26402453468698,116.0465,1.8964120215193951,2.247668641145008,99.32318104906938,28.723350253807105,1.0,3.553299492385787,0.5718657983178227,2.8149452269170596,13.282571912013536,completed,,1,0.8347245409015025,215.22861952889045,19.906290484140236,1.332078288907444,261004_3,run-01
261004_3/run-02/dash_qoe_log_cc-cubic_abr-throughput_signals-rtt-loss_netem-constrained-2mbit.json.gz,CUBIC,Throughput,rtt+loss,cc-cubic_abr-throughput_signals-rtt-loss_netem-constrained-2mbit,True,596.4,597.233599999994,0.8807999999970197,0,0.0,0,62,0.06543624161073826,0.2578099899328859,93.2998324958124,6.532663316582915,40,1182,148.61382318104907,261.27300000000014,2.8762040730082967,5.093049005198692,99.4077834179357,27.18274111675127,3.0,49.830795262267344,0.8488409491681342,2.5974025974025974,9.052453468697124,completed,,2,0.8347245409015025,299.67340067347595,8.874831385642738,0.25888120779178525,261004_3,run-02
261004_3/run-02/dash_qoe_log_cc-bbr_abr-bola_signals-cwnd-loss_netem-stable-8mbit.json.gz,BBR,BOLA,cwnd+loss,cc-bbr_abr-bola_signals-cwnd-loss_netem-stable-8mbit,True,596.458332,596.8631999999881,0.523699999988079,0,0.0,0,1,0.9983221476510067,1.4036830771812079,0.16778523489932887,99.83221476510067,0,1173,30.480665814151752,34.753,1.6427880656696414,1.8828066358444366,88.83205456095482,35.89769820971867,4.0,1.9607843137254901,0.0,0.0,0.0,completed,,2,1.1705685618729098,245.71641285987272,26.77044314381271,1.405744,261004_3,run-02
261004_3/run-02/dash_qoe_log_cc-bbr_abr-bola_signals-none_netem-stable-8mbit.json.gz,BBR,BOLA,none,cc-bbr_abr-bola_signals-none_netem-stable-8mbit,True,596.4,596.891200000003,0.5247000000029802,0,0.0,0,1,0.9983221476510067,1.4036830771812079,0.16778523489932887,99.83221476510067,0,1175,30.44509361702128,34.596,1.6486785647220588,1.8810743081281325,91.65957446808511,35.72510638297872,4.0,1.1914893617021276,0.0,0.0,0.0,completed,,2,0.8361204013377926,211.19763912363558,26.75094983277592,1.4057439999999997,261004_3,run-02
261004_3/run-02/dash_qoe_log_cc-cubic_abr-throughput_signals-rtt_netem-high-rtt-loss.json.gz,CUBIC,Throughput,rtt,cc-cubic_abr-throughput_signals-rtt_netem-high-rtt-loss,True,596.4,597.976899999991,1.4805999999940396,0.09629999999700245,0.0,0,2,0.0016778523489932886,0.17949492281879192,99.66499162479062,0.16750418760469013,0,1179,139.1803316369805,148.494,1.3631620600476675,1.4612354254527413,1.1874469889737065,17.776929601357082,2.0,15.097540288379983,0.6771974172635243,0.0,4.749787955894826,completed,,2,0.8333333333333334,236.2917647057471,15.179105,0.17973743324068123,261004_3,run-02
261004_3/run-02/dash_qoe_log_cc-bbr_abr-throughput_signals-rtt-cwnd_netem-stable-8mbit.json.gz,BBR,Throughput,rtt+cwnd,cc-bbr_abr-throughput_signals-rtt-cwnd_netem-stable-8mbit,True,596.458332,596.8838999999911,0.5348999999910593,0,0.0,0,1,0.9983221476510067,1.4036830771812079,0.16778523489932887,99.83221476510067,0,1185,31.12627848101266,35.441,1.6794428426917412,1.9260366284441064,93.24894514767932,36.016033755274265,4.0,0.9282700421940928,0.0,0.0,0.0,completed,,2,0.6666666666666666,199.16510067120095,26.68274166666667,1.4057439999999994,261004_3,run-02
261004_3/run-02/dash_qoe_log_cc-cubic_abr-bola_signals-rtt-cwnd_netem-stable-8mbit.json.gz,CUBIC,BOLA,rtt+cwnd,cc-cubic_abr-bola_signals-rtt-cwnd_netem-stable-8mbit,True,596.458332,596.8436999999881,0.4253999999910593,0,0.0,0,1,0.9983221476510067,1.4036830771812079,0.16778523489932887,99.83221476510067,0,1188,199.75143686868685,479.32404999999994,10.831632399028523,26.11835494768962,99.91582491582491,242.17003367003366,10.0,12.205387205387206,0.0,0.0,0.0,completed,,2,0.333889816360601,248.5572864321159,26.685662771285475,1.405744000000001,261004_3,run-02
261004_3/run-02/dash_qoe_log_cc-bbr_abr-throughput_signals-rtt-cwnd-loss_netem-constrained-2mbit.json.gz,BBR,Throughput,rtt+cwnd+loss,cc-bbr_abr-throughput_signals-rtt-cwnd-loss_netem-constrained-2mbit,True,596.4,597.195099999994,0.8067999999970198,0,0.0,0,31,0.8993288590604027,1.282088630872483,10.050251256281408,89.78224455611391,1,1190,99.46942016806723,116.8949,1.9088478785574399,2.2612194691047076,98.57142857142857,28.96638655462185,1.0,3.6134453781512605,0.46081897746424383,2.616199589883799,13.193277310924369,completed,,2,0.0,234.89782608639337,18.762867892976587,1.2819642242882727,261004_3,run-02
261004_3/run-02/dash_qoe_log_cc-cubic_abr-bola_signals-rtt_netem-constrained-2mbit.json.gz,CUBIC,BOLA,rtt,cc-cubic_abr-bola_signals-rtt_netem-constrained-2mbit,True,596.458332,597.214799999997,0.8325,0,0.0,0,64,0.10234899328859061,0.30315029194630877,89.61474036850922,10.217755443886098,35,1187,131.83071187868575,232.07520000000002,2.5517884000435656,4.507303919530053,98.56781802864364,23.49620893007582,1.0,41.70176916596461,0.7714692561544153,2.6666666666666665,8.845829823083404,completed,,2,0.16722408026755853,265.08040201109856,9.84414381270903,0.30490014568453305,261004_3,run-02
261004_3/run-02/dash_qoe_log_cc-cubic_abr-throughput_signals-rtt-cwnd_netem-high-rtt-loss.json.gz,CUBIC,Throughput,rtt+cwnd,cc-cubic_abr-throughput_signals-rtt-cwnd_netem-high-rtt-loss,True,596.4,597.660700000003,1.361800000011921,0,0.0,0,2,0.0,0.177434,99.83249581239531,0.0,0,1189,137.8275643397813,148.009,1.3538789506877016,1.4595971634586735,0.0,15.485281749369218,2.0,19.00756938603869,0.5257395876671717,0.0,4.625735912531539,completed,,2,0.667779632721202,226.88285714257665,15.120524207011686,0.17743400000000006,261004_3,run-02
261004_3/run-02/dash_qoe_log_cc-cubic_abr-bola_signals-none_netem-high-rtt-loss.json.gz,CUBIC,BOLA,none,cc-cubic_abr-bola_signals-none_netem-high-rtt-loss,True,596.458332,597.7425,1.3492000000029802,0,0.0,0,2,0.0,0.177434,99.83249581239531,0.0,0,1187,138.5081701769166,147.59,1.3552583244010523,1.4399404170804369,0.42122999157540014,16.636057287278856,2.0,19.20808761583825,0.9689644360338648,0.0,4.970513900589722,completed,,2,0.16666666666666666,220.662938230374,13.93943,0.17743400000000004,261004_3,run-02
261004_3/run-02/dash_qoe_log_cc-cubic_abr-throughput_signals-loss_netem-stable-8mbit.json.gz,CUBIC,Throughput,loss,cc-cubic_abr-throughput_signals-loss_netem-stable-8mbit,True,596.4,597.235,0.6818999999910593,0.15310000000897706,0.0,0,1,0.998324958123953,1.4036865293132328,0.16750418760469013,99.83249581239531,0,1183,203.54628064243448,512.3234999999979,11.032794484169093,27.803191199864013,99.83093829247676,247.7235841081995,10.0,11.58072696534235,0.0,0.0,0.0,completed,,2,0.8347245409015025,222.85454545541344,26.623555926544242,1.405744,261004_3,run-02
261004_3/run-02/dash_qoe_log_cc-bbr_abr-throughput_signals-rtt-cwnd-loss_netem-stable-8mbit.json.gz,BBR,Throughput,rtt+cwnd+loss,cc-bbr_abr-throughput_signals-rtt-cwnd-loss_netem-stable-8mbit,True,596.458332,596.887700000003,0.522,0,0.0,0,1,0.9983221476510067,1.4036830771812079,0.16778523489932887,99.83221476510067,0,1192,30.832764261744966,34.12910000000001,1.6634250883127106,1.8517785161782332,91.69463087248322,36.11577181208054,4.0,1.342281879194631,0.0,0.0,0.0,completed,,2,0.0,235.5193333344658,26.706745,1.4057439999999994,261004_3,run-02
261004_3/run-02/dash_qoe_log_cc-bbr_abr-throughput_signals-loss_netem-stable-8mbit.json.gz,BBR,Throughput,loss,cc-bbr_abr-throughput_signals-loss_netem-stable-8mbit,True,596.4,596.891599999994,0.5726999999880791,0,0.0,0,1,0.9983221476510067,1.4036830771812079,0.16778523489932887,99.83221476510067,0,1197,30.70445781119465,34.033,1.6508311107457152,1.8527127572910445,93.14954051796157,36.19298245614035,4.0,0.835421888053467,0.0,0.0,0.0,completed,,2,0.0,235.244666666165,26.682878333333335,1.4057440000000003,261004_3,run-02
261004_3/run-02/dash_qoe_log_cc-cubic_abr-throughput_signals-rtt_netem-stable-8mbit.json.gz,CUBIC,Throughput,rtt,cc-cubic_abr-throughput_signals-rtt_netem-stable-8mbit,True,596.4,596.881799999997,0.45729999999701976,0.024500000000045485,0.0,0,1,0.9983221476510067,1.4036830771812079,0.16778523489932887,99.83221476510067,0,1185,186.92146666666667,478.813,10.094066713882691,26.101886175316178,99.83122362869199,221.82025316455696,10.0,12.48945147679325,0.0,0.0,0.0,completed,,2,0.667779632721202,247.04487394998554,26.611125208681134,1.4057439999999997,261004_3,run-02
261004_3/run-02/dash_qoe_log_cc-bbr_abr-bola_signals-cwnd_netem-high-rtt-loss.json.gz,BBR,BOLA,cwnd,cc-bbr_abr-bola_signals-cwnd_netem-high-rtt-loss,True,596.4,597.8461999999881,1.275199999988079,0.17100000000007376,0.0,0,1,0.9949664429530202,1.399561231543624,0.5025125628140703,99.32998324958123,0,1193,147.25822380553225,163.362,1.4490283190413809,1.6018791919672977,13.076278290025147,77.78960603520537,4.0,9.388097233864208,0.8975307386505184,3.29141607435755,23.55406538139145,completed,,2,0.16666666666666666,220.8130217038829,25.352743333333333,1.3995614365985818,261004_3,run-02
261004_3/run-02/dash_qoe_log_cc-cubic_abr-bola_signals-cwnd_netem-high-rtt-loss.json.gz,CUBIC,BOLA,cwnd,cc-cubic_abr-bola_signals-cwnd_netem-high-rtt-loss,True,596.4,598.366700000003,1.4793999999910592,0.4873000000119565,0.0,0,8,0.030201342281879196,0.21453061073825502,96.81742043551088,3.0150753768844223,4,1190,139.68808403361345,150.82045,1.3741470606029578,1.4870249819722818,3.19327731092437,16.773949579831932,1.0,26.050420168067227,0.8782864250965997,3.578947368421047,7.0588235294117645,completed,,2,0.5008347245409015,229.3852348995439,13.368614357262103,0.21458398252326516,261004_3,run-02
261004_3/run-02/dash_qoe_log_cc-bbr_abr-throughput_signals-rtt-cwnd_netem-constrained-2mbit.json.gz,BBR,Throughput,rtt+cwnd,cc-bbr_abr-throughput_signals-rtt-cwnd_netem-constrained-2mbit,True,596.4,597.166400000006,0.8947999999970198,0,0.0,0,29,0.860738255033557,1.2346874060402684,13.90284757118928,85.92964824120602,0,1188,97.97384511784512,116.94259999999998,1.8721937165191962,2.250609589013052,98.06397306397307,28.923400673400675,4.0,4.62962962962963,0.45311087129318633,2.4390243902439024,12.878787878787879,completed,,2,0.33444816053511706,281.40906040220455,18.711989966555183,1.2352798378052787,261004_3,run-02
261004_3/run-02/dash_qoe_log_cc-cubic_abr-throughput_signals-rtt-cwnd-loss_netem-stable-8mbit.json.gz,CUBIC,Throughput,rtt+cwnd+loss,cc-cubic_abr-throughput_signals-rtt-cwnd-loss_netem-stable-8mbit,True,596.458332,596.8773000000119,0.5257000000029802,0,0.0,0,1,0.9983221476510067,1.4036830771812079,0.16778523489932887,99.83221476510067,0,1185,202.55321856540087,497.08079999999967,10.948482893880067,27.07264310222753,99.915611814346,248.52067510548522,10.0,12.320675105485233,0.0,0.0,0.0,completed,,2,0.33444816053511706,222.83926174604653,26.708239130434784,1.4057439999999994,261004_3,run-02
261004_3/run-02/dash_qoe_log_cc-bbr_abr-bola_signals-cwnd-loss_netem-constrained-2mbit.json.gz,BBR,BOLA,cwnd+loss,cc-bbr_abr-bola_signals-cwnd-loss_netem-constrained-2mbit,True,596.458332,597.293299999997,0.7742000000029803,0.06076799999395366,0.0,0,27,0.8710217755443886,1.247318757118928,12.89782244556114,87.10217755443887,1,1186,98.8171652613828,116.29624999999999,1.9050238469653953,2.248093850133189,98.8195615514334,28.92495784148398,4.0,3.204047217537943,0.4744689417816691,2.5,13.406408094435076,completed,,2,0.6688963210702341,244.91127946220263,18.489889632107023,1.2491496449409862,261004_3,run-02
261004_3/run-02/dash_qoe_log_cc-cubic_abr-throughput_signals-loss_netem-high-rtt-loss.json.gz,CUBIC,Throughput,loss,cc-cubic_abr-throughput_signals-loss_netem-high-rtt-loss,True,596.458332,597.750700000003,1.3587000000029803,0,0.0,0,6,0.0050335570469798654,0.18361676845637584,99.32998324958123,0.5025125628140703,0,1190,138.1579218487395,146.286,1.3638005740884862,1.445360128681216,1.1764705882352942,15.49327731092437,2.0,16.722689075630253,0.8808946874680559,2.4338235294117583,5.126050420168068,completed,,2,0.1669449081803005,207.29180602044067,15.195866444073456,0.18294527759863077,261004_3,run-02
261004_3/run-02/dash_qoe_log_cc-cubic_abr-bola_signals-loss_netem-stable-8mbit.json.gz,CUBIC,BOLA,loss,cc-cubic_abr-bola_signals-loss_netem-stable-8mbit,True,596.458332,596.849900000006,0.503,0,0.0,0,1,0.9983221476510067,1.4036830771812079,0.16778523489932887,99.83221476510067,0,1190,200.62204537815126,466.9870000000001,10.858728210979171,25.41149262665288,99.91596638655462,244.80588235294118,10.0,10.336134453781513,0.0,0.0,0.0,completed,,2,0.16722408026755853,235.67269681783478,26.684285953177255,1.405744,261004_3,run-02
261004_3/run-02/dash_qoe_log_cc-bbr_abr-bola_signals-cwnd_netem-constrained-2mbit.json.gz,BBR,BOLA,cwnd,cc-bbr_abr-bola_signals-cwnd_netem-constrained-2mbit,True,596.4,598.261099999994,1.825,0.03609999999405322,0.0,0,21,0.8859060402684564,1.2656012483221477,11.390284757118929,88.44221105527639,0,1197,97.20747117794485,111.52260000000001,1.880263763678076,2.1728973603605364,99.08103592314119,28.5655806182122,4.0,4.260651629072682,0.4046438448890067,2.4753086419753103,13.032581453634085,completed,,2,0.16666666666666666,250.11085141899193,18.388626666666667,1.2654122229672082,261004_3,run-02
261004_3/run-02/dash_qoe_log_cc-cubic_abr-bola_signals-rtt-cwnd_netem-high-rtt-loss.json.gz,CUBIC,BOLA,rtt+cwnd,cc-cubic_abr-bola_signals-rtt-cwnd_netem-high-rtt-loss,True,596.458332,597.759399999991,1.42,0,0.0,0,0,0.0,0.177434,99.83249581239531,0.0,0,1187,138.2489839932603,146.615,1.3520517749193912,1.4429373522458628,0.42122999157540014,15.754001684919967,2.0,17.944397641112047,0.5040652703002466,0.0,4.128053917438922,completed,,2,0.3333333333333333,217.55468227559805,14.054011666666666,0.17743399999999998,261004_3,run-02
261004_3/run-02/dash_qoe_log_cc-bbr_abr-bola_signals-cwnd-loss_netem-high-rtt-loss.json.gz,BBR,BOLA,cwnd+loss,cc-bbr_abr-bola_signals-cwnd-loss_netem-high-rtt-loss,True,596.4,597.786200000003,1.299,0.08720000000298667,0.0,0,7,0.9496644295302014,1.3439163154362417,5.025125628140704,94.80737018425461,1,1191,147.03293618807726,162.1315,1.4499483015351038,1.6020994825637875,14.861460957178842,76.71284634760706,1.0,9.739714525608733,1.6754449457879659,3.5556257901390644,22.418136020151135,completed,,2,0.3333333333333333,214.60769230712916,24.58446,1.3438862927393642,261004_3,run-02
261004_3/run-02/dash_qoe_log_cc-bbr_abr-bola_signals-rtt-cwnd_netem-high-rtt-loss.json.gz,BBR,BOLA,rtt+cwnd,cc-bbr_abr-bola_signals-rtt-cwnd_netem-high-rtt-loss,True,596.4,597.8063999999911,1.3282999999970198,0.07809999999407502,0.0,0,7,0.9832214765100671,1.3851347718120806,1.6750418760469012,98.1574539363484,0,1193,149.0245976529757,163.427,1.4661191239431304,1.6175388125589008,15.75859178541492,78.6580050293378,1.0,8.885163453478626,1.3307246930146959,3.460269865067462,23.55406538139145,completed,,2,0.333889816360601,228.69832495810897,24.752772954924875,1.3851382015020621,261004_3,run-02
261004_3/run-02/dash_qoe_log_cc-bbr_abr-bola_signals-rtt-loss_netem-high-rtt-loss.json.gz,BBR,BOLA,rtt+loss,cc-bbr_abr-bola_signals-rtt-loss_netem-high-rtt-loss,True,596.458332,597.746599999994,1.3555,0,0.0,0,1,0.9932885906040269,1.3975003087248323,0.6700167504187605,99.16247906197655,0,1192,148.01603775167786,162.35725000000002,1.4530900435327612,1.6025988410039358,13.674496644295303,77.16023489932886,1.0,9.228187919463087,1.7894547155956546,3.7192800276912434,23.65771812080537,completed,,2,0.33277870216306155,236.8838063440906,25.159577371048254,1.397500707048475,261004_3,run-02
261004_3/run-02/dash_qoe_log_cc-bbr_abr-bola_signals-rtt-cwnd-loss_netem-stable-8mbit.json.gz,BBR,BOLA,rtt+cwnd+loss,cc-bbr_abr-bola_signals-rtt-cwnd-loss_netem-stable-8mbit,True,596.4,596.888899999991,0.5467999999970198,0,0.0,0,1,0.9983221476510067,1.4036830771812079,0.16778523489932887,99.83221476510067,0,1190,30.56378655462185,34.651,1.6503615223447021,1.8681729518855659,94.36974789915966,35.91596638655462,4.0,0.8403361344537815,0.0,0.0,0.0,completed,,2,0.1669449081803005,210.20785953059644,26.760736227045076,1.4057439999999997,261004_3,run-02
261004_3/run-02/dash_qoe_log_cc-bbr_abr-bola_signals-rtt-loss_netem-constrained-2mbit.json.gz,BBR,BOLA,rtt+loss,cc-bbr_abr-bola_signals-rtt-loss_netem-constrained-2mbit,True,596.4,597.2261999999881,0.8605999999940396,0,0.0,0,15,0.9045226130653267,1.2884681708542713,9.547738693467336,90.45226130653266,0,1190,98.79124789915967,116.4983,1.903365424645866,2.26035055028242,99.15966386554622,28.870588235294118,4.0,3.5294117647058822,0.5613016167260457,2.8390342052313864,13.697478991596638,completed,,2,0.333889816360601,236.29999999909145,19.235302170283806,1.2905970233251185,261004_3,run-02
261004_3/run-02/dash_qoe_log_cc-cubic_abr-bola_signals-cwnd-loss_netem-constrained-2mbit.json.gz,CUBIC,BOLA,cwnd+loss,cc-cubic_abr-bola_signals-cwnd-loss_netem-constrained-2mbit,True,596.4,597.238200000003,0.8527000000029802,0,0.0,0,75,0.1761744966442953,0.39383089597315435,82.24455611390285,17.587939698492463,20,1176,177.24565731292518,397.072,3.4122138153447374,7.674604251031757,98.63945578231292,34.029761904761905,7.0,49.744897959183675,0.8165507892151683,2.8373137374974484,10.289115646258503,completed,,2,1.1705685618729098,280.3692047386454,8.313792642140468,0.3947069262506727,261004_3,run-02
261004_3/run-02/dash_qoe_log_cc-cubic_abr-throughput_signals-cwnd-loss_netem-high-rtt-loss.json.gz,CUBIC,Throughput,cwnd+loss,cc-cubic_abr-throughput_signals-cwnd-loss_netem-high-rtt-loss,True,596.458332,597.730700000003,1.3263999999910594,0,0.0,0,4,0.01174496644295302,0.19186045973154361,98.65996649916248,1.1725293132328307,2,1180,138.4059,147.775,1.3650103546222376,1.4642449279536043,1.0169491525423728,16.089830508474577,1.0,17.88135593220339,0.8164388425156229,1.8679549114331575,5.084745762711864,completed,,2,0.8347245409015025,306.06986531818455,15.015370617696162,0.1921487902406483,261004_3,run-02
261004_3/run-02/dash_qoe_log_cc-bbr_abr-throughput_signals-loss_netem-high-rtt-loss.json.gz,BBR,Throughput,loss,cc-bbr_abr-throughput_signals-loss_netem-high-rtt-loss,True,596.4,597.823900000006,1.2845,0.1394000000060287,0.0,0,9,0.9614093959731543,1.358342775167785,3.852596314907873,95.97989949748744,1,1179,147.080877014419,161.0459,1.4462695723867491,1.592204932203568,13.486005089058525,78.51569126378287,1.0,8.481764206955047,1.399412695724466,3.5429835651074564,23.155216284987276,completed,,2,1.1686143572621035,249.2021959454224,24.824651085141905,1.3584692920328472,261004_3,run-02
261004_3/run-02/dash_qoe_log_cc-bbr_abr-bola_signals-loss_netem-stable-8mbit.json.gz,BBR,BOLA,loss,cc-bbr_abr-bola_signals-loss_netem-stable-8mbit,True,596.4,596.889799999997,0.503,0,0.0,0,1,0.9983221476510067,1.4036830771812079,0.16778523489932887,99.83221476510067,0,1178,30.578140067911715,34.869,1.6549130778050953,1.8986659406479718,94.05772495755518,35.84719864176571,4.0,1.5280135823429541,0.0,0.0,0.0,completed,,2,1.335559265442404,221.1989847734041,26.724268781302168,1.4057439999999994,261004_3,run-02
261004_3/run-03/dash_qoe_log_cc-bbr_abr-throughput_signals-loss_netem-stable-8mbit.json.gz,BBR,Throughput,loss,cc-bbr_abr-throughput_signals-loss_netem-stable-8mbit,True,596.4,596.890700000003,0.49070000000298025,3.6359804056473877e-14,0.0,0,1,0.9983221476510067,1.4036830771812079,0.16778523489932887,99.83221476510067,0,1176,30.92895408163265,34.367,1.6747673836815624,1.857274102896671,94.72789115646259,35.98724489795919,4.0,0.8503401360544217,0.0,0.0,0.0,completed,,3,0.8347245409015025,285.32845117916867,26.705140233722872,1.405744,261004_3,run-03
261004_3/run-03/dash_qoe_log_cc-cubic_abr-throughput_signals-cwnd-loss_netem-high-rtt-loss.json.gz,CUBIC,Throughput,cwnd+loss,cc-cubic_abr-throughput_signals-cwnd-loss_netem-high-rtt-loss,True,596.333332,597.7181000000089,1.3864000000059604,0,0.0,0,0,0.0,0.177434,99.83249581239531,0.0,0,1184,137.2988724662162,144.499,1.3542856735749718,1.4322128183732665,0.08445945945945946,14.736486486486486,1.0,17.56756756756757,1.07562313764357,2.7777777777777777,5.405405405405405,completed,,3,0.5008347245409015,269.9488255043308,15.395626043405676,0.17743400000000004,261004_3,run-03
261004_3/run-03/dash_qoe_log_cc-bbr_abr-bola_signals-cwnd-loss_netem-high-rtt-loss.json.gz,BBR,BOLA,cwnd+loss,cc-bbr_abr-bola_signals-cwnd-loss_netem-high-rtt-loss,True,596.4,598.063099999994,1.5845999999940394,0.07850000000003465,0.0,0,1,0.9932885906040269,1.3975003087248323,0.6700167504187605,99.16247906197655,0,1191,147.33745591939547,160.1055,1.4550105917685408,1.5845707341215953,13.266162888329136,77.72544080604534,1.0,9.06801007556675,1.6022362829697865,3.7922358015815965,23.845507976490346,completed,,3,0.3333333333333333,247.67173913093814,25.34249833333333,1.3975012574937342,261004_3,run-03
261004_3/run-03/dash_qoe_log_cc-bbr_abr-throughput_signals-loss_netem-high-rtt-loss.json.gz,BBR,Throughput,loss,cc-bbr_abr-throughput_signals-loss_netem-high-rtt-loss,True,596.4,598.271200000003,1.5532000000029802,0.31800000000002004,0.0,0,3,0.9932885906040269,1.3975003087248323,0.6700167504187605,99.16247906197655,0,1189,148.2227788057191,162.427,1.4508869919393794,1.5966345158783302,11.858704793944492,77.16736753574432,1.0,9.587888982338098,1.4168271261653065,3.7037037037037033,23.38099243061396,completed,,3,0.333889816360601,272.79631490745834,25.377622704507512,1.3975167240654274,261004_3,run-03
261004_3/run-03/dash_qoe_log_cc-bbr_abr-throughput_signals-rtt-cwnd-loss_netem-stable-8mbit.json.gz,BBR,Throughput,rtt+cwnd+loss,cc-bbr_abr-throughput_signals-rtt-cwnd-loss_netem-stable-8mbit,True,596.4,596.8915,0.5066000000089407,0,0.0,0,1,0.9983221476510067,1.4036830771812079,0.16778523489932887,99.83221476510067,0,1185,30.840050632911392,34.258,1.6697995348954862,1.8653961339504495,92.40506329113924,35.69451476793249,4.0,0.5063291139240507,0.0,0.0,0.0,completed,,3,0.16722408026755853,209.10971524160811,26.743871237458194,1.4057439999999994,261004_3,run-03
261004_3/run-03/dash_qoe_log_cc-cubic_abr-bola_signals-loss_netem-stable-8mbit.json.gz,CUBIC,BOLA,loss,cc-cubic_abr-bola_signals-loss_netem-stable-8mbit,True,596.458332,596.861900000006,0.5135,0,0.0,0,1,0.9983221476510067,1.4036830771812079,0.16778523489932887,99.83221476510067,0,1186,204.44381112984823,528.275,11.048366718410772,28.765314456847264,99.91568296795953,250.03204047217537,10.0,11.720067453625632,0.0,0.0,0.0,completed,,3,0.33444816053511706,260.0412751672752,26.697142140468227,1.405744,261004_3,run-03
261004_3/run-03/dash_qoe_log_cc-bbr_abr-bola_signals-cwnd-loss_netem-constrained-2mbit.json.gz,BBR,BOLA,cwnd+loss,cc-bbr_abr-bola_signals-cwnd-loss_netem-constrained-2mbit,True,596.4,597.156099999994,0.7632999999970198,0,0.0,0,27,0.889261744966443,1.2697230939597315,11.055276381909549,88.77721943048576,0,1193,100.05155071248952,125.63699999999999,1.9242704921900606,2.4296853861946524,98.82648784576698,28.61441743503772,4.0,4.0234702430846605,0.47037111002221155,2.4390243902439024,12.154233025984912,completed,,3,0.1669449081803005,287.99214046819753,18.828015025041736,1.2698659595777868,261004_3,run-03
261004_3/run-03/dash_qoe_log_cc-cubic_abr-throughput_signals-rtt-cwnd-loss_netem-stable-8mbit.json.gz,CUBIC,Throughput,rtt+cwnd+loss,cc-cubic_abr-throughput_signals-rtt-cwnd-loss_netem-stable-8mbit,True,596.458332,596.853900000006,0.45859999999403955,0,0.0,0,1,0.9983221476510067,1.4036830771812079,0.16778523489932887,99.83221476510067,0,1188,199.5132095959596,479.00355,10.951974061681723,26.304423393739704,99.91582491582491,243.15824915824916,10.0,12.373737373737374,0.0,0.0,0.0,completed,,3,0.33444816053511706,234.05302013521828,26.712020066889632,1.405743999999999,261004_3,run-03
261004_3/run-03/dash_qoe_log_cc-cubic_abr-bola_signals-cwnd_netem-high-rtt-loss.json.gz,CUBIC,BOLA,cwnd,cc-cubic_abr-bola_signals-cwnd_netem-high-rtt-loss,True,596.4,597.4935,1.181699999988079,0,0.0,0,0,0.0,0.177434,99.83249581239531,0.0,1,1185,136.86625991561183,145.005,1.3519011449365164,1.4352560796604117,0.0,14.115611814345991,1.0,22.109704641350213,1.5656707852216616,4.0,6.666666666666667,completed,,3,0.8333333333333334,268.06739495892487,13.945861666666666,0.17743400000000015,261004_3,run-03
261004_3/run-03/dash_qoe_log_cc-bbr_abr-throughput_signals-rtt-cwnd-loss_netem-constrained-2mbit.json.gz,BBR,Throughput,rtt+cwnd+loss,cc-bbr_abr-throughput_signals-rtt-cwnd-loss_netem-constrained-2mbit,True,596.4,597.146400000006,0.8057000000029803,0,0.0,0,13,0.830820770519263,1.197939460636516,16.917922948073702,83.0820770519263,0,1192,99.91445469798657,125.35130000000004,1.9112539777851278,2.3608981253165378,97.90268456375838,28.898489932885905,4.0,3.6912751677852347,0.4506672602042123,2.4390243902439024,12.416107382550335,completed,,3,0.333889816360601,289.70234505857155,18.47273455759599,1.1997993109059675,261004_3,run-03
261004_3/run-03/dash_qoe_log_cc-cubic_abr-bola_signals-rtt_netem-constrained-2mbit.json.gz,CUBIC,BOLA,rtt,cc-cubic_abr-bola_signals-rtt_netem-constrained-2mbit,True,596.4,597.3402000000029,0.7901000000089407,0.15009999999401957,0.0,0,48,0.07370184254606366,0.2679627102177555,92.62981574539363,7.370184254606365,41,1194,135.70806867671692,204.65465,2.6297347544269147,3.9782591725214678,99.07872696817421,23.3249581239531,8.0,48.82747068676717,0.5019916678855034,2.7027027027027026,9.212730318257956,completed,,3,0.0,283.32454090196023,9.182963272120201,0.26836641828107355,261004_3,run-03
261004_3/run-03/dash_qoe_log_cc-cubic_abr-throughput_signals-loss_netem-high-rtt-loss.json.gz,CUBIC,Throughput,loss,cc-cubic_abr-throughput_signals-loss_netem-high-rtt-loss,True,596.333332,597.7787999999821,1.379,0.06646799998204278,0.0,0,0,0.0,0.177434,99.83249581239531,0.0,0,1188,137.32703619528618,145.986,1.3476976613558396,1.4290358388836029,0.08417508417508418,15.326599326599327,1.0,16.75084175084175,0.8936844969419498,3.7962962962962767,5.808080808080808,completed,,3,0.49916805324459235,235.57943143698085,15.34269717138103,0.177434,261004_3,run-03
261004_3/run-03/dash_qoe_log_cc-bbr_abr-bola_signals-rtt-cwnd-loss_netem-stable-8mbit.json.gz,BBR,BOLA,rtt+cwnd+loss,cc-bbr_abr-bola_signals-rtt-cwnd-loss_netem-stable-8mbit,True,596.458332,596.846,0.516699999988079,0,0.0,0,1,0.9983221476510067,1.4036830771812079,0.16778523489932887,99.83221476510067,0,1188,30.80139814814815,34.37269999999998,1.6519057408415874,1.8258967156439065,93.6026936026936,36.02272727272727,4.0,1.430976430976431,0.0,0.0,0.0,completed,,3,0.16722408026755853,330.9011725293632,26.79999665551839,1.4057439999999994,261004_3,run-03
261004_3/run-03/dash_qoe_log_cc-cubic_abr-throughput_signals-rtt_netem-stable-8mbit.json.gz,CUBIC,Throughput,rtt,cc-cubic_abr-throughput_signals-rtt_netem-stable-8mbit,True,596.4,596.8921999999881,0.49040000000596046,0.001799999982127709,0.0,0,1,0.9983221476510067,1.4036830771812079,0.16778523489932887,99.83221476510067,0,1185,189.2744194092827,478.886,10.229070056000266,25.947442566103163,99.83122362869199,224.65316455696203,10.0,11.983122362869198,0.0,0.0,0.0,completed,,3,0.33444816053511706,262.56057046568833,26.752727424749164,1.405744,261004_3,run-03
261004_3/run-03/dash_qoe_log_cc-bbr_abr-bola_signals-cwnd_netem-constrained-2mbit.json.gz,BBR,BOLA,cwnd,cc-bbr_abr-bola_signals-cwnd_netem-constrained-2mbit,True,596.4,597.222300000012,0.878,0,0.0,0,27,0.8808724832214765,1.2594184798657717,11.892797319932999,87.93969849246231,0,1180,97.95242627118644,114.04469999999999,1.8870521589475628,2.200474607538243,98.72881355932203,28.7364406779661,4.0,3.135593220338983,0.5241942628764882,2.501582278481011,12.88135593220339,completed,,3,1.001669449081803,250.78313659224503,18.434126878130215,1.2598044947671243,261004_3,run-03
261004_3/run-03/dash_qoe_log_cc-cubic_abr-bola_signals-cwnd-loss_netem-constrained-2mbit.json.gz,CUBIC,BOLA,cwnd+loss,cc-cubic_abr-bola_signals-cwnd-loss_netem-constrained-2mbit,True,596.4,598.474,2.0719000000059604,0.0020999999941087033,0.0,0,87,0.2634228187919463,0.5009988825503355,73.53433835845897,26.298157453936348,16,1178,149.0061443123939,233.18479999999994,2.8683061564734587,4.467495058714287,99.15110356536502,25.42190152801358,1.0,52.12224108658744,0.8484720797185041,2.666666666666667,10.356536502546689,completed,,3,1.663893510815308,252.16209813992788,9.13047088186356,0.5008426263517305,261004_3,run-03
261004_3/run-03/dash_qoe_log_cc-cubic_abr-throughput_signals-rtt_netem-high-rtt-loss.json.gz,CUBIC,Throughput,rtt,cc-cubic_abr-throughput_signals-rtt_netem-high-rtt-loss,True,596.333332,597.7125,1.3790999999940394,6.800000589657351e-05,0.0,0,0,0.0,0.177434,99.83249581239531,0.0,0,1170,137.76082222222223,147.8798,1.3524480826540004,1.4420242611032086,0.5128205128205128,16.117948717948718,1.0,17.521367521367523,1.3872002833465475,2.301797040169131,5.128205128205129,completed,,3,1.8333333333333333,234.49439728771083,15.403953333333332,0.177434,261004_3,run-03
261004_3/run-03/dash_qoe_log_cc-bbr_abr-bola_signals-cwnd_netem-high-rtt-loss.json.gz,BBR,BOLA,cwnd,cc-bbr_abr-bola_signals-cwnd_netem-high-rtt-loss,True,596.458332,597.9555,1.5852000000178814,0,0.0,0,3,0.9916107382550335,1.39543938590604,0.8375209380234506,98.99497487437186,0,1171,149.01361998292057,163.946,1.4669633558290505,1.625803252677509,17.16481639624253,77.70111016225448,3.0,11.016225448334756,1.5239819806095838,3.7383540372670803,23.996584116140053,completed,,3,1.8333333333333333,213.75331069567005,25.240053333333332,1.3952411145574601,261004_3,run-03
261004_3/run-03/dash_qoe_log_cc-bbr_abr-bola_signals-cwnd-loss_netem-stable-8mbit.json.gz,BBR,BOLA,cwnd+loss,cc-bbr_abr-bola_signals-cwnd-loss_netem-stable-8mbit,True,596.4,597.4999000000059,0.5967000000178814,0.5031999999880782,0.0,0,1,0.9983221476510067,1.4036830771812079,0.16778523489932887,99.83221476510067,0,1165,30.53023519313305,33.86,1.653702200944662,1.842755914095715,93.90557939914163,35.53648068669528,4.0,1.5450643776824033,0.0,0.0,0.0,completed,,3,2.3333333333333335,267.38686007129047,26.651846666666668,1.4057439999999997,261004_3,run-03
261004_3/run-03/dash_qoe_log_cc-cubic_abr-throughput_signals-loss_netem-stable-8mbit.json.gz,CUBIC,Throughput,loss,cc-cubic_abr-throughput_signals-loss_netem-stable-8mbit,True,596.4,596.894,0.5064000000059604,0,0.0,0,1,0.9983221476510067,1.4036830771812079,0.16778523489932887,99.83221476510067,0,1165,202.36841974248927,481.36,10.944896483972201,26.04489053092023,99.8283261802575,247.49527896995707,10.0,12.875536480686696,0.0,0.0,0.0,completed,,3,2.1702838063439067,277.9529010235958,26.689948247078465,1.4057440000000003,261004_3,run-03
261004_3/run-03/dash_qoe_log_cc-cubic_abr-bola_signals-rtt-cwnd_netem-stable-8mbit.json.gz,CUBIC,BOLA,rtt+cwnd,cc-cubic_abr-bola_signals-rtt-cwnd_netem-stable-8mbit,True,596.458332,596.9597000000178,0.6425,0,0.0,0,1,0.9983221476510067,1.4036830771812079,0.16778523489932887,99.83221476510067,0,1169,205.2292369546621,517.7306,11.156770605324954,28.23882404276208,100.0,250.26860564585115,10.0,11.46278870829769,0.0,0.0,0.0,completed,,3,1.669449081803005,285.66672325807235,26.68119532554257,1.4057440000000003,261004_3,run-03
261004_3/run-03/dash_qoe_log_cc-cubic_abr-bola_signals-rtt-cwnd_netem-high-rtt-loss.json.gz,CUBIC,BOLA,rtt+cwnd,cc-cubic_abr-bola_signals-rtt-cwnd_netem-high-rtt-loss,True,596.333332,597.764,1.406,0.024667999999968826,0.0,0,0,0.0,0.177434,99.83249581239531,0.0,0,1166,137.13059262435678,146.087,1.3492970922937013,1.4377653301886792,0.08576329331046312,15.138078902229845,1.0,19.554030874785592,1.255026282237201,3.125,5.660377358490566,completed,,3,2.1666666666666665,247.1798977892992,14.158913333333333,0.17743399999999998,261004_3,run-03
261004_3/run-03/dash_qoe_log_cc-bbr_abr-throughput_signals-rtt-cwnd_netem-constrained-2mbit.json.gz,BBR,Throughput,rtt+cwnd,cc-bbr_abr-throughput_signals-rtt-cwnd_netem-constrained-2mbit,True,596.4,597.1485999999941,0.901,0,0.0,0,29,0.889261744966443,1.2697230939597315,11.055276381909549,88.77721943048576,0,1173,99.108820971867,118.39959999999996,1.914949383212862,2.283320003901297,98.9769820971867,28.762148337595907,4.0,3.836317135549872,0.587270988344894,2.5316455696202533,13.128729752770674,completed,,3,1.5025041736227045,275.92101695072853,18.62729716193656,1.2702124833773072,261004_3,run-03
261004_3/run-03/dash_qoe_log_cc-cubic_abr-throughput_signals-rtt-loss_netem-constrained-2mbit.json.gz,CUBIC,Throughput,rtt+loss,cc-cubic_abr-throughput_signals-rtt-loss_netem-constrained-2mbit,True,596.4,597.437,0.8927000000178814,0.14429999998215315,0.0,0,66,0.08557046979865772,0.2825410637583893,91.28978224455611,8.542713567839195,38,1173,136.56750554134697,218.9451999999999,2.640193934449598,4.208473878335902,98.9769820971867,23.595055413469737,1.0,50.29838022165388,0.5323257508486586,2.631578947368421,8.525149190110827,completed,,3,1.8333333333333333,300.44838709377876,8.928633333333334,0.28319079358946403,261004_3,run-03
261004_3/run-03/dash_qoe_log_cc-bbr_abr-bola_signals-rtt-loss_netem-constrained-2mbit.json.gz,BBR,BOLA,rtt+loss,cc-bbr_abr-bola_signals-rtt-loss_netem-constrained-2mbit,True,596.4,597.142,0.721199999988079,0.020800000011996445,0.0,0,27,0.8860971524288107,1.2658359932998327,11.390284757118929,88.60971524288107,0,1162,98.24159036144579,115.97055000000002,1.907809494661156,2.2596776082120136,98.88123924268503,28.66867469879518,4.0,4.216867469879518,0.44414985497224807,2.4676302318578753,12.736660929432015,completed,,3,2.3411371237458196,295.53236301279026,18.6034381270903,1.2676695415297565,261004_3,run-03
261004_3/run-03/dash_qoe_log_cc-bbr_abr-bola_signals-none_netem-stable-8mbit.json.gz,BBR,BOLA,none,cc-bbr_abr-bola_signals-none_netem-stable-8mbit,True,596.4,596.8951999999881,0.4591999999880791,0.036000000000051824,0.0,0,1,0.9983221476510067,1.4036830771812079,0.16778523489932887,99.83221476510067,0,1163,30.65855803955288,33.922,1.6618464229009058,1.848711101422421,93.9810834049871,35.624247635425625,4.0,1.2897678417884781,0.0,0.0,0.0,completed,,3,2.0066889632107023,246.15238907541635,26.747600334448162,1.4057439999999997,261004_3,run-03
261004_3/run-03/dash_qoe_log_cc-bbr_abr-throughput_signals-rtt-cwnd_netem-stable-8mbit.json.gz,BBR,Throughput,rtt+cwnd,cc-bbr_abr-throughput_signals-rtt-cwnd_netem-stable-8mbit,True,596.4,596.9035999999941,0.627,0,0.0,0,1,0.9983221476510067,1.4036830771812079,0.16778523489932887,99.83221476510067,0,1163,30.764486672398967,34.434,1.650941844505564,1.8454022364564109,92.17540842648323,36.13929492691316,4.0,1.5477214101461736,0.0,0.0,0.0,completed,,3,2.337228714524207,258.84085469841955,26.712664440734557,1.4057439999999992,261004_3,run-03
261004_3/run-03/dash_qoe_log_cc-bbr_abr-bola_signals-rtt-cwnd_netem-high-rtt-loss.json.gz,BBR,BOLA,rtt+cwnd,cc-bbr_abr-bola_signals-rtt-cwnd_netem-high-rtt-loss,True,596.4,598.1820999999941,1.8444000000059604,0,0.0,0,3,0.9899497487437185,1.3933991758793969,1.0033444816053512,98.82943143812709,0,1168,149.22634246575342,163.937,1.4661168418292068,1.6111835845929003,15.068493150684931,76.99657534246575,1.0,10.616438356164384,1.8998577568124995,3.895173453996973,23.886986301369863,completed,,3,1.8363939899833055,217.2659863970008,25.36067612687813,1.3933120799045502,261004_3,run-03
261004_3/run-03/dash_qoe_log_cc-cubic_abr-throughput_signals-rtt-cwnd_netem-high-rtt-loss.json.gz,CUBIC,Throughput,rtt+cwnd,cc-cubic_abr-throughput_signals-rtt-cwnd_netem-high-rtt-loss,True,596.333332,597.700599999994,1.357699999988079,0.009568000005862887,0.0,0,0,0.0,0.177434,99.83249581239531,0.0,0,1159,136.90645901639346,144.8579,1.3435418997873079,1.4299480949970722,0.25884383088869717,14.29076790336497,1.0,17.687661777394304,0.9778330791021109,3.571428571428571,5.43572044866264,completed,,3,2.671118530884808,270.56003430373266,15.35367779632721,0.177434,261004_3,run-03
261004_3/run-03/dash_qoe_log_cc-bbr_abr-bola_signals-rtt-loss_netem-high-rtt-loss.json.gz,BBR,BOLA,rtt+loss,cc-bbr_abr-bola_signals-rtt-loss_netem-high-rtt-loss,True,596.4,598.0065,1.515800000011921,0.09069999998806177,0.0,0,1,0.9932885906040269,1.3975003087248323,0.6700167504187605,99.16247906197655,0,1166,148.87990909090908,163.061,1.4543342658202527,1.5982053850899858,13.636363636363637,78.37564322469983,2.0,9.34819897084048,1.6234915484315997,4.125,24.271012006861064,completed,,3,2.6622296173044924,300.7270085477421,25.298237936772047,1.3975003059584907,261004_3,run-03
261004_3/run-03/dash_qoe_log_cc-cubic_abr-bola_signals-none_netem-high-rtt-loss.json.gz,CUBIC,BOLA,none,cc-cubic_abr-bola_signals-none_netem-high-rtt-loss,True,596.458332,597.7543000000119,1.5477000000178813,0,0.0,0,0,0.0,0.177434,99.83249581239531,0.0,0,1164,137.1519793814433,145.23265,1.3416380113181254,1.4312109331624403,0.42955326460481097,14.416666666666666,1.0,18.814432989690722,1.2364315709151352,3.0565610859728385,5.841924398625429,completed,,3,1.8363939899833055,231.4127551047068,14.018150250417362,0.17743399999999998,261004_3,run-03
261004_3/run-03/dash_qoe_log_cc-bbr_abr-bola_signals-loss_netem-stable-8mbit.json.gz,BBR,BOLA,loss,cc-bbr_abr-bola_signals-loss_netem-stable-8mbit,True,596.458332,596.8576000000238,0.5569000000059605,0,0.0,0,1,0.9983221476510067,1.4036830771812079,0.16778523489932887,99.83221476510067,0,1168,30.916696061643837,34.691,1.6630665880270987,1.8679366764712295,92.8082191780822,36.07705479452055,4.0,1.4554794520547945,0.0,0.0,0.0,completed,,3,1.839464882943144,222.3722316864402,26.786234113712375,1.4057440000000005,261004_3,run-03
261004_3/run-04/dash_qoe_log_cc-cubic_abr-throughput_signals-rtt_netem-high-rtt-loss.json.gz,CUBIC,Throughput,rtt,cc-cubic_abr-throughput_signals-rtt_netem-high-rtt-loss,True,596.4,597.796599999994,1.3274000000059605,0.06919999998804904,0.0,0,6,0.015100671140939598,0.1959823053691275,98.3249581239531,1.5075376884422111,0,1168,137.32549058219178,146.20964999999998,1.3514157850445114,1.4398176568101917,0.5993150684931506,14.835616438356164,1.0,19.434931506849313,0.9581099262898872,3.277777777777756,5.907534246575342,completed,,4,2.0,313.1945578203011,15.039695000000002,0.1960426870332136,261004_3,run-04
261004_3/run-04/dash_qoe_log_cc-bbr_abr-bola_signals-loss_netem-stable-8mbit.json.gz,BBR,BOLA,loss,cc-bbr_abr-bola_signals-loss_netem-stable-8mbit,True,596.4,596.8861999999881,0.5988999999761582,0,0.0,0,1,0.9983221476510067,1.4036830771812079,0.16778523489932887,99.83221476510067,0,1164,30.437720790378005,34.60459999999999,1.647462699174945,1.8726173619431434,92.61168384879726,35.59965635738832,4.0,1.8041237113402062,0.0,0.0,0.0,completed,,4,2.0066889632107023,264.6721843042675,26.75657525083612,1.4057440000000019,261004_3,run-04
261004_3/run-04/dash_qoe_log_cc-cubic_abr-throughput_signals-loss_netem-high-rtt-loss.json.gz,CUBIC,Throughput,loss,cc-cubic_abr-throughput_signals-loss_netem-high-rtt-loss,True,596.458332,597.5745,1.2559000000059604,0,0.0,0,4,0.01174496644295302,0.19186045973154361,98.65996649916248,1.1725293132328307,0,1166,137.81015180102915,146.49,1.3539769462362536,1.442936483492464,1.8867924528301887,15.177530017152659,1.0,19.125214408233276,1.1525379557478321,3.101325757575758,6.174957118353345,completed,,4,2.1666666666666665,298.94718909461614,14.993581666666666,0.19186258012677423,261004_3,run-04
261004_3/run-04/dash_qoe_log_cc-cubic_abr-throughput_signals-rtt-cwnd_netem-high-rtt-loss.json.gz,CUBIC,Throughput,rtt+cwnd,cc-cubic_abr-throughput_signals-rtt-cwnd_netem-high-rtt-loss,True,596.4,597.6072999999822,1.2680999999940394,0,0.0,0,2,0.0,0.177434,99.83249581239531,0.0,1,1157,138.4063517718237,147.55040000000002,1.3591286209055686,1.4506109267773983,1.0371650821089022,15.813310285220398,1.0,17.372515125324114,0.9356666616521168,0.0,4.235090751944685,completed,,4,2.995008319467554,250.58885077076548,15.278306156405991,0.17743399999999993,261004_3,run-04
261004_3/run-04/dash_qoe_log_cc-bbr_abr-throughput_signals-loss_netem-stable-8mbit.json.gz,BBR,Throughput,loss,cc-bbr_abr-throughput_signals-loss_netem-stable-8mbit,True,596.458332,596.873599999994,0.5245,0,0.0,0,1,0.9983221476510067,1.4036830771812079,0.16778523489932887,99.83221476510067,0,1160,30.551487931034483,34.979,1.6571747833010795,1.9013670279396546,93.36206896551724,35.96293103448276,4.0,0.8620689655172413,0.0,0.0,0.0,completed,,4,2.5041736227045077,233.39811643718244,26.726263772954923,1.4057439999999997,261004_3,run-04
261004_3/run-04/dash_qoe_log_cc-bbr_abr-bola_signals-cwnd_netem-high-rtt-loss.json.gz,BBR,BOLA,cwnd,cc-bbr_abr-bola_signals-cwnd_netem-high-rtt-loss,True,596.4,597.8152000000179,1.3597000000178814,0.055499999999994554,0.0,0,3,0.9932885906040269,1.3975003087248323,0.6700167504187605,99.16247906197655,0,1162,147.08251807228916,160.53605000000002,1.4534567705904962,1.5861323314543094,13.166953528399311,78.22977624784853,4.0,9.982788296041308,1.958924736797379,3.9202953908836276,23.49397590361446,completed,,4,2.5,274.1641025625233,25.22065,1.3975013336542506,261004_3,run-04
261004_3/run-04/dash_qoe_log_cc-bbr_abr-bola_signals-none_netem-stable-8mbit.json.gz,BBR,BOLA,none,cc-bbr_abr-bola_signals-none_netem-stable-8mbit,True,596.4,596.8856999999881,0.6465,0,0.0,0,1,0.9983221476510067,1.4036830771812079,0.16778523489932887,99.83221476510067,0,1173,30.64584398976982,34.166,1.663165163409719,1.8604879111304724,94.62915601023018,35.65814151747656,4.0,1.1935208866155158,0.0,0.0,0.0,completed,,4,1.3377926421404682,270.61288135622516,26.74966889632107,1.4057439999999997,261004_3,run-04
261004_3/run-04/dash_qoe_log_cc-bbr_abr-bola_signals-cwnd_netem-constrained-2mbit.json.gz,BBR,BOLA,cwnd,cc-bbr_abr-bola_signals-cwnd_netem-constrained-2mbit,True,596.458332,597.169300000012,0.7436000000238419,0,0.0,0,21,0.8927973199329984,1.274065876046901,10.720268006700168,89.27973199329983,0,1165,98.20416738197424,114.67059999999998,1.886496847709912,2.211919345116568,98.96995708154506,28.8068669527897,4.0,3.8626609442060085,0.5979013288743262,2.6247436773752546,13.991416309012875,completed,,4,2.0066889632107023,279.47252559316036,18.55448160535117,1.2760287123877436,261004_3,run-04
261004_3/run-04/dash_qoe_log_cc-bbr_abr-bola_signals-rtt-cwnd_netem-high-rtt-loss.json.gz,BBR,BOLA,rtt+cwnd,cc-bbr_abr-bola_signals-rtt-cwnd_netem-high-rtt-loss,True,596.4,597.8263000000119,1.3040999999940395,0.1222000000178669,0.0,0,3,0.9932885906040269,1.3975003087248323,0.6700167504187605,99.16247906197655,0,1165,147.55310042918455,162.542,1.4496319301793548,1.601537120671896,15.278969957081545,78.06781115879828,2.0,9.098712446351932,1.797326546406022,4.329324699352447,23.776824034334766,completed,,4,2.337228714524207,297.2119658137998,25.24035392320534,1.3975005120508308,261004_3,run-04
261004_3/run-04/dash_qoe_log_cc-cubic_abr-throughput_signals-rtt-loss_netem-constrained-2mbit.json.gz,CUBIC,Throughput,rtt+loss,cc-cubic_abr-throughput_signals-rtt-loss_netem-constrained-2mbit,True,596.4,597.213400000006,0.8690999999940395,0,0.0,0,62,0.08053691275167785,0.2763582953020134,91.79229480737018,8.040201005025125,40,1173,126.99805541346974,210.16179999999974,2.461841044135883,4.061186174868376,98.80647911338448,21.81074168797954,2.0,46.46206308610401,0.7999682092997057,3.508771929824561,11.508951406649617,completed,,4,1.669449081803005,286.0689303896727,9.00782470784641,0.2763156673815161,261004_3,run-04
261004_3/run-04/dash_qoe_log_cc-cubic_abr-bola_signals-cwnd-loss_netem-constrained-2mbit.json.gz,CUBIC,BOLA,cwnd+loss,cc-cubic_abr-bola_signals-cwnd-loss_netem-constrained-2mbit,True,596.4,597.1902000000179,0.8711000000238418,0,0.0,0,19,0.8509212730318257,1.222629108877722,14.90787269681742,85.09212730318258,3,1157,181.7931261884183,469.59480000000013,3.523113745498954,9.143022916220481,98.44425237683664,31.27917026793431,1.0,69.57649092480553,0.6606452089740278,3.086538461538464,15.47104580812446,completed,,4,2.6755852842809364,263.0725085885357,19.020603678929767,1.224647070970898,261004_3,run-04
261004_3/run-04/dash_qoe_log_cc-bbr_abr-bola_signals-cwnd-loss_netem-constrained-2mbit.json.gz,BBR,BOLA,cwnd+loss,cc-bbr_abr-bola_signals-cwnd-loss_netem-constrained-2mbit,True,596.458332,597.1815999999941,0.7829000000059605,0,0.0,0,21,0.897822445561139,1.2802382881072025,10.217755443886098,89.78224455611391,0,1161,98.12209905254092,113.743,1.896494403820754,2.2081776428460222,98.53574504737296,28.71662360034453,4.0,3.7037037037037037,0.46779748488479905,2.666666666666667,14.470284237726098,completed,,4,2.8380634390651087,228.06185566728672,18.667233722871455,1.2824615549449097,261004_3,run-04
261004_3/run-04/dash_qoe_log_cc-cubic_abr-throughput_signals-rtt_netem-stable-8mbit.json.gz,CUBIC,Throughput,rtt,cc-cubic_abr-throughput_signals-rtt_netem-stable-8mbit,True,596.458332,596.8748000000119,0.5243000000119209,0,0.0,0,1,0.9983221476510067,1.4036830771812079,0.16778523489932887,99.83221476510067,0,1159,206.65215530629854,518.855,11.257964249420983,28.289351725642003,99.9137187230371,252.01380500431407,10.0,11.906816220880069,0.0,0.0,0.0,completed,,4,3.005008347245409,259.13580034198736,26.71014858096828,1.4057439999999994,261004_3,run-04
261004_3/run-04/dash_qoe_log_cc-bbr_abr-throughput_signals-rtt-cwnd-loss_netem-stable-8mbit.json.gz,BBR,Throughput,rtt+cwnd+loss,cc-bbr_abr-throughput_signals-rtt-cwnd-loss_netem-stable-8mbit,True,596.4,596.8921000000238,0.5912000000178814,0,0.0,0,1,0.9983221476510067,1.4036830771812079,0.16778523489932887,99.83221476510067,0,1157,30.639812445980983,34.9468,1.6630995776756161,1.896886286026352,92.13483146067416,35.973206568712186,4.0,1.0371650821089022,0.0,0.0,0.0,completed,,4,2.842809364548495,255.58089500445098,26.78246153846154,1.4057439999999992,261004_3,run-04
261004_3/run-04/dash_qoe_log_cc-cubic_abr-bola_signals-rtt_netem-constrained-2mbit.json.gz,CUBIC,BOLA,rtt,cc-cubic_abr-bola_signals-rtt_netem-constrained-2mbit,True,596.458332,597.227,0.885,0,0.0,0,56,0.08389261744966443,0.28048014093959733,91.4572864321608,8.375209380234505,36,1195,136.8894460251046,247.25029999999995,2.654522597908337,4.812687949763052,97.82426778242677,23.699581589958157,2.0,49.53974895397489,0.7179742238553664,3.7735849056603774,11.04602510460251,completed,,4,0.0,310.1841137092249,9.641872909698996,0.28156307189102664,261004_3,run-04
261004_3/run-04/dash_qoe_log_cc-cubic_abr-bola_signals-cwnd_netem-high-rtt-loss.json.gz,CUBIC,BOLA,cwnd,cc-cubic_abr-bola_signals-cwnd_netem-high-rtt-loss,True,596.458332,597.607400000006,1.259300000011921,0,0.0,0,2,0.0016778523489932886,0.17949492281879192,99.66499162479062,0.16750418760469013,1,1178,137.13933870967742,146.66910000000001,1.3454183533849655,1.4410182260710327,1.1035653650254669,15.323429541595925,1.0,17.99660441426146,1.3081278024542213,3.4482758620689653,5.34804753820034,completed,,4,0.6666666666666666,282.1790268445175,13.926931666666666,0.17975903809663962,261004_3,run-04
261004_3/run-04/dash_qoe_log_cc-cubic_abr-bola_signals-loss_netem-stable-8mbit.json.gz,CUBIC,BOLA,loss,cc-cubic_abr-bola_signals-loss_netem-stable-8mbit,True,596.458332,596.8366999999881,0.4828000000119209,0,0.0,0,1,0.9983221476510067,1.4036830771812079,0.16778523489932887,99.83221476510067,0,1158,208.53981260794473,521.7582499999976,11.323400286112406,28.43369209809251,99.82728842832469,254.02245250431778,10.0,11.744386873920552,0.0,0.0,0.0,completed,,4,2.6755852842809364,254.4274914105426,26.716565217391302,1.4057440000000003,261004_3,run-04
261004_3/run-04/dash_qoe_log_cc-cubic_abr-bola_signals-rtt-cwnd_netem-high-rtt-loss.json.gz,CUBIC,BOLA,rtt+cwnd,cc-cubic_abr-bola_signals-rtt-cwnd_netem-high-rtt-loss,True,596.458332,597.691,1.3184000000059604,0,0.0,0,2,0.0,0.177434,99.83249581239531,0.0,1,1155,137.79664155844156,146.14,1.3461494408027859,1.4400039490571626,0.8658008658008658,15.264069264069263,2.0,20.432900432900432,0.9551323129699746,3.303485328557649,5.454545454545454,completed,,4,3.1613976705490847,304.1539518861836,13.881116472545756,0.17743400000000006,261004_3,run-04
261004_3/run-04/dash_qoe_log_cc-cubic_abr-bola_signals-rtt-cwnd_netem-stable-8mbit.json.gz,CUBIC,BOLA,rtt+cwnd,cc-cubic_abr-bola_signals-rtt-cwnd_netem-stable-8mbit,True,596.458332,596.879400000006,0.5777000000178814,0,0.0,0,1,0.9983221476510067,1.4036830771812079,0.16778523489932887,99.83221476510067,0,1162,204.72255679862306,529.3975500000003,11.098629283805206,28.819408911782393,99.82788296041308,249.9672977624785,10.0,12.650602409638553,0.0,0.0,0.0,completed,,4,2.5041736227045077,243.84743150435898,26.662502504173624,1.4057440000000008,261004_3,run-04
261004_3/run-04/dash_qoe_log_cc-cubic_abr-throughput_signals-loss_netem-stable-8mbit.json.gz,CUBIC,Throughput,loss,cc-cubic_abr-throughput_signals-loss_netem-stable-8mbit,True,596.4,596.892699999988,0.520800000011921,0,0.0,0,1,0.9983221476510067,1.4036830771812079,0.16778523489932887,99.83221476510067,0,1161,207.31859948320414,484.776,11.248229502594203,26.434156715197123,99.82773471145565,254.0594315245478,10.0,11.369509043927648,0.0,0.0,0.0,completed,,4,2.671118530884808,274.30994854052113,26.677338898163608,1.405744000000001,261004_3,run-04
261004_3/run-04/dash_qoe_log_cc-cubic_abr-throughput_signals-rtt-cwnd-loss_netem-stable-8mbit.json.gz,CUBIC,Throughput,rtt+cwnd+loss,cc-cubic_abr-throughput_signals-rtt-cwnd-loss_netem-stable-8mbit,True,596.458332,596.8787000000178,0.479,0,0.0,0,1,0.9983221476510067,1.4036830771812079,0.16778523489932887,99.83221476510067,0,1166,203.98571355060034,475.213,11.034949687403692,25.86756300691307,100.0,249.1663807890223,10.0,12.864493996569468,0.0,0.0,0.0,completed,,4,1.839464882943144,308.40085178542586,26.675404682274248,1.4057439999999992,261004_3,run-04
261004_3/run-04/dash_qoe_log_cc-bbr_abr-throughput_signals-rtt-cwnd-loss_netem-constrained-2mbit.json.gz,BBR,Throughput,rtt+cwnd+loss,cc-bbr_abr-throughput_signals-rtt-cwnd-loss_netem-constrained-2mbit,True,596.4,597.217900000006,0.8215999999940395,0,0.0,0,15,0.9429530201342282,1.335672624161074,5.695142378559464,94.13735343383584,0,1175,98.10149106382978,113.5659,1.9000953326075238,2.21431134688146,98.97872340425532,28.65872340425532,4.0,3.74468085106383,0.5859490637670604,2.789514866979654,14.382978723404255,completed,,4,1.669449081803005,321.8572156224874,19.691808013355594,1.335995367506468,261004_3,run-04
261004_3/run-04/dash_qoe_log_cc-cubic_abr-bola_signals-none_netem-high-rtt-loss.json.gz,CUBIC,BOLA,none,cc-cubic_abr-bola_signals-none_netem-high-rtt-loss,True,596.4,597.8352000000178,1.3513000000119209,0.08390000000593689,0.0,0,0,0.0,0.177434,99.83249581239531,0.0,0,1168,136.9630573630137,146.138,1.337742866665407,1.4303738732957518,0.17123287671232876,14.07876712328767,1.0,20.54794520547945,1.0044881542695892,3.10817307692307,5.3938356164383565,completed,,4,2.1630615640599,314.79523809750873,13.807925124792014,0.17743399999999993,261004_3,run-04
261004_3/run-04/dash_qoe_log_cc-cubic_abr-throughput_signals-cwnd-loss_netem-high-rtt-loss.json.gz,CUBIC,Throughput,cwnd+loss,cc-cubic_abr-throughput_signals-cwnd-loss_netem-high-rtt-loss,True,596.4,597.7928999999762,1.5722999999821186,0,0.0,0,0,0.0,0.177434,99.83249581239531,0.0,1,1168,137.35993407534247,145.56,1.351100714540135,1.434811324474587,0.3424657534246575,15.231164383561644,1.0,18.493150684931507,0.6908932328423588,1.2499999999997378,5.051369863013699,completed,,4,1.669449081803005,304.63921901497656,15.04645242070117,0.17743400000000006,261004_3,run-04
261004_3/run-04/dash_qoe_log_cc-bbr_abr-bola_signals-rtt-loss_netem-constrained-2mbit.json.gz,BBR,BOLA,rtt+loss,cc-bbr_abr-bola_signals-rtt-loss_netem-constrained-2mbit,True,596.4,597.2176999999881,0.753699999988079,0.0640000000000428,0.0,0,21,0.8659966499162479,1.2411463450586264,13.40033500837521,86.59966499162479,1,1167,98.70811568123393,120.111,1.9108492145956115,2.305931274860267,99.05741216795201,28.720651242502143,1.0,4.1988003427592115,0.5247517258863662,2.6561403508771946,14.395886889460154,completed,,4,2.1702838063439067,302.0532423168319,18.45087813021703,1.2429285810105755,261004_3,run-04
261004_3/run-04/dash_qoe_log_cc-bbr_abr-throughput_signals-loss_netem-high-rtt-loss.json.gz,BBR,Throughput,loss,cc-bbr_abr-throughput_signals-loss_netem-high-rtt-loss,True,596.458332,597.7175,1.3292999999821187,0,0.0,0,15,0.9446308724832215,1.3377335469798657,5.527638190954774,94.30485762144053,2,1171,147.07057386848845,160.424,1.4393149825192002,1.5720867955735833,13.065755764304013,77.10247651579846,2.0,10.589239965841161,1.6340459958030882,4.0134228187919465,22.801024765157983,completed,,4,2.003338898163606,241.9797274279432,24.275230383973287,1.3370501795505294,261004_3,run-04
261004_3/run-04/dash_qoe_log_cc-bbr_abr-bola_signals-cwnd-loss_netem-stable-8mbit.json.gz,BBR,BOLA,cwnd+loss,cc-bbr_abr-bola_signals-cwnd-loss_netem-stable-8mbit,True,596.4,596.8938000000119,0.5085,0,0.0,0,1,0.9983221476510067,1.4036830771812079,0.16778523489932887,99.83221476510067,0,1166,30.713012864493997,33.954499999999996,1.653437777452416,1.8319251308062592,92.45283018867924,35.82933104631218,4.0,1.1149228130360205,0.0,0.0,0.0,completed,,4,2.1702838063439067,217.35972695896854,26.70260267111853,1.4057440000000014,261004_3,run-04
261004_3/run-04/dash_qoe_log_cc-bbr_abr-bola_signals-rtt-loss_netem-high-rtt-loss.json.gz,BBR,BOLA,rtt+loss,cc-bbr_abr-bola_signals-rtt-loss_netem-high-rtt-loss,True,596.4,597.5073000000119,1.2725999999940396,0,0.0,0,7,0.9580536912751678,1.3542209295302012,4.187604690117253,95.64489112227805,1,1160,148.65451293103447,163.357,1.4525650331454378,1.5989416100265106,14.482758620689655,77.97586206896551,1.0,9.913793103448276,1.6343246315619404,4.166666666666666,23.189655172413794,completed,,4,2.337228714524207,286.9044444488664,24.70569616026711,1.3543767170083052,261004_3,run-04
261004_3/run-04/dash_qoe_log_cc-bbr_abr-throughput_signals-rtt-cwnd_netem-constrained-2mbit.json.gz,BBR,Throughput,rtt+cwnd,cc-bbr_abr-throughput_signals-rtt-cwnd_netem-constrained-2mbit,True,596.4,597.2088000000119,0.837,0,0.0,0,7,0.9362416107382551,1.327428932885906,6.365159128978225,93.46733668341709,0,1168,98.66370976027397,114.48389999999998,1.9121386433604446,2.218556650916798,99.22945205479452,28.961472602739725,1.0,3.2534246575342465,0.6429484056864301,2.4891975308641934,14.811643835616438,completed,,4,2.0066889632107023,234.45324231897808,19.73376086956522,1.3275578656232638,261004_3,run-04
261004_3/run-04/dash_qoe_log_cc-bbr_abr-bola_signals-cwnd-loss_netem-high-rtt-loss.json.gz,BBR,BOLA,cwnd+loss,cc-bbr_abr-bola_signals-cwnd-loss_netem-high-rtt-loss,True,596.4,597.8307999999821,1.3282999999821186,0.10250000000000914,0.0,0,13,0.9530201342281879,1.3480381610738255,4.690117252931323,95.14237855946399,1,1172,147.13060921501705,160.32315,1.453860277159657,1.5798984675850574,12.969283276450511,77.26877133105802,1.0,9.129692832764505,2.091395607302376,4.684123786852227,23.63481228668942,completed,,4,2.1666666666666665,218.01413969195477,24.62271833333333,1.3482131527268089,261004_3,run-04
261004_3/run-04/dash_qoe_log_cc-bbr_abr-bola_signals-rtt-cwnd-loss_netem-stable-8mbit.json.gz,BBR,BOLA,rtt+cwnd+loss,cc-bbr_abr-bola_signals-rtt-cwnd-loss_netem-stable-8mbit,True,596.458332,596.8762000000179,0.4576000000238419,0,0.0,0,1,0.9983221476510067,1.4036830771812079,0.16778523489932887,99.83221476510067,0,1163,30.87336457437661,35.45829999999997,1.6695281501600248,1.920817984832068,95.01289767841789,35.7652622527945,4.0,1.5477214101461736,0.0,0.0,0.0,completed,,4,2.5041736227045077,262.4277397305386,26.74463772954925,1.4057440000000003,261004_3,run-04
261004_3/run-04/dash_qoe_log_cc-bbr_abr-throughput_signals-rtt-cwnd_netem-stable-8mbit.json.gz,BBR,Throughput,rtt+cwnd,cc-bbr_abr-throughput_signals-rtt-cwnd_netem-stable-8mbit,True,596.4,596.890900000006,0.484,0.006900000006035967,0.0,0,1,0.9983221476510067,1.4036830771812079,0.16778523489932887,99.83221476510067,0,1161,30.625406546080967,34.142,1.670822041239218,1.8591895882320775,93.54005167958657,35.83979328165375,4.0,1.8087855297157622,0.0,0.0,0.0,completed,,4,2.6666666666666665,317.47277397682814,26.667963333333333,1.4057439999999986,261004_3,run-04
