condition,metric,n,mean,median,stddev,ci95_low,ci95_high,attempts,failures,failure_rate
cc-bbr_abr-bola_signals-cwnd-loss_netem-constrained-2mbit,startup_sec,5,0.8735600000038743,0.7829000000059605,0.13753706046257325,0.7028125613365545,1.0443074386711941,5,0,0.0
cc-bbr_abr-bola_signals-cwnd-loss_netem-constrained-2mbit,stall_sec,5,0.0,0.0,0.0,0.0,0.0,5,0,0.0
cc-bbr_abr-bola_signals-cwnd-loss_netem-constrained-2mbit,stall_count,5,0.0,0.0,0.0,0.0,0.0,5,0,0.0
cc-bbr_abr-bola_signals-cwnd-loss_netem-constrained-2mbit,switch_count,5,21.8,21.0,5.019960159204453,15.567895456589325,28.032104543410675,5,0,0.0
cc-bbr_abr-bola_signals-cwnd-loss_netem-constrained-2mbit,avg_bitrate_mbps,5,1.2516822519982462,1.247318757118928,0.022648336541461856,1.2235651362076088,1.2797993677888837,5,0,0.0
cc-bbr_abr-bola_signals-cwnd-loss_netem-constrained-2mbit,time_weighted_bitrate_mbps,5,1.252692411353914,1.2491496449409862,0.02310552355302244,1.2240077139168941,1.2813771087909338,5,0,0.0
cc-bbr_abr-bola_signals-cwnd-loss_netem-constrained-2mbit,buffer_mean_sec,5,18.763383062629465,18.828015025041736,0.1898153219199556,18.527733995180732,18.9990321300782,5,0,0.0
cc-bbr_abr-bola_signals-cwnd-loss_netem-constrained-2mbit,guardrail_count,5,0.2,0.0,0.4472135954999579,-0.3551999999999999,0.7551999999999999,5,0,0.0
cc-bbr_abr-bola_signals-cwnd-loss_netem-constrained-2mbit,rtt_mean_ms,5,98.92548991784582,98.8171652613828,0.7290537797013938,98.02039521016435,99.8305846255273,5,0,0.0
cc-bbr_abr-bola_signals-cwnd-loss_netem-constrained-2mbit,cwnd_mean_packets,5,28.70670257259508,28.691337258200168,0.13324123604115296,28.54128824934011,28.872116895850052,5,0,0.0
cc-bbr_abr-bola_signals-cwnd-loss_netem-constrained-2mbit,loss_mean_pct,5,0.4815682176474048,0.4744689417816691,0.014836449886010178,0.46314928526341914,0.4999871500313905,5,0,0.0
cc-bbr_abr-bola_signals-cwnd-loss_netem-constrained-2mbit,missing_tcp_pct,5,1.6041786478020783,0.6688963210702341,1.6360536462885438,-0.42692459583686615,3.6352818914410228,5,0,0.0
cc-bbr_abr-bola_signals-cwnd-loss_netem-constrained-2mbit,tcp_age_mean_ms,5,260.4283299953514,252.66593959650038,26.911849060613775,227.0182128862123,293.8384471044905,5,0,0.0
cc-bbr_abr-bola_signals-cwnd-loss_netem-high-rtt-loss,startup_sec,5,1.4109199999958277,1.3282999999821186,0.1477791494089482,1.2274573669778748,1.5943826330137807,5,0,0.0
cc-bbr_abr-bola_signals-cwnd-loss_netem-high-rtt-loss,stall_sec,5,0.0,0.0,0.0,0.0,0.0,5,0,0.0
cc-bbr_abr-bola_signals-cwnd-loss_netem-high-rtt-loss,stall_count,5,0.0,0.0,0.0,0.0,0.0,5,0,0.0
cc-bbr_abr-bola_signals-cwnd-loss_netem-high-rtt-loss,switch_count,5,6.6,7.0,5.549774770204643,-0.28985080825412357,13.489850808254122,5,0,0.0
cc-bbr_abr-bola_signals-cwnd-loss_netem-high-rtt-loss,avg_bitrate_mbps,5,1.36741083557047,1.3500990838926175,0.0275578597185105,1.33319871887797,1.40162295226297,5,0,0.0
cc-bbr_abr-bola_signals-cwnd-loss_netem-high-rtt-loss,time_weighted_bitrate_mbps,5,1.3673643588190953,1.349848151654561,0.027538851510785292,1.3331758401500795,1.4015528774881112,5,0,0.0
cc-bbr_abr-bola_signals-cwnd-loss_netem-high-rtt-loss,buffer_mean_sec,5,24.911655632721203,24.62271833333333,0.44553908491222577,24.358534478909387,25.46477678653302,5,0,0.0
cc-bbr_abr-bola_signals-cwnd-loss_netem-high-rtt-loss,guardrail_count,5,0.8,1.0,0.8366600265340756,-0.23868409056844597,1.838684090568446,5,0,0.0
cc-bbr_abr-bola_signals-cwnd-loss_netem-high-rtt-loss,rtt_mean_ms,5,147.81101924595805,147.13060921501705,2.001023112492846,145.3268192054516,150.2952192864645,5,0,0.0
cc-bbr_abr-bola_signals-cwnd-loss_netem-high-rtt-loss,cwnd_mean_packets,5,77.56056772279835,77.26877133105802,0.8080926108033022,76.55734907731771,78.563786368279,5,0,0.0
cc-bbr_abr-bola_signals-cwnd-loss_netem-high-rtt-loss,loss_mean_pct,5,1.7267450894930192,1.6754449457879659,0.3428113005000657,1.3011568785065883,2.15233330047945,5,0,0.0
cc-bbr_abr-bola_signals-cwnd-loss_netem-high-rtt-loss,missing_tcp_pct,5,1.4681135225375626,0.3333333333333333,1.8033430808827375,-0.7706736891678336,3.706900734242959,5,0,0.0
cc-bbr_abr-bola_signals-cwnd-loss_netem-high-rtt-loss,tcp_age_mean_ms,5,242.3140210636447,247.14407345550586,28.102230041373502,207.42608770033075,277.20195442695865,5,0,0.0
cc-bbr_abr-bola_signals-cwnd-loss_netem-stable-8mbit,startup_sec,5,0.5748600000027567,0.5967000000178814,0.05524158760070709,0.506279505705339,0.6434404943001745,5,0,0.0
cc-bbr_abr-bola_signals-cwnd-loss_netem-stable-8mbit,stall_sec,5,0.0,0.0,0.0,0.0,0.0,5,0,0.0
cc-bbr_abr-bola_signals-cwnd-loss_netem-stable-8mbit,stall_count,5,0.0,0.0,0.0,0.0,0.0,5,0,0.0
cc-bbr_abr-bola_signals-cwnd-loss_netem-stable-8mbit,switch_count,5,1.0,1.0,0.0,1.0,1.0,5,0,0.0
cc-bbr_abr-bola_signals-cwnd-loss_netem-stable-8mbit,avg_bitrate_mbps,5,1.4036830771812079,1.4036830771812079,0.0,1.4036830771812079,1.4036830771812079,5,0,0.0
cc-bbr_abr-bola_signals-cwnd-loss_netem-stable-8mbit,time_weighted_bitrate_mbps,5,1.4057440000000005,1.405744,1.0923150274288e-15,1.4057439999999992,1.4057440000000019,5,0,0.0
cc-bbr_abr-bola_signals-cwnd-loss_netem-stable-8mbit,buffer_mean_sec,5,26.69193275341474,26.70254924874791,0.05376500384878426,26.625185386077945,26.758680120751535,5,0,0.0
cc-bbr_abr-bola_signals-cwnd-loss_netem-stable-8mbit,guardrail_count,5,0.0,0.0,0.0,0.0,0.0,5,0,0.0
cc-bbr_abr-bola_signals-cwnd-loss_netem-stable-8mbit,rtt_mean_ms,5,30.50349475601547,30.53023519313305,0.1858054973373096,30.272823745206086,30.734165766824855,5,0,0.0
cc-bbr_abr-bola_signals-cwnd-loss_netem-stable-8mbit,cwnd_mean_packets,5,35.78954070188594,35.82933104631218,0.150358914145612,35.602875381391115,35.976206022380765,5,0,0.0
cc-bbr_abr-bola_signals-cwnd-loss_netem-stable-8mbit,loss_mean_pct,5,0.0,0.0,0.0,0.0,0.0,5,0,0.0
cc-bbr_abr-bola_signals-cwnd-loss_netem-stable-8mbit,missing_tcp_pct,5,1.3017820484903304,1.1705685618729098,0.9680379063979199,0.09999692603383847,2.5035671709468224,5,0,0.0
cc-bbr_abr-bola_signals-cwnd-loss_netem-stable-8mbit,tcp_age_mean_ms,5,245.87945613017817,245.71641285987272,22.791823388888567,217.58420644895034,274.174705811406,5,0,0.0
cc-bbr_abr-bola_signals-cwnd_netem-constrained-2mbit,startup_sec,5,1.1381400000050663,1.0282000000029803,0.42226908245226163,0.6139077384267896,1.662372261583343,5,0,0.0
cc-bbr_abr-bola_signals-cwnd_netem-constrained-2mbit,stall_sec,5,0.0,0.0,0.0,0.0,0.0,5,0,0.0
cc-bbr_abr-bola_signals-cwnd_netem-constrained-2mbit,stall_count,5,0.0,0.0,0.0,0.0,0.0,5,0,0.0
cc-bbr_abr-bola_signals-cwnd_netem-constrained-2mbit,switch_count,5,19.4,21.0,5.549774770204643,12.510149191745874,26.289850808254123,5,0,0.0
cc-bbr_abr-bola_signals-cwnd_netem-constrained-2mbit,avg_bitrate_mbps,5,1.2804840799073667,1.2656012483221477,0.03476372859030895,1.2373261296403084,1.323642030174425,5,0,0.0
cc-bbr_abr-bola_signals-cwnd_netem-constrained-2mbit,time_weighted_bitrate_mbps,5,1.2811342922810363,1.2654122229672082,0.034590171991712444,1.2381918064464335,1.324076778115639,5,0,0.0
cc-bbr_abr-bola_signals-cwnd_netem-constrained-2mbit,buffer_mean_sec,5,18.81550705785376,18.55448160535117,0.7384058485922217,17.898802084517502,19.73221203119002,5,0,0.0
cc-bbr_abr-bola_signals-cwnd_netem-constrained-2mbit,guardrail_count,5,0.0,0.0,0.0,0.0,0.0,5,0,0.0
cc-bbr_abr-bola_signals-cwnd_netem-constrained-2mbit,rtt_mean_ms,5,98.37263330983389,98.20416738197424,0.8982369716302503,97.25750360074801,99.48776301891976,5,0,0.0
cc-bbr_abr-bola_signals-cwnd_netem-constrained-2mbit,cwnd_mean_packets,5,28.710915285630698,28.733681462140993,0.08874108920554093,28.60074633454629,28.821084236715105,5,0,0.0
cc-bbr_abr-bola_signals-cwnd_netem-constrained-2mbit,loss_mean_pct,5,0.512808618704719,0.5241942628764882,0.07090481593823038,0.4247827755616986,0.6008344618477395,5,0,0.0
cc-bbr_abr-bola_signals-cwnd_netem-constrained-2mbit,missing_tcp_pct,5,1.4696182600878833,1.001669449081803,1.5094444896701824,-0.40430415438612854,3.343540674561895,5,0,0.0
cc-bbr_abr-bola_signals-cwnd_netem-constrained-2mbit,tcp_age_mean_ms,5,256.9972153000666,250.78313659224503,13.449399430883421,240.30025742766853,273.6941731724647,5,0,0.0
cc-bbr_abr-bola_signals-cwnd_netem-high-rtt-loss,startup_sec,5,1.3080600000053644,1.275199999988079,0.1764249075468894,1.0890346625477016,1.527085337463027,5,0,0.0
cc-bbr_abr-bola_signals-cwnd_netem-high-rtt-loss,stall_sec,5,0.0,0.0,0.0,0.0,0.0,5,0,0.0
cc-bbr_abr-bola_signals-cwnd_netem-high-rtt-loss,stall_count,5,0.0,0.0,0.0,0.0,0.0,5,0,0.0
cc-bbr_abr-bola_signals-cwnd_netem-high-rtt-loss,switch_count,5,4.2,3.0,3.898717737923586,-0.6401213869075635,9.040121386907565,5,0,0.0
cc-bbr_abr-bola_signals-cwnd_netem-high-rtt-loss,avg_bitrate_mbps,5,1.3921419093959733,1.3975003087248323,0.012070042181786027,1.3771573751895927,1.4071264436023538,5,0,0.0
cc-bbr_abr-bola_signals-cwnd_netem-high-rtt-loss,time_weighted_bitrate_mbps,5,1.392081051184454,1.397441484585432,0.01207189059411624,1.3770942222389686,1.4070678801299392,5,0,0.0
cc-bbr_abr-bola_signals-cwnd_netem-high-rtt-loss,buffer_mean_sec,5,25.211621219810795,25.240053333333332,0.1397781202936601,25.038091583932257,25.385150855689332,5,0,0.0
cc-bbr_abr-bola_signals-cwnd_netem-high-rtt-loss,guardrail_count,5,0.0,0.0,0.0,0.0,0.0,5,0,0.0
cc-bbr_abr-bola_signals-cwnd_netem-high-rtt-loss,rtt_mean_ms,5,147.53820138877455,147.25822380553225,0.8571050719498094,146.4741354911031,148.602267286446,5,0,0.0
cc-bbr_abr-bola_signals-cwnd_netem-high-rtt-loss,cwnd_mean_packets,5,77.52532088344417,77.70111016225448,0.5603742334761969,76.82963591868327,78.22100584820507,5,0,0.0
cc-bbr_abr-bola_signals-cwnd_netem-high-rtt-loss,loss_mean_pct,5,1.5708149261967166,1.7194426398511253,0.40677156528421277,1.0658222888567899,2.0758075635366433,5,0,0.0
cc-bbr_abr-bola_signals-cwnd_netem-high-rtt-loss,missing_tcp_pct,5,1.0001669449081803,0.333889816360601,1.0927685381967582,-0.35646688400880566,2.3568007738251664,5,0,0.0
cc-bbr_abr-bola_signals-cwnd_netem-high-rtt-loss,tcp_age_mean_ms,5,249.62358703468115,249.92512562928388,32.810753650509,208.89018668624675,290.35698738311555,5,0,0.0
cc-bbr_abr-bola_signals-cwnd_netem-stable-8mbit,startup_sec,5,0.4938800000011921,0.5185,0.049578039488758045,0.4323306021270368,0.5554293978753474,5,0,0.0
cc-bbr_abr-bola_signals-cwnd_netem-stable-8mbit,stall_sec,5,0.0,0.0,0.0,0.0,0.0,5,0,0.0
cc-bbr_abr-bola_signals-cwnd_netem-stable-8mbit,stall_count,5,0.0,0.0,0.0,0.0,0.0,5,0,0.0
cc-bbr_abr-bola_signals-cwnd_netem-stable-8mbit,switch_count,5,1.0,1.0,0.0,1.0,1.0,5,0,0.0
cc-bbr_abr-bola_signals-cwnd_netem-stable-8mbit,avg_bitrate_mbps,5,1.4036830771812079,1.4036830771812079,0.0,1.4036830771812079,1.4036830771812079,5,0,0.0
cc-bbr_abr-bola_signals-cwnd_netem-stable-8mbit,time_weighted_bitrate_mbps,5,1.405744,1.4057439999999997,6.843874359417885e-16,1.4057439999999992,1.405744000000001,5,0,0.0
cc-bbr_abr-bola_signals-cwnd_netem-stable-8mbit,buffer_mean_sec,5,26.77343153025388,26.784720735785953,0.03546912399761599,26.729397856319032,26.81746520418873,5,0,0.0
cc-bbr_abr-bola_signals-cwnd_netem-stable-8mbit,guardrail_count,5,0.0,0.0,0.0,0.0,0.0,5,0,0.0
cc-bbr_abr-bola_signals-cwnd_netem-stable-8mbit,rtt_mean_ms,5,30.842659342662408,30.712797308662743,0.37530285788548445,30.376734002299983,31.308584683024833,5,0,0.0
cc-bbr_abr-bola_signals-cwnd_netem-stable-8mbit,cwnd_mean_packets,5,35.96361473928538,35.880269814502526,0.1615969226987364,35.76299782516398,36.16423165340679,5,0,0.0
cc-bbr_abr-bola_signals-cwnd_netem-stable-8mbit,loss_mean_pct,5,0.0,0.0,0.0,0.0,0.0,5,0,0.0
cc-bbr_abr-bola_signals-cwnd_netem-stable-8mbit,missing_tcp_pct,5,1.3376251388881133,0.5008347245409015,1.300832733403367,-0.2773130938777042,2.952563371653931,5,0,0.0
cc-bbr_abr-bola_signals-cwnd_netem-stable-8mbit,tcp_age_mean_ms,5,259.45035985511413,252.08372482857447,24.87041193123327,228.57461537157684,290.3261043386514,5,0,0.0
cc-bbr_abr-bola_signals-loss_netem-constrained-2mbit,startup_sec,5,1.0242600000005215,0.8669000000059605,0.2839708312471342,0.6717201687099414,1.3767998312911016,5,0,0.0
cc-bbr_abr-bola_signals-loss_netem-constrained-2mbit,stall_sec,5,0.0,0.0,0.0,0.0,0.0,5,0,0.0
cc-bbr_abr-bola_signals-loss_netem-constrained-2mbit,stall_count,5,0.0,0.0,0.0,0.0,0.0,5,0,0.0
cc-bbr_abr-bola_signals-loss_netem-constrained-2mbit,switch_count,5,21.4,21.0,2.6076809620810595,18.16265550798189,24.63734449201811,5,0,0.0
cc-bbr_abr-bola_signals-loss_netem-constrained-2mbit,avg_bitrate_mbps,5,1.26029601182647,1.2676621711409397,0.01411252121391613,1.242775811508752,1.2778162121441883,5,0,0.0
cc-bbr_abr-bola_signals-loss_netem-constrained-2mbit,time_weighted_bitrate_mbps,5,1.260840854033003,1.2674656391431658,0.01368729630737633,1.2438485555288399,1.277833152537166,5,0,0.0
cc-bbr_abr-bola_signals-loss_netem-constrained-2mbit,buffer_mean_sec,5,18.51969304023614,18.512314999999997,0.08572782807868293,18.41326494719913,18.626121133273152,5,0,0.0
cc-bbr_abr-bola_signals-loss_netem-constrained-2mbit,guardrail_count,5,0.0,0.0,0.0,0.0,0.0,5,0,0.0
cc-bbr_abr-bola_signals-loss_netem-constrained-2mbit,rtt_mean_ms,5,98.59253854785946,98.85245811965812,1.060848566309117,97.27553224496214,99.90954485075679,5,0,0.0
cc-bbr_abr-bola_signals-loss_netem-constrained-2mbit,cwnd_mean_packets,5,28.755905030617843,28.746431570109152,0.10254532668935948,28.62859860265855,28.883211458577136,5,0,0.0
cc-bbr_abr-bola_signals-loss_netem-constrained-2mbit,loss_mean_pct,5,0.5898778903519428,0.6446529210282156,0.09198558890556015,0.47568100663852764,0.704074774065358,5,0,0.0
cc-bbr_abr-bola_signals-loss_netem-constrained-2mbit,missing_tcp_pct,5,0.5335004643562385,0.1669449081803005,1.0095995756352483,-0.7198820133523188,1.7868829420647958,5,0,0.0
cc-bbr_abr-bola_signals-loss_netem-constrained-2mbit,tcp_age_mean_ms,5,273.5444673386978,290.9266211622404,42.48767077536458,220.7975136417487,326.2914210356469,5,0,0.0
cc-bbr_abr-bola_signals-loss_netem-high-rtt-loss,startup_sec,5,1.304619999998063,1.2996999999880792,0.10317023311529366,1.1765377726194983,1.4327022273766277,5,0,0.0
cc-bbr_abr-bola_signals-loss_netem-high-rtt-loss,stall_sec,5,0.0,0.0,0.0,0.0,0.0,5,0,0.0
cc-bbr_abr-bola_signals-loss_netem-high-rtt-loss,stall_count,5,0.0,0.0,0.0,0.0,0.0,5,0,0.0
cc-bbr_abr-bola_signals-loss_netem-high-rtt-loss,switch_count,5,11.4,11.0,6.06630035524124,3.8689007867377043,18.931099213262296,5,0,0.0
cc-bbr_abr-bola_signals-loss_netem-high-rtt-loss,avg_bitrate_mbps,5,1.3381457315436243,1.339794469798658,0.051262736491395275,1.2745048414043052,1.4017866216829433,5,0,0.0
cc-bbr_abr-bola_signals-loss_netem-high-rtt-loss,time_weighted_bitrate_mbps,5,1.3380381798535228,1.339608114262289,0.05129583908158782,1.27435619400902,1.4017201656980256,5,0,0.0
cc-bbr_abr-bola_signals-loss_netem-high-rtt-loss,buffer_mean_sec,5,24.47153190984975,24.41550751252087,0.642258942642442,23.67418994944614,25.268873870253362,5,0,0.0
cc-bbr_abr-bola_signals-loss_netem-high-rtt-loss,guardrail_count,5,1.6,2.0,1.140175425099138,0.18451218302664296,3.015487816973357,5,0,0.0
cc-bbr_abr-bola_signals-loss_netem-high-rtt-loss,rtt_mean_ms,5,147.49190995134038,147.64398408710215,1.6082856026602008,145.49527976034918,149.48854014233157,5,0,0.0
cc-bbr_abr-bola_signals-loss_netem-high-rtt-loss,cwnd_mean_packets,5,77.54161585125307,77.66245791245791,0.8552454651656188,76.47985859020845,78.60337311229769,5,0,0.0
cc-bbr_abr-bola_signals-loss_netem-high-rtt-loss,loss_mean_pct,5,1.2568971536957605,1.2906342974568896,0.27658564847664086,0.9135257678984219,1.600268539493099,5,0,0.0
cc-bbr_abr-bola_signals-loss_netem-high-rtt-loss,missing_tcp_pct,5,0.3337228714524207,0.3333333333333333,0.20452185943717152,0.0798161532709778,0.5876295896338636,5,0,0.0
cc-bbr_abr-bola_signals-loss_netem-high-rtt-loss,tcp_age_mean_ms,5,275.15718481478086,270.66744574303044,44.97626269181058,219.32073150083954,330.9936381287222,5,0,0.0
cc-bbr_abr-bola_signals-loss_netem-stable-8mbit,startup_sec,5,0.5208399999968708,0.5397000000029802,0.0730151901952458,0.4301942012011491,0.6114857987925926,5,0,0.0
cc-bbr_abr-bola_signals-loss_netem-stable-8mbit,stall_sec,5,0.0,0.0,0.0,0.0,0.0,5,0,0.0
cc-bbr_abr-bola_signals-loss_netem-stable-8mbit,stall_count,5,0.0,0.0,0.0,0.0,0.0,5,0,0.0
cc-bbr_abr-bola_signals-loss_netem-stable-8mbit,switch_count,5,1.0,1.0,0.0,1.0,1.0,5,0,0.0
cc-bbr_abr-bola_signals-loss_netem-stable-8mbit,avg_bitrate_mbps,5,1.4036830771812079,1.4036830771812079,0.0,1.4036830771812079,1.4036830771812079,5,0,0.0
cc-bbr_abr-bola_signals-loss_netem-stable-8mbit,time_weighted_bitrate_mbps,5,1.4057440000000003,1.405744,9.101120538054985e-16,1.4057439999999992,1.4057440000000014,5,0,0.0
cc-bbr_abr-bola_signals-loss_netem-stable-8mbit,buffer_mean_sec,5,26.738670513978146,26.736654424040065,0.03605656343115702,26.693907554581532,26.78343347337476,5,0,0.0
cc-bbr_abr-bola_signals-loss_netem-stable-8mbit,guardrail_count,5,0.0,0.0,0.0,0.0,0.0,5,0,0.0
cc-bbr_abr-bola_signals-loss_netem-stable-8mbit,rtt_mean_ms,5,30.579051443247423,30.501960616438357,0.1961630325203205,30.33552191563204,30.822580970862806,5,0,0.0
cc-bbr_abr-bola_signals-loss_netem-stable-8mbit,cwnd_mean_packets,5,35.823749425930906,35.8458904109589,0.17393735668970897,35.607812295651655,36.03968655621016,5,0,0.0
cc-bbr_abr-bola_signals-loss_netem-stable-8mbit,loss_mean_pct,5,0.0,0.0,0.0,0.0,0.0,5,0,0.0
cc-bbr_abr-bola_signals-loss_netem-stable-8mbit,missing_tcp_pct,5,1.537066050254698,1.839464882943144,0.7420466459602706,0.6158411546283284,2.4582909458810676,5,0,0.0
cc-bbr_abr-bola_signals-loss_netem-stable-8mbit,tcp_age_mean_ms,5,265.40922017804644,264.6721843042675,43.84440344319522,210.9779304395298,319.84050991656306,5,0,0.0
cc-bbr_abr-bola_signals-none_netem-constrained-2mbit,startup_sec,5,0.8896799999967218,0.8515999999940396,0.10833769888620227,0.7551825450291991,1.0241774549642444,5,0,0.0
cc-bbr_abr-bola_signals-none_netem-constrained-2mbit,stall_sec,5,0.0,0.0,0.0,0.0,0.0,5,0,0.0
cc-bbr_abr-bola_signals-none_netem-constrained-2mbit,stall_count,5,0.0,0.0,0.0,0.0,0.0,5,0,0.0
cc-bbr_abr-bola_signals-none_netem-constrained-2mbit,switch_count,5,22.6,19.0,9.09945053286186,11.303351180106556,33.89664881989344,5,0,0.0
cc-bbr_abr-bola_signals-none_netem-constrained-2mbit,avg_bitrate_mbps,5,1.2682027750160196,1.2635403255033555,0.0195341175507028,1.243951852921342,1.2924536971106972,5,0,0.0
cc-bbr_abr-bola_signals-none_netem-constrained-2mbit,time_weighted_bitrate_mbps,5,1.2696451852809052,1.263735255302952,0.019911750857180277,1.244925444675641,1.2943649258861694,5,0,0.0
cc-bbr_abr-bola_signals-none_netem-constrained-2mbit,buffer_mean_sec,5,18.73412564112056,18.665425,0.23707389363107179,18.439806713725645,19.028444568515475,5,0,0.0
cc-bbr_abr-bola_signals-none_netem-constrained-2mbit,guardrail_count,5,0.0,0.0,0.0,0.0,0.0,5,0,0.0
cc-bbr_abr-bola_signals-none_netem-constrained-2mbit,rtt_mean_ms,5,98.14421937376395,97.93098569023569,0.8032225453162838,97.14704674384635,99.14139200368155,5,0,0.0
cc-bbr_abr-bola_signals-none_netem-constrained-2mbit,cwnd_mean_packets,5,28.796111123976555,28.837954939341422,0.17040558236403258,28.584558567702537,29.007663680250573,5,0,0.0
cc-bbr_abr-bola_signals-none_netem-constrained-2mbit,loss_mean_pct,5,0.5041503764033469,0.4942847050652525,0.06936881797063515,0.41803142088670886,0.590269331919985,5,0,0.0
cc-bbr_abr-bola_signals-none_netem-constrained-2mbit,missing_tcp_pct,5,0.8001671310229052,0.1669449081803005,1.510982717085085,-1.075664938858159,2.675999200903969,5,0,0.0
cc-bbr_abr-bola_signals-none_netem-constrained-2mbit,tcp_age_mean_ms,5,269.25343572839716,253.51926297917836,32.586634139426124,228.79827189559037,309.708599561204,5,0,0.0
cc-bbr_abr-bola_signals-none_netem-high-rtt-loss,startup_sec,5,1.4489399999953807,1.3846999999880791,0.22917435066099787,1.1644280782485876,1.7334519217421738,5,0,0.0
cc-bbr_abr-bola_signals-none_netem-high-rtt-loss,stall_sec,5,0.0,0.0,0.0,0.0,0.0,5,0,0.0
cc-bbr_abr-bola_signals-none_netem-high-rtt-loss,stall_count,5,0.0,0.0,0.0,0.0,0.0,5,0,0.0
cc-bbr_abr-bola_signals-none_netem-high-rtt-loss,switch_count,5,3.4,3.0,3.286335345030997,-0.6798701155796611,7.479870115579661,5,0,0.0
cc-bbr_abr-bola_signals-none_netem-high-rtt-loss,avg_bitrate_mbps,5,1.3933826056456782,1.3975003087248323,0.008371513189187338,1.3829896655172798,1.4037755457740766,5,0,0.0
cc-bbr_abr-bola_signals-none_netem-high-rtt-loss,time_weighted_bitrate_mbps,5,1.3933088209597557,1.3974996904479928,0.008460205896335414,1.3828057719449012,1.4038118699746103,5,0,0.0
cc-bbr_abr-bola_signals-none_netem-high-rtt-loss,buffer_mean_sec,5,25.228424245663646,25.324465776293824,0.2245464584486214,24.949657689849744,25.50719080147755,5,0,0.0
cc-bbr_abr-bola_signals-none_netem-high-rtt-loss,guardrail_count,5,0.0,0.0,0.0,0.0,0.0,5,0,0.0
cc-bbr_abr-bola_signals-none_netem-high-rtt-loss,rtt_mean_ms,5,148.51342692214638,147.56578055077452,2.7556217091570017,145.09241917927218,151.93443466502058,5,0,0.0
cc-bbr_abr-bola_signals-none_netem-high-rtt-loss,cwnd_mean_packets,5,78.53634246500457,78.41772151898734,0.8209580122620458,77.51715187465962,79.55553305534951,5,0,0.0
cc-bbr_abr-bola_signals-none_netem-high-rtt-loss,loss_mean_pct,5,1.6980463797503955,1.6019408422499877,0.2983461883507481,1.3276600465997728,2.0684327129010183,5,0,0.0
cc-bbr_abr-bola_signals-none_netem-high-rtt-loss,missing_tcp_pct,5,1.331725458496644,0.5008347245409015,1.222168866318164,-0.18555434115092373,2.849005258144212,5,0,0.0
cc-bbr_abr-bola_signals-none_netem-high-rtt-loss,tcp_age_mean_ms,5,256.4538913897687,265.62243150690034,30.168222725361826,219.0011005406979,293.90668223883955,5,0,0.0
cc-bbr_abr-bola_signals-none_netem-stable-8mbit,startup_sec,5,0.5356199999988079,0.5247000000029802,0.07886911309572114,0.4377067611541975,0.6335332388434184,5,0,0.0
cc-bbr_abr-bola_signals-none_netem-stable-8mbit,stall_sec,5,0.0,0.0,0.0,0.0,0.0,5,0,0.0
cc-bbr_abr-bola_signals-none_netem-stable-8mbit,stall_count,5,0.0,0.0,0.0,0.0,0.0,5,0,0.0
cc-bbr_abr-bola_signals-none_netem-stable-8mbit,switch_count,5,1.0,1.0,0.0,1.0,1.0,5,0,0.0
cc-bbr_abr-bola_signals-none_netem-stable-8mbit,avg_bitrate_mbps,5,1.4036830771812079,1.4036830771812079,0.0,1.4036830771812079,1.4036830771812079,5,0,0.0
cc-bbr_abr-bola_signals-none_netem-stable-8mbit,time_weighted_bitrate_mbps,5,1.4057439999999999,1.4057439999999997,2.432376777795247e-16,1.4057439999999997,1.405744,5,0,0.0
cc-bbr_abr-bola_signals-none_netem-stable-8mbit,buffer_mean_sec,5,26.76000957392756,26.750373956594323,0.023203198788543048,26.73120361611003,26.788815531745094,5,0,0.0
cc-bbr_abr-bola_signals-none_netem-stable-8mbit,guardrail_count,5,0.0,0.0,0.0,0.0,0.0,5,0,0.0
cc-bbr_abr-bola_signals-none_netem-stable-8mbit,rtt_mean_ms,5,30.6239722504894,30.64584398976982,0.14747172906493916,30.440891269050717,30.80705323192808,5,0,0.0
cc-bbr_abr-bola_signals-none_netem-stable-8mbit,cwnd_mean_packets,5,35.7553932119519,35.72510638297872,0.13349843546804147,35.58965958462557,35.92112683927822,5,0,0.0
cc-bbr_abr-bola_signals-none_netem-stable-8mbit,loss_mean_pct,5,0.0,0.0,0.0,0.0,0.0,5,0,0.0
cc-bbr_abr-bola_signals-none_netem-stable-8mbit,missing_tcp_pct,5,0.903010033444816,0.8361204013377926,0.7984840392182824,-0.08827990727889357,1.8942999741685256,5,0,0.0
cc-bbr_abr-bola_signals-none_netem-stable-8mbit,tcp_age_mean_ms,5,252.18863400027067,246.15238907541635,31.173863012596083,213.48737599123285,290.8898920093085,5,0,0.0
cc-bbr_abr-bola_signals-rtt-cwnd-loss_netem-constrained-2mbit,startup_sec,5,1.132979999999702,0.9977999999970197,0.4027260011457045,0.6330097887047366,1.6329502112946672,5,0,0.0
cc-bbr_abr-bola_signals-rtt-cwnd-loss_netem-constrained-2mbit,stall_sec,5,0.0,0.0,0.0,0.0,0.0,5,0,0.0
cc-bbr_abr-bola_signals-rtt-cwnd-loss_netem-constrained-2mbit,stall_count,5,0.0,0.0,0.0,0.0,0.0,5,0,0.0
cc-bbr_abr-bola_signals-rtt-cwnd-loss_netem-constrained-2mbit,switch_count,5,19.8,21.0,5.403702434442518,13.091492875460295,26.508507124539705,5,0,0.0
cc-bbr_abr-bola_signals-rtt-cwnd-loss_netem-constrained-2mbit,avg_bitrate_mbps,5,1.2726829519577756,1.2596635812395311,0.03347192245579317,1.2311287337174266,1.3142371701981246,5,0,0.0
cc-bbr_abr-bola_signals-rtt-cwnd-loss_netem-constrained-2mbit,time_weighted_bitrate_mbps,5,1.273547157780977,1.2601503056414056,0.03423003354952544,1.2310517711962945,1.3160425443656594,5,0,0.0
cc-bbr_abr-bola_signals-rtt-cwnd-loss_netem-constrained-2mbit,buffer_mean_sec,5,18.832264679030267,18.68026878130217,0.5668655782239406,18.128520937344398,19.536008420716136,5,0,0.0
cc-bbr_abr-bola_signals-rtt-cwnd-loss_netem-constrained-2mbit,guardrail_count,5,0.0,0.0,0.0,0.0,0.0,5,0,0.0
cc-bbr_abr-bola_signals-rtt-cwnd-loss_netem-constrained-2mbit,rtt_mean_ms,5,99.02283632819103,98.84452364864865,0.7176533299637708,98.13189487917168,99.91377777721038,5,0,0.0
cc-bbr_abr-bola_signals-rtt-cwnd-loss_netem-constrained-2mbit,cwnd_mean_packets,5,28.869087738102795,28.932716568544997,0.15304492883683826,28.67908782453751,29.05908765166808,5,0,0.0
cc-bbr_abr-bola_signals-rtt-cwnd-loss_netem-constrained-2mbit,loss_mean_pct,5,0.5135286498624619,0.4458638500111481,0.13432414961895442,0.3467699273664002,0.6802873723585237,5,0,0.0
cc-bbr_abr-bola_signals-rtt-cwnd-loss_netem-constrained-2mbit,missing_tcp_pct,5,0.3669449081803005,0.5,0.274115583307182,0.02664002169309676,0.7072497946675043,5,0,0.0
cc-bbr_abr-bola_signals-rtt-cwnd-loss_netem-constrained-2mbit,tcp_age_mean_ms,5,275.333600284047,272.88444816034576,12.817565668570317,259.42104187616894,291.2461586919251,5,0,0.0
cc-bbr_abr-bola_signals-rtt-cwnd-loss_netem-high-rtt-loss,startup_sec,5,1.5343400000035763,1.53,0.2376304757375417,1.2393300954366309,1.8293499045705217,5,0,0.0
cc-bbr_abr-bola_signals-rtt-cwnd-loss_netem-high-rtt-loss,stall_sec,5,0.0,0.0,0.0,0.0,0.0,5,0,0.0
cc-bbr_abr-bola_signals-rtt-cwnd-loss_netem-high-rtt-loss,stall_count,5,0.0,0.0,0.0,0.0,0.0,5,0,0.0
cc-bbr_abr-bola_signals-rtt-cwnd-loss_netem-high-rtt-loss,switch_count,5,5.8,5.0,4.604345773288535,0.08386614572401907,11.516133854275981,5,0,0.0
cc-bbr_abr-bola_signals-rtt-cwnd-loss_netem-high-rtt-loss,avg_bitrate_mbps,5,1.379784657600081,1.3933991758793969,0.025647218747577256,1.347944534688039,1.411624780512123,5,0,0.0
cc-bbr_abr-bola_signals-rtt-cwnd-loss_netem-high-rtt-loss,time_weighted_bitrate_mbps,5,1.3796721170144168,1.393174703722073,0.02564888832229646,1.3478299213838945,1.4115143126449392,5,0,0.0
cc-bbr_abr-bola_signals-rtt-cwnd-loss_netem-high-rtt-loss,buffer_mean_sec,5,25.064690484140232,25.27347913188648,0.4236677178163885,24.538721865792,25.590659102488466,5,0,0.0
cc-bbr_abr-bola_signals-rtt-cwnd-loss_netem-high-rtt-loss,guardrail_count,5,0.4,0.0,0.5477225575051661,-0.2799783525966101,1.0799783525966102,5,0,0.0
cc-bbr_abr-bola_signals-rtt-cwnd-loss_netem-high-rtt-loss,rtt_mean_ms,5,150.75397394744948,148.976417989418,4.799538979951087,144.79551457035953,156.71243332453943,5,0,0.0
cc-bbr_abr-bola_signals-rtt-cwnd-loss_netem-high-rtt-loss,cwnd_mean_packets,5,78.34389899952765,77.86159169550173,1.054466932404147,77.03481527139033,79.65298272766498,5,0,0.0
cc-bbr_abr-bola_signals-rtt-cwnd-loss_netem-high-rtt-loss,loss_mean_pct,5,1.3499729455601839,1.408121238973564,0.1633640274446529,1.1471622328494613,1.5527836582709065,5,0,0.0
cc-bbr_abr-bola_signals-rtt-cwnd-loss_netem-high-rtt-loss,missing_tcp_pct,5,1.8697829716193657,1.001669449081803,2.1031083176325245,-0.7411522720737951,4.4807182153125265,5,0,0.0
cc-bbr_abr-bola_signals-rtt-cwnd-loss_netem-high-rtt-loss,tcp_age_mean_ms,5,277.51322940231034,270.27537942656375,29.193591142394204,241.27040949399031,313.7560493106304,5,0,0.0
cc-bbr_abr-bola_signals-rtt-cwnd-loss_netem-stable-8mbit,startup_sec,5,0.493039999999851,0.48269999999925495,0.03812457212221119,0.4457096803153868,0.5403703196843151,5,0,0.0
cc-bbr_abr-bola_signals-rtt-cwnd-loss_netem-stable-8mbit,stall_sec,5,0.0,0.0,0.0,0.0,0.0,5,0,0.0
cc-bbr_abr-bola_signals-rtt-cwnd-loss_netem-stable-8mbit,stall_count,5,0.0,0.0,0.0,0.0,0.0,5,0,0.0
cc-bbr_abr-bola_signals-rtt-cwnd-loss_netem-stable-8mbit,switch_count,5,1.0,1.0,0.0,1.0,1.0,5,0,0.0
cc-bbr_abr-bola_signals-rtt-cwnd-loss_netem-stable-8mbit,avg_bitrate_mbps,5,1.4036830771812079,1.4036830771812079,0.0,1.4036830771812079,1.4036830771812079,5,0,0.0
cc-bbr_abr-bola_signals-rtt-cwnd-loss_netem-stable-8mbit,time_weighted_bitrate_mbps,5,1.405744,1.405744,4.604414927850735e-16,1.4057439999999994,1.4057440000000008,5,0,0.0
cc-bbr_abr-bola_signals-rtt-cwnd-loss_netem-stable-8mbit,buffer_mean_sec,5,26.751737137704424,26.74463772954925,0.03128665998236391,26.712895846211957,26.79057842919689,5,0,0.0
cc-bbr_abr-bola_signals-rtt-cwnd-loss_netem-stable-8mbit,guardrail_count,5,0.0,0.0,0.0,0.0,0.0,5,0,0.0
cc-bbr_abr-bola_signals-rtt-cwnd-loss_netem-stable-8mbit,rtt_mean_ms,5,30.74220245124764,30.80139814814815,0.16018986996814036,30.543332343761563,30.941072558733715,5,0,0.0
cc-bbr_abr-bola_signals-rtt-cwnd-loss_netem-stable-8mbit,cwnd_mean_packets,5,35.90439658683604,35.91596638655462,0.11473414417525914,35.761958169294445,36.04683500437764,5,0,0.0
cc-bbr_abr-bola_signals-rtt-cwnd-loss_netem-stable-8mbit,loss_mean_pct,5,0.0,0.0,0.0,0.0,0.0,5,0,0.0
cc-bbr_abr-bola_signals-rtt-cwnd-loss_netem-stable-8mbit,missing_tcp_pct,5,0.768002412046834,0.16722408026755853,1.0465327501699058,-0.5312313070103191,2.067236131103987,5,0,0.0
cc-bbr_abr-bola_signals-rtt-cwnd-loss_netem-stable-8mbit,tcp_age_mean_ms,5,258.76508879617194,262.4277397305386,47.42041356199181,199.89430786612232,317.6358697262216,5,0,0.0
cc-bbr_abr-bola_signals-rtt-cwnd_netem-constrained-2mbit,startup_sec,5,0.8354999999951571,0.8415999999940396,0.11118776911500322,0.6974642827588827,0.9735357172314315,5,0,0.0
cc-bbr_abr-bola_signals-rtt-cwnd_netem-constrained-2mbit,stall_sec,5,0.0,0.0,0.0,0.0,0.0,5,0,0.0
cc-bbr_abr-bola_signals-rtt-cwnd_netem-constrained-2mbit,stall_count,5,0.0,0.0,0.0,0.0,0.0,5,0,0.0
cc-bbr_abr-bola_signals-rtt-cwnd_netem-constrained-2mbit,switch_count,5,22.2,21.0,3.03315017762062,18.434450393368852,25.965549606631146,5,0,0.0
cc-bbr_abr-bola_signals-rtt-cwnd_netem-constrained-2mbit,avg_bitrate_mbps,5,1.245215718289434,1.2308589916247907,0.022617024172289186,1.2171374757073474,1.2732939608715204,5,0,0.0
cc-bbr_abr-bola_signals-rtt-cwnd_netem-constrained-2mbit,time_weighted_bitrate_mbps,5,1.2472859145372335,1.2333034149506479,0.022422499601750735,1.2194491673896544,1.2751226616848126,5,0,0.0
cc-bbr_abr-bola_signals-rtt-cwnd_netem-constrained-2mbit,buffer_mean_sec,5,18.62524642855149,18.705165551839464,0.3329054865669614,18.211955938276144,19.038536918826832,5,0,0.0
cc-bbr_abr-bola_signals-rtt-cwnd_netem-constrained-2mbit,guardrail_count,5,0.0,0.0,0.0,0.0,0.0,5,0,0.0
cc-bbr_abr-bola_signals-rtt-cwnd_netem-constrained-2mbit,rtt_mean_ms,5,99.58009787870225,100.02006208053692,1.0762842582058494,98.24392870547338,100.91626705193111,5,0,0.0
cc-bbr_abr-bola_signals-rtt-cwnd_netem-constrained-2mbit,cwnd_mean_packets,5,28.94426417431922,28.934453781512605,0.15332394050544418,28.7539178775492,29.13461047108924,5,0,0.0
cc-bbr_abr-bola_signals-rtt-cwnd_netem-constrained-2mbit,loss_mean_pct,5,0.5913190090004946,0.6275010761295475,0.06841509183143564,0.506384071049091,0.6762539469518982,5,0,0.0
cc-bbr_abr-bola_signals-rtt-cwnd_netem-constrained-2mbit,missing_tcp_pct,5,0.10022277932563191,0.1669449081803005,0.09149053267581465,-0.013359509434677189,0.21380506808594102,5,0,0.0
cc-bbr_abr-bola_signals-rtt-cwnd_netem-constrained-2mbit,tcp_age_mean_ms,5,265.74152216786587,275.35726210320735,21.564113082617933,238.97043178970986,292.51261254602184,5,0,0.0
cc-bbr_abr-bola_signals-rtt-cwnd_netem-high-rtt-loss,startup_sec,5,1.500539999999851,1.3282999999970198,0.2592175784974989,1.1787304641763254,1.8223495358233766,5,0,0.0
cc-bbr_abr-bola_signals-rtt-cwnd_netem-high-rtt-loss,stall_sec,5,0.0,0.0,0.0,0.0,0.0,5,0,0.0
cc-bbr_abr-bola_signals-rtt-cwnd_netem-high-rtt-loss,stall_count,5,0.0,0.0,0.0,0.0,0.0,5,0,0.0
cc-bbr_abr-bola_signals-rtt-cwnd_netem-high-rtt-loss,switch_count,5,3.8,3.0,1.7888543819998317,1.5792000000000002,6.0207999999999995,5,0,0.0
cc-bbr_abr-bola_signals-rtt-cwnd_netem-high-rtt-loss,avg_bitrate_mbps,5,1.3937982423414612,1.3954566465661642,0.005132637510113037,1.3874262528172405,1.400170231865682,5,0,0.0
cc-bbr_abr-bola_signals-rtt-cwnd_netem-high-rtt-loss,time_weighted_bitrate_mbps,5,1.3937364055409847,1.3952307221966187,0.00511564128050297,1.387385516239956,1.4000872948420133,5,0,0.0
cc-bbr_abr-bola_signals-rtt-cwnd_netem-high-rtt-loss,buffer_mean_sec,5,25.117001950419304,25.24035392320534,0.2467395426715023,24.81068345860764,25.423320442230967,5,0,0.0
cc-bbr_abr-bola_signals-rtt-cwnd_netem-high-rtt-loss,guardrail_count,5,0.0,0.0,0.0,0.0,0.0,5,0,0.0
cc-bbr_abr-bola_signals-rtt-cwnd_netem-high-rtt-loss,rtt_mean_ms,5,147.92068830733803,147.55310042918455,1.2159836975579383,146.4110871778611,149.43028943681495,5,0,0.0
cc-bbr_abr-bola_signals-rtt-cwnd_netem-high-rtt-loss,cwnd_mean_packets,5,77.80309585672536,77.81673640167364,0.624172904880656,77.02820707812657,78.57798463532416,5,0,0.0
cc-bbr_abr-bola_signals-rtt-cwnd_netem-high-rtt-loss,loss_mean_pct,5,1.7743604628634857,1.797326546406022,0.32403072671155214,1.372087675809384,2.1766332499175873,5,0,0.0
cc-bbr_abr-bola_signals-rtt-cwnd_netem-high-rtt-loss,missing_tcp_pct,5,1.134503058804793,0.9983361064891847,0.9401369803149968,-0.03264404209530758,2.3016501597048937,5,0,0.0
cc-bbr_abr-bola_signals-rtt-cwnd_netem-high-rtt-loss,tcp_age_mean_ms,5,267.2454248759128,295.4864774624598,40.61592122520163,216.82218262402546,317.6686671278002,5,0,0.0
cc-bbr_abr-bola_signals-rtt-cwnd_netem-stable-8mbit,startup_sec,5,0.5307400000087916,0.522,0.04106401101155603,0.47976046999667676,0.5817195300209065,5,0,0.0
cc-bbr_abr-bola_signals-rtt-cwnd_netem-stable-8mbit,stall_sec,5,0.0,0.0,0.0,0.0,0.0,5,0,0.0
cc-bbr_abr-bola_signals-rtt-cwnd_netem-stable-8mbit,stall_count,5,0.0,0.0,0.0,0.0,0.0,5,0,0.0
cc-bbr_abr-bola_signals-rtt-cwnd_netem-stable-8mbit,switch_count,5,1.0,1.0,0.0,1.0,1.0,5,0,0.0
cc-bbr_abr-bola_signals-rtt-cwnd_netem-stable-8mbit,avg_bitrate_mbps,5,1.4036830771812079,1.4036830771812079,0.0,1.4036830771812079,1.4036830771812079,5,0,0.0
cc-bbr_abr-bola_signals-rtt-cwnd_netem-stable-8mbit,time_weighted_bitrate_mbps,5,1.4057439999999999,1.4057439999999997,7.021666937153402e-16,1.405743999999999,1.4057440000000008,5,0,0.0
cc-bbr_abr-bola_signals-rtt-cwnd_netem-stable-8mbit,buffer_mean_sec,5,26.770154518400233,26.770190635451506,0.037206885485521354,26.723963474502142,26.816345562298324,5,0,0.0
cc-bbr_abr-bola_signals-rtt-cwnd_netem-stable-8mbit,guardrail_count,5,0.0,0.0,0.0,0.0,0.0,5,0,0.0
cc-bbr_abr-bola_signals-rtt-cwnd_netem-stable-8mbit,rtt_mean_ms,5,30.652432249108195,30.678636440677963,0.1310389488639593,30.48975198817396,30.81511251004243,5,0,0.0
cc-bbr_abr-bola_signals-rtt-cwnd_netem-stable-8mbit,cwnd_mean_packets,5,36.09592069524792,36.0539629005059,0.38405910083484535,35.619124786248044,36.572716604247795,5,0,0.0
cc-bbr_abr-bola_signals-rtt-cwnd_netem-stable-8mbit,loss_mean_pct,5,0.0,0.0,0.0,0.0,0.0,5,0,0.0
cc-bbr_abr-bola_signals-rtt-cwnd_netem-stable-8mbit,missing_tcp_pct,5,0.30089167564670216,0.16722408026755853,0.21811920812666002,0.03010432577524008,0.5716790255181643,5,0,0.0
cc-bbr_abr-bola_signals-rtt-cwnd_netem-stable-8mbit,tcp_age_mean_ms,5,246.71551422307485,240.894949493058,24.001984154539006,216.91789237818773,276.51313606796197,5,0,0.0
cc-bbr_abr-bola_signals-rtt-loss_netem-constrained-2mbit,startup_sec,5,0.8257199999943375,0.8526000000014902,0.08835285508102352,0.7160330279644613,0.9354069720242137,5,0,0.0
cc-bbr_abr-bola_signals-rtt-loss_netem-constrained-2mbit,stall_sec,5,0.0,0.0,0.0,0.0,0.0,5,0,0.0
cc-bbr_abr-bola_signals-rtt-loss_netem-constrained-2mbit,stall_count,5,0.0,0.0,0.0,0.0,0.0,5,0,0.0
cc-bbr_abr-bola_signals-rtt-loss_netem-constrained-2mbit,switch_count,5,19.4,21.0,8.532291603080617,8.807459107466235,29.99254089253376,5,0,0.0
cc-bbr_abr-bola_signals-rtt-loss_netem-constrained-2mbit,avg_bitrate_mbps,5,1.2673915239901972,1.2658359932998327,0.04623490384022721,1.209992511817061,1.3247905361633334,5,0,0.0
cc-bbr_abr-bola_signals-rtt-loss_netem-constrained-2mbit,time_weighted_bitrate_mbps,5,1.2689069335287477,1.2676695415297565,0.045990523150466554,1.211811311414233,1.3260025556432624,5,0,0.0
cc-bbr_abr-bola_signals-rtt-loss_netem-constrained-2mbit,buffer_mean_sec,5,18.988058782346275,18.744384999999998,0.5916400435933866,18.253558410469545,19.722559154223006,5,0,0.0
cc-bbr_abr-bola_signals-rtt-loss_netem-constrained-2mbit,guardrail_count,5,0.2,0.0,0.4472135954999579,-0.3551999999999999,0.7551999999999999,5,0,0.0
cc-bbr_abr-bola_signals-rtt-loss_netem-constrained-2mbit,rtt_mean_ms,5,98.72032729194393,98.70811568123393,0.550121711826716,98.03737047336881,99.40328411051905,5,0,0.0
cc-bbr_abr-bola_signals-rtt-loss_netem-constrained-2mbit,cwnd_mean_packets,5,28.766568852466264,28.723350253807105,0.08841718471786637,28.656802017447575,28.876335687484953,5,0,0.0
cc-bbr_abr-bola_signals-rtt-loss_netem-constrained-2mbit,loss_mean_pct,5,0.5234381355809472,0.5247517258863662,0.050339850228429024,0.46094297638173093,0.5859332947801635,5,0,0.0
cc-bbr_abr-bola_signals-rtt-loss_netem-constrained-2mbit,missing_tcp_pct,5,1.136007057470366,0.8347245409015025,1.066154553500522,-0.1875864425030609,2.459600557443793,5,0,0.0
cc-bbr_abr-bola_signals-rtt-loss_netem-constrained-2mbit,tcp_age_mean_ms,5,268.4547783048209,293.15966666650024,39.8099787505528,219.03208537975976,317.87747122988196,5,0,0.0
cc-bbr_abr-bola_signals-rtt-loss_netem-high-rtt-loss,startup_sec,5,1.42420000000149,1.3555,0.20205215910873278,1.1733593281928465,1.6750406718101336,5,0,0.0
cc-bbr_abr-bola_signals-rtt-loss_netem-high-rtt-loss,stall_sec,5,0.0,0.0,0.0,0.0,0.0,5,0,0.0
cc-bbr_abr-bola_signals-rtt-loss_netem-high-rtt-loss,stall_count,5,0.0,0.0,0.0,0.0,0.0,5,0,0.0
cc-bbr_abr-bola_signals-rtt-loss_netem-high-rtt-loss,switch_count,5,2.2,1.0,2.6832815729997477,-1.1311999999999993,5.5312,5,0,0.0
cc-bbr_abr-bola_signals-rtt-loss_netem-high-rtt-loss,avg_bitrate_mbps,5,1.3892593791552843,1.3975003087248323,0.019607317869623785,1.3649175814309882,1.4136011768795804,5,0,0.0
cc-bbr_abr-bola_signals-rtt-loss_netem-high-rtt-loss,time_weighted_bitrate_mbps,5,1.3892906564286014,1.397500707048475,0.019537782650020288,1.3650351842416153,1.4135461286155875,5,0,0.0
cc-bbr_abr-bola_signals-rtt-loss_netem-high-rtt-loss,buffer_mean_sec,5,25.166424173956038,25.298237936772047,0.26763810731950827,24.8341608468144,25.498687501097677,5,0,0.0
cc-bbr_abr-bola_signals-rtt-loss_netem-high-rtt-loss,guardrail_count,5,0.2,0.0,0.4472135954999579,-0.3551999999999999,0.7551999999999999,5,0,0.0
cc-bbr_abr-bola_signals-rtt-loss_netem-high-rtt-loss,rtt_mean_ms,5,147.84848706561073,148.01603775167786,0.9686807169937001,146.6459039163358,149.05107021488564,5,0,0.0
cc-bbr_abr-bola_signals-rtt-loss_netem-high-rtt-loss,cwnd_mean_packets,5,77.95475882608169,77.97586206896551,0.6752421892106077,77.11646932141979,78.79304833074359,5,0,0.0
cc-bbr_abr-bola_signals-rtt-loss_netem-high-rtt-loss,loss_mean_pct,5,1.7272864080968822,1.756165304655321,0.0939263514105085,1.6106801357745568,1.8438926804192075,5,0,0.0
cc-bbr_abr-bola_signals-rtt-loss_netem-high-rtt-loss,missing_tcp_pct,5,1.1995588876635768,0.6655574043261231,1.2154325667692316,-0.30935803226119063,2.708475807588344,5,0,0.0
cc-bbr_abr-bola_signals-rtt-loss_netem-high-rtt-loss,tcp_age_mean_ms,5,276.5849327248712,286.9044444488664,25.50105245772228,244.92627013725595,308.24359531248643,5,0,0.0
cc-bbr_abr-bola_signals-rtt-loss_netem-stable-8mbit,startup_sec,5,0.5276799999967217,0.5259000000059605,0.08225686597013467,0.4255609847293894,0.6297990152640539,5,0,0.0
cc-bbr_abr-bola_signals-rtt-loss_netem-stable-8mbit,stall_sec,5,0.0,0.0,0.0,0.0,0.0,5,0,0.0
cc-bbr_abr-bola_signals-rtt-loss_netem-stable-8mbit,stall_count,5,0.0,0.0,0.0,0.0,0.0,5,0,0.0
cc-bbr_abr-bola_signals-rtt-loss_netem-stable-8mbit,switch_count,5,1.0,1.0,0.0,1.0,1.0,5,0,0.0
cc-bbr_abr-bola_signals-rtt-loss_netem-stable-8mbit,avg_bitrate_mbps,5,1.4036830771812079,1.4036830771812079,0.0,1.4036830771812079,1.4036830771812079,5,0,0.0
cc-bbr_abr-bola_signals-rtt-loss_netem-stable-8mbit,time_weighted_bitrate_mbps,5,1.4057440000000003,1.405744,3.9720546451956367e-16,1.4057439999999999,1.4057440000000008,5,0,0.0
cc-bbr_abr-bola_signals-rtt-loss_netem-stable-8mbit,buffer_mean_sec,5,26.752375993813548,26.736229096989966,0.032888558425976454,26.71154600156412,26.793205986062976,5,0,0.0
cc-bbr_abr-bola_signals-rtt-loss_netem-stable-8mbit,guardrail_count,5,0.0,0.0,0.0,0.0,0.0,5,0,0.0
cc-bbr_abr-bola_signals-rtt-loss_netem-stable-8mbit,rtt_mean_ms,5,30.539949765683705,30.578171742808795,0.1812234971790453,30.314967147430956,30.764932383936454,5,0,0.0
cc-bbr_abr-bola_signals-rtt-loss_netem-stable-8mbit,cwnd_mean_packets,5,35.986327517311025,35.842327150084316,0.36217399854714394,35.53670119553389,36.435953839088164,5,0,0.0
cc-bbr_abr-bola_signals-rtt-loss_netem-stable-8mbit,loss_mean_pct,5,0.0,0.0,0.0,0.0,0.0,5,0,0.0
cc-bbr_abr-bola_signals-rtt-loss_netem-stable-8mbit,missing_tcp_pct,5,1.7725194164186688,0.5016722408026756,2.2267066113181384,-0.9918587756659378,4.536897608503276,5,0,0.0
cc-bbr_abr-bola_signals-rtt-loss_netem-stable-8mbit,tcp_age_mean_ms,5,233.8735915392062,240.94876760609029,23.2055100896088,205.0647643224316,262.68241875598073,5,0,0.0
cc-bbr_abr-bola_signals-rtt_netem-constrained-2mbit,startup_sec,5,0.9521400000005961,0.9045999999940395,0.1641992783198814,0.7482923526112476,1.1559876473899444,5,0,0.0
cc-bbr_abr-bola_signals-rtt_netem-constrained-2mbit,stall_sec,5,0.0,0.0,0.0,0.0,0.0,5,0,0.0
cc-bbr_abr-bola_signals-rtt_netem-constrained-2mbit,stall_count,5,0.0,0.0,0.0,0.0,0.0,5,0,0.0
cc-bbr_abr-bola_signals-rtt_netem-constrained-2mbit,switch_count,5,22.6,21.0,4.774934554525329,16.67208615447222,28.527913845527785,5,0,0.0
cc-bbr_abr-bola_signals-rtt_netem-constrained-2mbit,avg_bitrate_mbps,5,1.251638755134734,1.2514336984924623,0.012901869625897613,1.2356215363194376,1.2676559739500306,5,0,0.0
cc-bbr_abr-bola_signals-rtt_netem-constrained-2mbit,time_weighted_bitrate_mbps,5,1.2525930426992853,1.2535532951850181,0.01309217834764635,1.2363395622779505,1.26884652312062,5,0,0.0
cc-bbr_abr-bola_signals-rtt_netem-constrained-2mbit,buffer_mean_sec,5,18.680164759599332,18.688310517529217,0.1406421616110665,18.505562446717565,18.8547670724811,5,0,0.0
cc-bbr_abr-bola_signals-rtt_netem-constrained-2mbit,guardrail_count,5,0.0,0.0,0.0,0.0,0.0,5,0,0.0
cc-bbr_abr-bola_signals-rtt_netem-constrained-2mbit,rtt_mean_ms,5,99.26748311132843,98.45385786375105,1.8755655842253347,96.93903419376416,101.5959320288927,5,0,0.0
cc-bbr_abr-bola_signals-rtt_netem-constrained-2mbit,cwnd_mean_packets,5,28.837877394612814,28.819699499165274,0.2164439260764487,28.569169848673155,29.106584940552473,5,0,0.0
cc-bbr_abr-bola_signals-rtt_netem-constrained-2mbit,loss_mean_pct,5,0.6551690490136003,0.7166026306243516,0.11535453181773235,0.5119604419639718,0.7983776560632287,5,0,0.0
cc-bbr_abr-bola_signals-rtt_netem-constrained-2mbit,missing_tcp_pct,5,0.3671118530884808,0.333889816360601,0.3210383573771121,-0.0314460123460672,0.7656697185230288,5,0,0.0
cc-bbr_abr-bola_signals-rtt_netem-constrained-2mbit,tcp_age_mean_ms,5,277.710435823201,291.67638190911845,34.9474774503737,234.32436778840375,321.09650385799824,5,0,0.0
cc-bbr_abr-bola_signals-rtt_netem-high-rtt-loss,startup_sec,5,1.3538800000011921,1.2837999999970198,0.22951454637975366,1.0689457371964488,1.6388142628059355,5,0,0.0
cc-bbr_abr-bola_signals-rtt_netem-high-rtt-loss,stall_sec,5,0.0,0.0,0.0,0.0,0.0,5,0,0.0
cc-bbr_abr-bola_signals-rtt_netem-high-rtt-loss,stall_count,5,0.0,0.0,0.0,0.0,0.0,5,0,0.0
cc-bbr_abr-bola_signals-rtt_netem-high-rtt-loss,switch_count,5,4.2,3.0,2.6832815729997477,0.8688000000000007,7.5312,5,0,0.0
cc-bbr_abr-bola_signals-rtt_netem-high-rtt-loss,avg_bitrate_mbps,5,1.390905355704698,1.3975003087248323,0.013623931341623046,1.3739917225840121,1.4078189888253838,5,0,0.0
cc-bbr_abr-bola_signals-rtt_netem-high-rtt-loss,time_weighted_bitrate_mbps,5,1.390939800812707,1.397500583952641,0.013620506178989517,1.3740304199113482,1.4078491817140657,5,0,0.0
cc-bbr_abr-bola_signals-rtt_netem-high-rtt-loss,buffer_mean_sec,5,25.236157997774068,25.33635333333333,0.21694053176935701,24.966833933277112,25.505482062271025,5,0,0.0
cc-bbr_abr-bola_signals-rtt_netem-high-rtt-loss,guardrail_count,5,0.0,0.0,0.0,0.0,0.0,5,0,0.0
cc-bbr_abr-bola_signals-rtt_netem-high-rtt-loss,rtt_mean_ms,5,148.043734517419,148.10235516372796,1.0052504300263403,146.79575135150768,149.29171768333035,5,0,0.0
cc-bbr_abr-bola_signals-rtt_netem-high-rtt-loss,cwnd_mean_packets,5,78.0604767600511,78.04793944491169,0.2597560248112897,77.73799876200634,78.38295475809586,5,0,0.0
cc-bbr_abr-bola_signals-rtt_netem-high-rtt-loss,loss_mean_pct,5,1.5453435206076789,1.4801630006577955,0.24862266757919657,1.2366871952433869,1.8539998459719709,5,0,0.0
cc-bbr_abr-bola_signals-rtt_netem-high-rtt-loss,missing_tcp_pct,5,0.23344462993878687,0.3333333333333333,0.22366914424219383,-0.044232771045498914,0.5111220309230726,5,0,0.0
cc-bbr_abr-bola_signals-rtt_netem-high-rtt-loss,tcp_age_mean_ms,5,280.9577465688872,267.76515913189354,29.221258147331856,244.68057904391162,317.2349140938628,5,0,0.0
cc-bbr_abr-bola_signals-rtt_netem-stable-8mbit,startup_sec,5,0.4759599999986589,0.48240000000596045,0.020523717984654362,0.4504805236595252,0.5014394763377926,5,0,0.0
cc-bbr_abr-bola_signals-rtt_netem-stable-8mbit,stall_sec,5,0.0,0.0,0.0,0.0,0.0,5,0,0.0
cc-bbr_abr-bola_signals-rtt_netem-stable-8mbit,stall_count,5,0.0,0.0,0.0,0.0,0.0,5,0,0.0
cc-bbr_abr-bola_signals-rtt_netem-stable-8mbit,switch_count,5,1.0,1.0,0.0,1.0,1.0,5,0,0.0
cc-bbr_abr-bola_signals-rtt_netem-stable-8mbit,avg_bitrate_mbps,5,1.4036830771812079,1.4036830771812079,0.0,1.4036830771812079,1.4036830771812079,5,0,0.0
cc-bbr_abr-bola_signals-rtt_netem-stable-8mbit,time_weighted_bitrate_mbps,5,1.405744,1.405744,1.2161883888976234e-16,1.4057439999999999,1.4057440000000003,5,0,0.0
cc-bbr_abr-bola_signals-rtt_netem-stable-8mbit,buffer_mean_sec,5,26.754945284504274,26.758374581939798,0.020086901609565774,26.730008100380513,26.779882468628035,5,0,0.0
cc-bbr_abr-bola_signals-rtt_netem-stable-8mbit,guardrail_count,5,0.0,0.0,0.0,0.0,0.0,5,0,0.0
cc-bbr_abr-bola_signals-rtt_netem-stable-8mbit,rtt_mean_ms,5,30.8722483654507,30.779769941225858,0.3406206604782174,30.449379757249982,31.29511697365142,5,0,0.0
cc-bbr_abr-bola_signals-rtt_netem-stable-8mbit,cwnd_mean_packets,5,36.01819310884687,35.94932432432432,0.16959368616833068,35.80764849323564,36.22873772445811,5,0,0.0
cc-bbr_abr-bola_signals-rtt_netem-stable-8mbit,loss_mean_pct,5,0.0,0.0,0.0,0.0,0.0,5,0,0.0
cc-bbr_abr-bola_signals-rtt_netem-stable-8mbit,missing_tcp_pct,5,0.40111445497233406,0.333889816360601,0.2536816802805213,0.08617754270272787,0.7160513672419402,5,0,0.0
cc-bbr_abr-bola_signals-rtt_netem-stable-8mbit,tcp_age_mean_ms,5,252.41855746139075,238.49581239543468,27.323002404385907,218.49800789053924,286.3391070322422,5,0,0.0
cc-bbr_abr-throughput_signals-cwnd-loss_netem-constrained-2mbit,startup_sec,5,1.0608000000007451,0.9414000000059605,0.4253399757870274,0.5327553320094748,1.5888446679920154,5,0,0.0
cc-bbr_abr-throughput_signals-cwnd-loss_netem-constrained-2mbit,stall_sec,5,0.0,0.0,0.0,0.0,0.0,5,0,0.0
cc-bbr_abr-throughput_signals-cwnd-loss_netem-constrained-2mbit,stall_count,5,0.0,0.0,0.0,0.0,0.0,5,0,0.0
cc-bbr_abr-throughput_signals-cwnd-loss_netem-constrained-2mbit,switch_count,5,20.4,19.0,9.20869154657707,8.967732291448037,31.83226770855196,5,0,0.0
cc-bbr_abr-throughput_signals-cwnd-loss_netem-constrained-2mbit,avg_bitrate_mbps,5,1.2644841383989298,1.2635403255033555,0.04628508476527835,1.2070228283666302,1.3219454484312294,5,0,0.0
cc-bbr_abr-throughput_signals-cwnd-loss_netem-constrained-2mbit,time_weighted_bitrate_mbps,5,1.2656149258556773,1.2639365378234606,0.04717971767516168,1.2070429604305961,1.3241868912807584,5,0,0.0
cc-bbr_abr-throughput_signals-cwnd-loss_netem-constrained-2mbit,buffer_mean_sec,5,18.53498783439698,18.3511,0.5710545486807782,17.82604363274961,19.24393203604435,5,0,0.0
cc-bbr_abr-throughput_signals-cwnd-loss_netem-constrained-2mbit,guardrail_count,5,0.4,0.0,0.5477225575051661,-0.2799783525966101,1.0799783525966102,5,0,0.0
cc-bbr_abr-throughput_signals-cwnd-loss_netem-constrained-2mbit,rtt_mean_ms,5,98.66409697288134,98.43635497470488,0.9025657999632984,97.54359317518391,99.78460077057876,5,0,0.0
cc-bbr_abr-throughput_signals-cwnd-loss_netem-constrained-2mbit,cwnd_mean_packets,5,28.75510487867091,28.754637436762227,0.09295830603273704,28.639700400746488,28.87050935659533,5,0,0.0
cc-bbr_abr-throughput_signals-cwnd-loss_netem-constrained-2mbit,loss_mean_pct,5,0.5372575989688333,0.5300845689928414,0.08109931986385926,0.43657563661015786,0.6379395613275087,5,0,0.0
cc-bbr_abr-throughput_signals-cwnd-loss_netem-constrained-2mbit,missing_tcp_pct,5,1.5003900964632617,0.5016722408026756,1.8742646030851609,-0.8264436986264472,3.8272238915529706,5,0,0.0
cc-bbr_abr-throughput_signals-cwnd-loss_netem-constrained-2mbit,tcp_age_mean_ms,5,286.4011668689542,282.01316239319294,19.13665446013238,262.64368126660406,310.1586524713043,5,0,0.0
cc-bbr_abr-throughput_signals-cwnd-loss_netem-high-rtt-loss,startup_sec,5,1.306080000000447,1.2729000000059605,0.10054166798135464,1.1812610440810865,1.4308989559198078,5,0,0.0
cc-bbr_abr-throughput_signals-cwnd-loss_netem-high-rtt-loss,stall_sec,5,0.0,0.0,0.0,0.0,0.0,5,0,0.0
cc-bbr_abr-throughput_signals-cwnd-loss_netem-high-rtt-loss,stall_count,5,0.0,0.0,0.0,0.0,0.0,5,0,0.0
cc-bbr_abr-throughput_signals-cwnd-loss_netem-high-rtt-loss,switch_count,5,4.6,3.0,2.6076809620810595,1.3626555079818892,7.83734449201811,5,0,0.0
cc-bbr_abr-throughput_signals-cwnd-loss_netem-high-rtt-loss,avg_bitrate_mbps,5,1.3871956946308723,1.399561231543624,0.019713887545309013,1.3627215943904278,1.4116697948713168,5,0,0.0
cc-bbr_abr-throughput_signals-cwnd-loss_netem-high-rtt-loss,time_weighted_bitrate_mbps,5,1.3872331914433587,1.399322953756047,0.01981111624040786,1.3626383851866792,1.411827997700038,5,0,0.0
cc-bbr_abr-throughput_signals-cwnd-loss_netem-high-rtt-loss,buffer_mean_sec,5,25.20283406065665,25.335778333333334,0.26261229187124885,24.8768101071945,25.528858014118796,5,0,0.0
cc-bbr_abr-throughput_signals-cwnd-loss_netem-high-rtt-loss,guardrail_count,5,0.2,0.0,0.4472135954999579,-0.3551999999999999,0.7551999999999999,5,0,0.0
cc-bbr_abr-throughput_signals-cwnd-loss_netem-high-rtt-loss,rtt_mean_ms,5,148.68441674141735,146.92289609236235,2.6136730719554624,145.4396332550669,151.9292002277678,5,0,0.0
cc-bbr_abr-throughput_signals-cwnd-loss_netem-high-rtt-loss,cwnd_mean_packets,5,78.20157281086394,78.50042698548249,1.0424041980478855,76.9074645445238,79.49568107720407,5,0,0.0
cc-bbr_abr-throughput_signals-cwnd-loss_netem-high-rtt-loss,loss_mean_pct,5,1.6053862749741319,1.7307588237010243,0.31735037677290806,1.211406908163189,1.9993656417850747,5,0,0.0
cc-bbr_abr-throughput_signals-cwnd-loss_netem-high-rtt-loss,missing_tcp_pct,5,2.200667779632721,2.003338898163606,2.0116884853411205,-0.2967729473486993,4.698108506614142,5,0,0.0
cc-bbr_abr-throughput_signals-cwnd-loss_netem-high-rtt-loss,tcp_age_mean_ms,5,269.963822790015,273.57566137372714,21.922921279761262,242.74728461452344,297.18036096550657,5,0,0.0
cc-bbr_abr-throughput_signals-cwnd-loss_netem-stable-8mbit,startup_sec,5,0.4884200000010431,0.5035,0.05997013423220787,0.4139691808382233,0.5628708191638628,5,0,0.0
cc-bbr_abr-throughput_signals-cwnd-loss_netem-stable-8mbit,stall_sec,5,0.0,0.0,0.0,0.0,0.0,5,0,0.0
cc-bbr_abr-throughput_signals-cwnd-loss_netem-stable-8mbit,stall_count,5,0.0,0.0,0.0,0.0,0.0,5,0,0.0
cc-bbr_abr-throughput_signals-cwnd-loss_netem-stable-8mbit,switch_count,5,1.0,1.0,0.0,1.0,1.0,5,0,0.0
cc-bbr_abr-throughput_signals-cwnd-loss_netem-stable-8mbit,avg_bitrate_mbps,5,1.4036837676076128,1.4036830771812079,1.5438403749987212e-06,1.4036818509839126,1.403685684231313,5,0,0.0
cc-bbr_abr-throughput_signals-cwnd-loss_netem-stable-8mbit,time_weighted_bitrate_mbps,5,1.405744,1.405744,5.790214889958144e-16,1.4057439999999994,1.4057440000000008,5,0,0.0
cc-bbr_abr-throughput_signals-cwnd-loss_netem-stable-8mbit,buffer_mean_sec,5,26.73709652151579,26.74627712854758,0.026855353562597557,26.70375654158677,26.770436501444813,5,0,0.0
cc-bbr_abr-throughput_signals-cwnd-loss_netem-stable-8mbit,guardrail_count,5,0.0,0.0,0.0,0.0,0.0,5,0,0.0
cc-bbr_abr-throughput_signals-cwnd-loss_netem-stable-8mbit,rtt_mean_ms,5,30.61071857683087,30.56546621621622,0.3048763157913993,30.23222531940171,30.98921183426003,5,0,0.0
cc-bbr_abr-throughput_signals-cwnd-loss_netem-stable-8mbit,cwnd_mean_packets,5,35.97504007498396,36.026028547439125,0.23401530616586885,35.6845182766964,36.265561873271515,5,0,0.0
cc-bbr_abr-throughput_signals-cwnd-loss_netem-stable-8mbit,loss_mean_pct,5,0.0,0.0,0.0,0.0,0.0,5,0,0.0
cc-bbr_abr-throughput_signals-cwnd-loss_netem-stable-8mbit,missing_tcp_pct,5,0.2003897242338122,0.1669449081803005,0.1828662839135696,-0.026632356155564918,0.42741180462318934,5,0,0.0
cc-bbr_abr-throughput_signals-cwnd-loss_netem-stable-8mbit,tcp_age_mean_ms,5,246.43303980594234,253.7423785573973,17.669860408740043,224.49652759422136,268.3695520176633,5,0,0.0
cc-bbr_abr-throughput_signals-cwnd_netem-constrained-2mbit,startup_sec,5,0.8638400000035763,0.8164000000059605,0.10490554322651,0.7336034459599866,0.994076554047166,5,0,0.0
cc-bbr_abr-throughput_signals-cwnd_netem-constrained-2mbit,stall_sec,5,0.0,0.0,0.0,0.0,0.0,5,0,0.0
cc-bbr_abr-throughput_signals-cwnd_netem-constrained-2mbit,stall_count,5,0.0,0.0,0.0,0.0,0.0,5,0,0.0
cc-bbr_abr-throughput_signals-cwnd_netem-constrained-2mbit,switch_count,5,20.4,19.0,6.913754406977442,11.816816292307381,28.983183707692618,5,0,0.0
cc-bbr_abr-throughput_signals-cwnd_netem-constrained-2mbit,avg_bitrate_mbps,5,1.2455968336649692,1.2637785226130653,0.04531941924394895,1.1893343635222366,1.3018593038077018,5,0,0.0
cc-bbr_abr-throughput_signals-cwnd_netem-constrained-2mbit,time_weighted_bitrate_mbps,5,1.247478995621338,1.265967637859879,0.04585365678021627,1.1905532883071057,1.30440470293557,5,0,0.0
cc-bbr_abr-throughput_signals-cwnd_netem-constrained-2mbit,buffer_mean_sec,5,18.68898475248594,18.586170568561872,0.39176293898971604,18.20262479850482,19.175344706467058,5,0,0.0
cc-bbr_abr-throughput_signals-cwnd_netem-constrained-2mbit,guardrail_count,5,0.0,0.0,0.0,0.0,0.0,5,0,0.0
cc-bbr_abr-throughput_signals-cwnd_netem-constrained-2mbit,rtt_mean_ms,5,98.3721774428607,98.14546050420168,1.1470071007821074,96.94820834003792,99.79614654568348,5,0,0.0
cc-bbr_abr-throughput_signals-cwnd_netem-constrained-2mbit,cwnd_mean_packets,5,28.688654272523717,28.705882352941178,0.2378131622971495,28.39341756899781,28.983890976049626,5,0,0.0
cc-bbr_abr-throughput_signals-cwnd_netem-constrained-2mbit,loss_mean_pct,5,0.6078223140991917,0.6085352282174435,0.057800966567481696,0.5360644405435143,0.6795801876548692,5,0,0.0
cc-bbr_abr-throughput_signals-cwnd_netem-constrained-2mbit,missing_tcp_pct,5,1.6341159290288256,0.16722408026755853,2.276505354143086,-1.192085656384201,4.4603175144418525,5,0,0.0
cc-bbr_abr-throughput_signals-cwnd_netem-constrained-2mbit,tcp_age_mean_ms,5,283.9991221421025,305.54882943326214,34.13994764710518,241.61557404696288,326.38267023724217,5,0,0.0
cc-bbr_abr-throughput_signals-cwnd_netem-high-rtt-loss,startup_sec,5,1.468559999999404,1.3855999999940396,0.19584377192145594,1.225426823224588,1.7116931767742198,5,0,0.0
cc-bbr_abr-throughput_signals-cwnd_netem-high-rtt-loss,stall_sec,5,0.0,0.0,0.0,0.0,0.0,5,0,0.0
cc-bbr_abr-throughput_signals-cwnd_netem-high-rtt-loss,stall_count,5,0.0,0.0,0.0,0.0,0.0,5,0,0.0
cc-bbr_abr-throughput_signals-cwnd_netem-high-rtt-loss,switch_count,5,3.0,3.0,0.0,3.0,3.0,5,0,0.0
cc-bbr_abr-throughput_signals-cwnd_netem-high-rtt-loss,avg_bitrate_mbps,5,1.3999734161073825,1.399561231543624,0.0017242917402551163,1.3978327683636138,1.4021140638511511,5,0,0.0
cc-bbr_abr-throughput_signals-cwnd_netem-high-rtt-loss,time_weighted_bitrate_mbps,5,1.4000177468154547,1.3995621774869356,0.001867410476311214,1.3976994221784567,1.4023360714524526,5,0,0.0
cc-bbr_abr-throughput_signals-cwnd_netem-high-rtt-loss,buffer_mean_sec,5,25.360150967723985,25.38490317195326,0.06394737020667547,25.28076254953635,25.43953938591162,5,0,0.0
cc-bbr_abr-throughput_signals-cwnd_netem-high-rtt-loss,guardrail_count,5,0.0,0.0,0.0,0.0,0.0,5,0,0.0
cc-bbr_abr-throughput_signals-cwnd_netem-high-rtt-loss,rtt_mean_ms,5,150.3614517320957,148.98419097222222,3.7256125748107753,145.73623433631747,154.98666912787394,5,0,0.0
cc-bbr_abr-throughput_signals-cwnd_netem-high-rtt-loss,cwnd_mean_packets,5,78.34913595420953,78.4726200505476,0.6113126065299465,77.59021278514533,79.10805912327373,5,0,0.0
cc-bbr_abr-throughput_signals-cwnd_netem-high-rtt-loss,loss_mean_pct,5,1.423434848746359,1.3416595021097006,0.2142847475430318,1.1574078472575315,1.6894618502351866,5,0,0.0
cc-bbr_abr-throughput_signals-cwnd_netem-high-rtt-loss,missing_tcp_pct,5,0.9667779632721202,0.333889816360601,1.5156008922310624,-0.9147874091445708,2.8483433356888113,5,0,0.0
cc-bbr_abr-throughput_signals-cwnd_netem-high-rtt-loss,tcp_age_mean_ms,5,252.2234686705865,253.32747068701676,23.54773495354174,222.98978128326377,281.45715605790923,5,0,0.0
cc-bbr_abr-throughput_signals-cwnd_netem-stable-8mbit,startup_sec,5,0.5261199999958277,0.5365999999940395,0.0663364681031011,0.44376560052890635,0.6084743994627491,5,0,0.0
cc-bbr_abr-throughput_signals-cwnd_netem-stable-8mbit,stall_sec,5,0.0,0.0,0.0,0.0,0.0,5,0,0.0
cc-bbr_abr-throughput_signals-cwnd_netem-stable-8mbit,stall_count,5,0.0,0.0,0.0,0.0,0.0,5,0,0.0
cc-bbr_abr-throughput_signals-cwnd_netem-stable-8mbit,switch_count,5,1.0,1.0,0.0,1.0,1.0,5,0,0.0
cc-bbr_abr-throughput_signals-cwnd_netem-stable-8mbit,avg_bitrate_mbps,5,1.4036830771812079,1.4036830771812079,0.0,1.4036830771812079,1.4036830771812079,5,0,0.0
cc-bbr_abr-throughput_signals-cwnd_netem-stable-8mbit,time_weighted_bitrate_mbps,5,1.4057439999999999,1.405744,4.813812324017963e-16,1.4057439999999992,1.4057440000000005,5,0,0.0
cc-bbr_abr-throughput_signals-cwnd_netem-stable-8mbit,buffer_mean_sec,5,26.738919189172588,26.744479131886475,0.03729691306911149,26.692616379185736,26.78522199915944,5,0,0.0
cc-bbr_abr-throughput_signals-cwnd_netem-stable-8mbit,guardrail_count,5,0.0,0.0,0.0,0.0,0.0,5,0,0.0
cc-bbr_abr-throughput_signals-cwnd_netem-stable-8mbit,rtt_mean_ms,5,30.532084037225687,30.58559746835443,0.19535749098215446,30.28955456118854,30.774613513262832,5,0,0.0
cc-bbr_abr-throughput_signals-cwnd_netem-stable-8mbit,cwnd_mean_packets,5,35.987479063014575,36.03347280334728,0.08032982333438747,35.887752403619544,36.08720572240961,5,0,0.0
cc-bbr_abr-throughput_signals-cwnd_netem-stable-8mbit,loss_mean_pct,5,0.0,0.0,0.0,0.0,0.0,5,0,0.0
cc-bbr_abr-throughput_signals-cwnd_netem-stable-8mbit,missing_tcp_pct,5,0.23389037470477553,0.16722408026755853,0.27938573965317925,-0.11295722612014103,0.5807379755296921,5,0,0.0
cc-bbr_abr-throughput_signals-cwnd_netem-stable-8mbit,tcp_age_mean_ms,5,250.30828397454704,256.88130216862703,28.67542987746318,214.70874311047896,285.9078248386151,5,0,0.0
cc-bbr_abr-throughput_signals-loss_netem-constrained-2mbit,startup_sec,5,0.8531400000035763,0.8307000000029803,0.13601899867019826,0.6842771818299254,1.0220028181772272,5,0,0.0
cc-bbr_abr-throughput_signals-loss_netem-constrained-2mbit,stall_sec,5,0.0,0.0,0.0,0.0,0.0,5,0,0.0
cc-bbr_abr-throughput_signals-loss_netem-constrained-2mbit,stall_count,5,0.0,0.0,0.0,0.0,0.0,5,0,0.0
cc-bbr_abr-throughput_signals-loss_netem-constrained-2mbit,switch_count,5,23.4,24.0,5.128352561983234,17.03333008865702,29.766669911342976,5,0,0.0
cc-bbr_abr-throughput_signals-loss_netem-constrained-2mbit,avg_bitrate_mbps,5,1.2269366792182388,1.255296634228188,0.04734511593669945,1.1681593776501382,1.2857139807863394,5,0,0.0
cc-bbr_abr-throughput_signals-loss_netem-constrained-2mbit,time_weighted_bitrate_mbps,5,1.2282315902137246,1.255527140774886,0.04658349898003313,1.1703998093958787,1.2860633710315705,5,0,0.0
cc-bbr_abr-throughput_signals-loss_netem-constrained-2mbit,buffer_mean_sec,5,18.491964127291304,18.554617056856188,0.1752588354275467,18.274386427488608,18.709541827094,5,0,0.0
cc-bbr_abr-throughput_signals-loss_netem-constrained-2mbit,guardrail_count,5,0.0,0.0,0.0,0.0,0.0,5,0,0.0
cc-bbr_abr-throughput_signals-loss_netem-constrained-2mbit,rtt_mean_ms,5,99.05666706104188,98.82971596638654,0.9199524129990191,97.914578392816,100.19875572926776,5,0,0.0
cc-bbr_abr-throughput_signals-loss_netem-constrained-2mbit,cwnd_mean_packets,5,28.85784110059683,28.903117101937656,0.19665452082092275,28.613701407487284,29.101980793706375,5,0,0.0
cc-bbr_abr-throughput_signals-loss_netem-constrained-2mbit,loss_mean_pct,5,0.5383779187962623,0.4967765292553202,0.11674830341761434,0.3934389931694684,0.6833168444230562,5,0,0.0
cc-bbr_abr-throughput_signals-loss_netem-constrained-2mbit,missing_tcp_pct,5,0.8692307692307693,0.16722408026755853,1.5838779517735808,-1.097098178889894,2.8355597173514324,5,0,0.0
cc-bbr_abr-throughput_signals-loss_netem-constrained-2mbit,tcp_age_mean_ms,5,262.2036129726054,270.70486111118873,21.60748706807179,235.37867531215232,289.0285506330585,5,0,0.0
cc-bbr_abr-throughput_signals-loss_netem-high-rtt-loss,startup_sec,5,1.5674399999968707,1.3292999999821187,0.4592791939587426,0.9972609825168043,2.137619017476937,5,0,0.0
cc-bbr_abr-throughput_signals-loss_netem-high-rtt-loss,stall_sec,5,0.0,0.0,0.0,0.0,0.0,5,0,0.0
cc-bbr_abr-throughput_signals-loss_netem-high-rtt-loss,stall_count,5,0.0,0.0,0.0,0.0,0.0,5,0,0.0
cc-bbr_abr-throughput_signals-loss_netem-high-rtt-loss,switch_count,5,9.0,9.0,6.0,1.551210353352701,16.4487896466473,5,0,0.0
cc-bbr_abr-throughput_signals-loss_netem-high-rtt-loss,avg_bitrate_mbps,5,1.3674108355704697,1.358342775167785,0.030380267322198996,1.3296947987884742,1.4051268723524653,5,0,0.0
cc-bbr_abr-throughput_signals-loss_netem-high-rtt-loss,time_weighted_bitrate_mbps,5,1.3674430036979042,1.3584692920328472,0.030511041255265988,1.3295646156627952,1.4053213917330132,5,0,0.0
cc-bbr_abr-throughput_signals-loss_netem-high-rtt-loss,buffer_mean_sec,5,24.86319083472454,24.824651085141905,0.5223199517417816,24.21474892659596,25.511632742853124,5,0,0.0
cc-bbr_abr-throughput_signals-loss_netem-high-rtt-loss,guardrail_count,5,0.8,1.0,0.8366600265340756,-0.23868409056844597,1.838684090568446,5,0,0.0
cc-bbr_abr-throughput_signals-loss_netem-high-rtt-loss,rtt_mean_ms,5,147.40821820676263,147.080877014419,0.5707748046937589,146.69962129746762,148.11681511605764,5,0,0.0
cc-bbr_abr-throughput_signals-loss_netem-high-rtt-loss,cwnd_mean_packets,5,77.72652202924336,77.78180286436394,0.600558515453737,76.98094968722374,78.47209437126297,5,0,0.0
cc-bbr_abr-throughput_signals-loss_netem-high-rtt-loss,loss_mean_pct,5,1.4908770082878198,1.4940409004003072,0.09317241754115066,1.375206718432216,1.6065472981434235,5,0,0.0
cc-bbr_abr-throughput_signals-loss_netem-high-rtt-loss,missing_tcp_pct,5,0.8345019476905954,0.5,0.7560289248177938,-0.10408145693418314,1.7730853523153738,5,0,0.0
cc-bbr_abr-throughput_signals-loss_netem-high-rtt-loss,tcp_age_mean_ms,5,266.27839131300635,272.79631490745834,19.646854144125584,241.88751069001432,290.6692719359984,5,0,0.0
cc-bbr_abr-throughput_signals-loss_netem-stable-8mbit,startup_sec,5,0.5183999999970198,0.5245,0.03695862551129029,0.4725171621532175,0.5642828378408221,5,0,0.0
cc-bbr_abr-throughput_signals-loss_netem-stable-8mbit,stall_sec,5,0.0,0.0,0.0,0.0,0.0,5,0,0.0
cc-bbr_abr-throughput_signals-loss_netem-stable-8mbit,stall_count,5,0.0,0.0,0.0,0.0,0.0,5,0,0.0
cc-bbr_abr-throughput_signals-loss_netem-stable-8mbit,switch_count,5,1.0,1.0,0.0,1.0,1.0,5,0,0.0
cc-bbr_abr-throughput_signals-loss_netem-stable-8mbit,avg_bitrate_mbps,5,1.4036830771812079,1.4036830771812079,0.0,1.4036830771812079,1.4036830771812079,5,0,0.0
cc-bbr_abr-throughput_signals-loss_netem-stable-8mbit,time_weighted_bitrate_mbps,5,1.4057439999999999,1.405744,2.9790409838967276e-16,1.4057439999999994,1.4057440000000003,5,0,0.0
cc-bbr_abr-throughput_signals-loss_netem-stable-8mbit,buffer_mean_sec,5,26.70989920589872,26.713272120200333,0.017153494483971216,26.68860374387938,26.731194667918057,5,0,0.0
cc-bbr_abr-throughput_signals-loss_netem-stable-8mbit,guardrail_count,5,0.0,0.0,0.0,0.0,0.0,5,0,0.0
cc-bbr_abr-throughput_signals-loss_netem-stable-8mbit,rtt_mean_ms,5,30.692161940797025,30.70445781119465,0.15276811023922143,30.502505687815727,30.881818193778322,5,0,0.0
cc-bbr_abr-throughput_signals-loss_netem-stable-8mbit,cwnd_mean_packets,5,35.9439709519652,35.96293103448276,0.17261269732607587,35.72967833984481,36.15826356408559,5,0,0.0
cc-bbr_abr-throughput_signals-loss_netem-stable-8mbit,loss_mean_pct,5,0.0,0.0,0.0,0.0,0.0,5,0,0.0
cc-bbr_abr-throughput_signals-loss_netem-stable-8mbit,missing_tcp_pct,5,0.7345575959933223,0.1669449081803005,1.0398939233654383,-0.5564342523359972,2.0255494443226416,5,0,0.0
cc-bbr_abr-throughput_signals-loss_netem-stable-8mbit,tcp_age_mean_ms,5,241.9505010370701,235.244666666165,30.744834022047502,203.78186747851726,280.11913459562294,5,0,0.0
cc-bbr_abr-throughput_signals-none_netem-constrained-2mbit,startup_sec,5,0.843440000000596,0.8224000000059605,0.04408835447113581,0.788705853613544,0.8981741463876481,5,0,0.0
cc-bbr_abr-throughput_signals-none_netem-constrained-2mbit,stall_sec,5,0.0,0.0,0.0,0.0,0.0,5,0,0.0
cc-bbr_abr-throughput_signals-none_netem-constrained-2mbit,stall_count,5,0.0,0.0,0.0,0.0,0.0,5,0,0.0
cc-bbr_abr-throughput_signals-none_netem-constrained-2mbit,switch_count,5,23.8,25.0,5.403702434442518,17.091492875460297,30.508507124539705,5,0,0.0
cc-bbr_abr-throughput_signals-none_netem-constrained-2mbit,avg_bitrate_mbps,5,1.256986107641114,1.2614794026845637,0.02717404808872896,1.2232504796309773,1.2907217356512506,5,0,0.0
cc-bbr_abr-throughput_signals-none_netem-constrained-2mbit,time_weighted_bitrate_mbps,5,1.257952104905551,1.2623149029252962,0.02765492088214123,1.2236194901812605,1.2922847196298417,5,0,0.0
cc-bbr_abr-throughput_signals-none_netem-constrained-2mbit,buffer_mean_sec,5,18.476089912954144,18.52951085141903,0.34883064132835667,18.04302890136081,18.90915092454748,5,0,0.0
cc-bbr_abr-throughput_signals-none_netem-constrained-2mbit,guardrail_count,5,0.0,0.0,0.0,0.0,0.0,5,0,0.0
cc-bbr_abr-throughput_signals-none_netem-constrained-2mbit,rtt_mean_ms,5,98.42649825522642,98.47457931034484,1.0634610359220324,97.10624866289494,99.7467478475579,5,0,0.0
cc-bbr_abr-throughput_signals-none_netem-constrained-2mbit,cwnd_mean_packets,5,28.69726568805425,28.663494809688583,0.11681560333156024,28.552243211943754,28.84228816416475,5,0,0.0
cc-bbr_abr-throughput_signals-none_netem-constrained-2mbit,loss_mean_pct,5,0.5227155209607927,0.5464230950849095,0.06635301108081863,0.4403405839670134,0.6050904579545718,5,0,0.0
cc-bbr_abr-throughput_signals-none_netem-constrained-2mbit,missing_tcp_pct,5,1.1695077079413292,0.5008347245409015,1.387959369554092,-0.5535951890422761,2.8926106049249345,5,0,0.0
cc-bbr_abr-throughput_signals-none_netem-constrained-2mbit,tcp_age_mean_ms,5,304.6495169310239,303.58631052188764,19.41047194309701,280.55209652331075,328.7469373387371,5,0,0.0
cc-bbr_abr-throughput_signals-none_netem-high-rtt-loss,startup_sec,5,1.593040000000596,1.2945,0.5004316017232581,0.9717717110387079,2.214308288962484,5,0,0.0
cc-bbr_abr-throughput_signals-none_netem-high-rtt-loss,stall_sec,5,0.0,0.0,0.0,0.0,0.0,5,0,0.0
cc-bbr_abr-throughput_signals-none_netem-high-rtt-loss,stall_count,5,0.0,0.0,0.0,0.0,0.0,5,0,0.0
cc-bbr_abr-throughput_signals-none_netem-high-rtt-loss,switch_count,5,3.0,3.0,0.0,3.0,3.0,5,0,0.0
cc-bbr_abr-throughput_signals-none_netem-high-rtt-loss,avg_bitrate_mbps,5,1.4012099697986578,1.401622154362416,0.0017242917402551163,1.399069322054889,1.4033506175424264,5,0,0.0
cc-bbr_abr-throughput_signals-none_netem-high-rtt-loss,time_weighted_bitrate_mbps,5,1.401205574242375,1.4016237018577062,0.0017149132885967585,1.3990765695175422,1.4033345789672078,5,0,0.0
cc-bbr_abr-throughput_signals-none_netem-high-rtt-loss,buffer_mean_sec,5,25.323039715603503,25.28029716193656,0.09666749282185516,25.203030412320373,25.443049018886633,5,0,0.0
cc-bbr_abr-throughput_signals-none_netem-high-rtt-loss,guardrail_count,5,0.0,0.0,0.0,0.0,0.0,5,0,0.0
cc-bbr_abr-throughput_signals-none_netem-high-rtt-loss,rtt_mean_ms,5,149.3331891521441,147.30563260135136,3.7508675540768803,144.67661858501856,153.9897597192696,5,0,0.0
cc-bbr_abr-throughput_signals-none_netem-high-rtt-loss,cwnd_mean_packets,5,78.50283072229675,78.35714285714286,1.1916723824519324,77.02341123819618,79.98225020639732,5,0,0.0
cc-bbr_abr-throughput_signals-none_netem-high-rtt-loss,loss_mean_pct,5,1.569950654790222,1.71725209305882,0.39474948022808587,1.079883014566494,2.06001829501395,5,0,0.0
cc-bbr_abr-throughput_signals-none_netem-high-rtt-loss,missing_tcp_pct,5,1.5034565198826282,0.5008347245409015,2.062513167760477,-1.0570812684653659,4.0639943082306225,5,0,0.0
cc-bbr_abr-throughput_signals-none_netem-high-rtt-loss,tcp_age_mean_ms,5,242.47397498358538,248.1035234930131,27.047672551035536,208.89523777290873,276.052712194262,5,0,0.0
cc-bbr_abr-throughput_signals-none_netem-stable-8mbit,startup_sec,5,0.48682000000327824,0.5023999999985099,0.05493598092539963,0.4186189056790232,0.5550210943275333,5,0,0.0
cc-bbr_abr-throughput_signals-none_netem-stable-8mbit,stall_sec,5,0.0,0.0,0.0,0.0,0.0,5,0,0.0
cc-bbr_abr-throughput_signals-none_netem-stable-8mbit,stall_count,5,0.0,0.0,0.0,0.0,0.0,5,0,0.0
cc-bbr_abr-throughput_signals-none_netem-stable-8mbit,switch_count,5,1.0,1.0,0.0,1.0,1.0,5,0,0.0
cc-bbr_abr-throughput_signals-none_netem-stable-8mbit,avg_bitrate_mbps,5,1.4036830771812079,1.4036830771812079,0.0,1.4036830771812079,1.4036830771812079,5,0,0.0
cc-bbr_abr-throughput_signals-none_netem-stable-8mbit,time_weighted_bitrate_mbps,5,1.405744,1.405744,2.432376777795247e-16,1.4057439999999999,1.4057440000000003,5,0,0.0
cc-bbr_abr-throughput_signals-none_netem-stable-8mbit,buffer_mean_sec,5,26.76219675378697,26.780023411371236,0.033486767338774134,26.720624106144847,26.803769401429093,5,0,0.0
cc-bbr_abr-throughput_signals-none_netem-stable-8mbit,guardrail_count,5,0.0,0.0,0.0,0.0,0.0,5,0,0.0
cc-bbr_abr-throughput_signals-none_netem-stable-8mbit,rtt_mean_ms,5,30.81010334957947,30.789187604690117,0.19733288275556074,30.56512149391069,31.05508520524825,5,0,0.0
cc-bbr_abr-throughput_signals-none_netem-stable-8mbit,cwnd_mean_packets,5,35.92883222526653,36.01153504880213,0.22792997666818995,35.64586515020544,36.21179930032763,5,0,0.0
cc-bbr_abr-throughput_signals-none_netem-stable-8mbit,loss_mean_pct,5,0.0,0.0,0.0,0.0,0.0,5,0,0.0
cc-bbr_abr-throughput_signals-none_netem-stable-8mbit,missing_tcp_pct,5,1.6721849682581336,0.6688963210702341,2.1707432066026455,-1.0227166188871568,4.367086555403424,5,0,0.0
cc-bbr_abr-throughput_signals-none_netem-stable-8mbit,tcp_age_mean_ms,5,269.4537405622004,271.34276094209866,33.440153751368904,227.93896205461863,310.96851906978213,5,0,0.0
cc-bbr_abr-throughput_signals-rtt-cwnd-loss_netem-constrained-2mbit,startup_sec,5,0.9347799999982118,0.8215999999940395,0.169942599133255,0.7238022211735249,1.1457577788228988,5,0,0.0
cc-bbr_abr-throughput_signals-rtt-cwnd-loss_netem-constrained-2mbit,stall_sec,5,0.0,0.0,0.0,0.0,0.0,5,0,0.0
cc-bbr_abr-throughput_signals-rtt-cwnd-loss_netem-constrained-2mbit,stall_count,5,0.0,0.0,0.0,0.0,0.0,5,0,0.0
cc-bbr_abr-throughput_signals-rtt-cwnd-loss_netem-constrained-2mbit,switch_count,5,16.6,15.0,8.87693640846886,5.579594664441785,27.620405335558218,5,0,0.0
cc-bbr_abr-throughput_signals-rtt-cwnd-loss_netem-constrained-2mbit,avg_bitrate_mbps,5,1.2854558404494507,1.2841495536912753,0.05467089508141153,1.2175838409068909,1.3533278399920106,5,0,0.0
cc-bbr_abr-throughput_signals-rtt-cwnd-loss_netem-constrained-2mbit,time_weighted_bitrate_mbps,5,1.2860357559096527,1.2842372036815208,0.05414993543822497,1.218810509499841,1.3532610023194644,5,0,0.0
cc-bbr_abr-throughput_signals-rtt-cwnd-loss_netem-constrained-2mbit,buffer_mean_sec,5,19.340474025829,19.691808013355594,0.6733118218451987,18.50458100457471,20.17636704708329,5,0,0.0
cc-bbr_abr-throughput_signals-rtt-cwnd-loss_netem-constrained-2mbit,guardrail_count,5,0.2,0.0,0.4472135954999579,-0.3551999999999999,0.7551999999999999,5,0,0.0
cc-bbr_abr-throughput_signals-rtt-cwnd-loss_netem-constrained-2mbit,rtt_mean_ms,5,99.06596319361614,99.28817731092437,0.7283689548863777,98.16171867193331,99.97020771529897,5,0,0.0
cc-bbr_abr-throughput_signals-rtt-cwnd-loss_netem-constrained-2mbit,cwnd_mean_packets,5,28.904037240611054,28.96638655462185,0.1445671359363675,28.724562209709674,29.083512271512433,5,0,0.0
cc-bbr_abr-throughput_signals-rtt-cwnd-loss_netem-constrained-2mbit,loss_mean_pct,5,0.49090263822216224,0.4690736249692223,0.05486948534099465,0.42278409583468446,0.55902118060964,5,0,0.0
cc-bbr_abr-throughput_signals-rtt-cwnd-loss_netem-constrained-2mbit,missing_tcp_pct,5,0.467501577322293,0.16722408026755853,0.6822002121072509,-0.37942606882522056,1.3144292234698067,5,0,0.0
cc-bbr_abr-throughput_signals-rtt-cwnd-loss_netem-constrained-2mbit,tcp_age_mean_ms,5,280.19606982547583,289.70234505857155,32.9295050687136,239.31524375463357,321.0768958963181,5,0,0.0
cc-bbr_abr-throughput_signals-rtt-cwnd-loss_netem-high-rtt-loss,startup_sec,5,1.4248600000046194,1.327199999999255,0.2194506049211818,1.1524197676900552,1.6973002323191837,5,0,0.0
cc-bbr_abr-throughput_signals-rtt-cwnd-loss_netem-high-rtt-loss,stall_sec,5,0.0,0.0,0.0,0.0,0.0,5,0,0.0
cc-bbr_abr-throughput_signals-rtt-cwnd-loss_netem-high-rtt-loss,stall_count,5,0.0,0.0,0.0,0.0,0.0,5,0,0.0
cc-bbr_abr-throughput_signals-rtt-cwnd-loss_netem-high-rtt-loss,switch_count,5,3.8,3.0,1.7888543819998317,1.5792000000000002,6.0207999999999995,5,0,0.0
cc-bbr_abr-throughput_signals-rtt-cwnd-loss_netem-high-rtt-loss,avg_bitrate_mbps,5,1.3892579983024744,1.399561231543624,0.025367779387441024,1.357764789559207,1.4207512070457418,5,0,0.0
cc-bbr_abr-throughput_signals-rtt-cwnd-loss_netem-high-rtt-loss,time_weighted_bitrate_mbps,5,1.3892405612035938,1.3996966965411202,0.025402644210063007,1.3577040690053634,1.4207770534018243,5,0,0.0
cc-bbr_abr-throughput_signals-rtt-cwnd-loss_netem-high-rtt-loss,buffer_mean_sec,5,25.215722793332187,25.325425,0.2891940817340723,24.85669847968345,25.574747106980926,5,0,0.0
cc-bbr_abr-throughput_signals-rtt-cwnd-loss_netem-high-rtt-loss,guardrail_count,5,0.2,0.0,0.4472135954999579,-0.3551999999999999,0.7551999999999999,5,0,0.0
cc-bbr_abr-throughput_signals-rtt-cwnd-loss_netem-high-rtt-loss,rtt_mean_ms,5,150.5551628428771,149.23949028268552,3.6158804014362977,146.06617409325486,155.04415159249936,5,0,0.0
cc-bbr_abr-throughput_signals-rtt-cwnd-loss_netem-high-rtt-loss,cwnd_mean_packets,5,78.63271131013836,78.64393939393939,0.7637495690631604,77.6845429963602,79.58087962391653,5,0,0.0
cc-bbr_abr-throughput_signals-rtt-cwnd-loss_netem-high-rtt-loss,loss_mean_pct,5,1.5436599117052938,1.6199404343278534,0.28388888978978305,1.1912218078612384,1.8960980155493492,5,0,0.0
cc-bbr_abr-throughput_signals-rtt-cwnd-loss_netem-high-rtt-loss,missing_tcp_pct,5,2.2004557244724965,2.337228714524207,2.027108292048956,-0.31612815193536203,4.717039600880355,5,0,0.0
cc-bbr_abr-throughput_signals-rtt-cwnd-loss_netem-high-rtt-loss,tcp_age_mean_ms,5,295.40054046175646,286.6535893138094,23.943490609397408,265.6755363024438,325.12554462106914,5,0,0.0
cc-bbr_abr-throughput_signals-rtt-cwnd-loss_netem-stable-8mbit,startup_sec,5,0.5232000000037254,0.522,0.04540814905366867,0.4668273749129946,0.5795726250944561,5,0,0.0
cc-bbr_abr-throughput_signals-rtt-cwnd-loss_netem-stable-8mbit,stall_sec,5,0.0,0.0,0.0,0.0,0.0,5,0,0.0
cc-bbr_abr-throughput_signals-rtt-cwnd-loss_netem-stable-8mbit,stall_count,5,0.0,0.0,0.0,0.0,0.0,5,0,0.0
cc-bbr_abr-throughput_signals-rtt-cwnd-loss_netem-stable-8mbit,switch_count,5,1.0,1.0,0.0,1.0,1.0,5,0,0.0
cc-bbr_abr-throughput_signals-rtt-cwnd-loss_netem-stable-8mbit,avg_bitrate_mbps,5,1.4036830771812079,1.4036830771812079,0.0,1.4036830771812079,1.4036830771812079,5,0,0.0
cc-bbr_abr-throughput_signals-rtt-cwnd-loss_netem-stable-8mbit,time_weighted_bitrate_mbps,5,1.4057439999999994,1.4057439999999994,3.648565166692871e-16,1.405743999999999,1.4057439999999999,5,0,0.0
cc-bbr_abr-throughput_signals-rtt-cwnd-loss_netem-stable-8mbit,buffer_mean_sec,5,26.737759555183946,26.743871237458194,0.038817084473558555,26.689569505694,26.785949604673892,5,0,0.0
cc-bbr_abr-throughput_signals-rtt-cwnd-loss_netem-stable-8mbit,guardrail_count,5,0.0,0.0,0.0,0.0,0.0,5,0,0.0
cc-bbr_abr-throughput_signals-rtt-cwnd-loss_netem-stable-8mbit,rtt_mean_ms,5,30.62885834354401,30.639812445980983,0.2178331372303668,30.358426140660967,30.899290546427054,5,0,0.0
cc-bbr_abr-throughput_signals-rtt-cwnd-loss_netem-stable-8mbit,cwnd_mean_packets,5,35.99213682621232,36.03888419273034,0.1787273261348619,35.77025311679793,36.2140205356267,5,0,0.0
cc-bbr_abr-throughput_signals-rtt-cwnd-loss_netem-stable-8mbit,loss_mean_pct,5,0.0,0.0,0.0,0.0,0.0,5,0,0.0
cc-bbr_abr-throughput_signals-rtt-cwnd-loss_netem-stable-8mbit,missing_tcp_pct,5,0.8021181716833891,0.16722408026755853,1.1847963439899925,-0.6687649517329822,2.2730012950997605,5,0,0.0
cc-bbr_abr-throughput_signals-rtt-cwnd-loss_netem-stable-8mbit,tcp_age_mean_ms,5,233.17064893611644,235.5193333344658,16.801480717155762,212.31219966706743,254.02909820516544,5,0,0.0
cc-bbr_abr-throughput_signals-rtt-cwnd_netem-constrained-2mbit,startup_sec,5,0.860239999999851,0.849199999999255,0.03606255675754925,0.8154696000986404,0.9050103999010616,5,0,0.0
cc-bbr_abr-throughput_signals-rtt-cwnd_netem-constrained-2mbit,stall_sec,5,0.0,0.0,0.0,0.0,0.0,5,0,0.0
cc-bbr_abr-throughput_signals-rtt-cwnd_netem-constrained-2mbit,stall_count,5,0.0,0.0,0.0,0.0,0.0,5,0,0.0
cc-bbr_abr-throughput_signals-rtt-cwnd_netem-constrained-2mbit,switch_count,5,30.0,29.0,18.193405398660254,7.4135250382004045,52.586474961799595,5,0,0.0
cc-bbr_abr-throughput_signals-rtt-cwnd_netem-constrained-2mbit,avg_bitrate_mbps,5,1.1819719691691117,1.2697230939597315,0.21390147980668064,0.9164207811380218,1.4475231572002016,5,0,0.0
cc-bbr_abr-throughput_signals-rtt-cwnd_netem-constrained-2mbit,time_weighted_bitrate_mbps,5,1.1826475974292756,1.2702124833773072,0.214022298442898,0.9169464172970895,1.4483487775614616,5,0,0.0
cc-bbr_abr-throughput_signals-rtt-cwnd_netem-constrained-2mbit,buffer_mean_sec,5,17.287674374235767,18.703909849749582,3.73227988038189,12.654179752339326,21.92116899613221,5,0,0.0
cc-bbr_abr-throughput_signals-rtt-cwnd_netem-constrained-2mbit,guardrail_count,5,0.0,0.0,0.0,0.0,0.0,5,0,0.0
cc-bbr_abr-throughput_signals-rtt-cwnd_netem-constrained-2mbit,rtt_mean_ms,5,97.8663873596775,98.26957347972973,1.488120468277591,96.01893797016582,99.71383674918918,5,0,0.0
cc-bbr_abr-throughput_signals-rtt-cwnd_netem-constrained-2mbit,cwnd_mean_packets,5,28.763980487257637,28.762148337595907,0.17932768099699392,28.54135145832969,28.986609516185585,5,0,0.0
cc-bbr_abr-throughput_signals-rtt-cwnd_netem-constrained-2mbit,loss_mean_pct,5,0.563111270226813,0.587270988344894,0.07149506874341949,0.47435264891975965,0.6518698915338663,5,0,0.0
cc-bbr_abr-throughput_signals-rtt-cwnd_netem-constrained-2mbit,missing_tcp_pct,5,0.9022841860179451,0.667779632721202,0.8323942628192404,-0.13110410845148301,1.9356724804873733,5,0,0.0
cc-bbr_abr-throughput_signals-rtt-cwnd_netem-constrained-2mbit,tcp_age_mean_ms,5,269.50560494278704,275.92101695072853,23.760231101385095,240.0081110377963,299.0030988477778,5,0,0.0
cc-bbr_abr-throughput_signals-rtt-cwnd_netem-high-rtt-loss,startup_sec,5,1.4105000000044703,1.2895,0.19288775233163427,1.171036617915646,1.6499633820932946,5,0,0.0
cc-bbr_abr-throughput_signals-rtt-cwnd_netem-high-rtt-loss,stall_sec,5,0.0,0.0,0.0,0.0,0.0,5,0,0.0
cc-bbr_abr-throughput_signals-rtt-cwnd_netem-high-rtt-loss,stall_count,5,0.0,0.0,0.0,0.0,0.0,5,0,0.0
cc-bbr_abr-throughput_signals-rtt-cwnd_netem-high-rtt-loss,switch_count,5,3.0,3.0,1.4142135623730951,1.244303443074516,4.755696556925484,5,0,0.0
cc-bbr_abr-throughput_signals-rtt-cwnd_netem-high-rtt-loss,avg_bitrate_mbps,5,1.3991490469798658,1.399561231543624,0.003386441751388435,1.3949448982704131,1.4033531956893184,5,0,0.0
cc-bbr_abr-throughput_signals-rtt-cwnd_netem-high-rtt-loss,time_weighted_bitrate_mbps,5,1.39913123108294,1.3995625079882021,0.003430539795724791,1.3948723361974722,1.4033901259684078,5,0,0.0
cc-bbr_abr-throughput_signals-rtt-cwnd_netem-high-rtt-loss,buffer_mean_sec,5,25.328591734800188,25.320125208681134,0.07264534635593789,25.23840508416465,25.418778385435726,5,0,0.0
cc-bbr_abr-throughput_signals-rtt-cwnd_netem-high-rtt-loss,guardrail_count,5,0.0,0.0,0.0,0.0,0.0,5,0,0.0
cc-bbr_abr-throughput_signals-rtt-cwnd_netem-high-rtt-loss,rtt_mean_ms,5,148.2044705823866,148.36117845117843,0.6738926856970275,147.3678564390247,149.04108472574848,5,0,0.0
cc-bbr_abr-throughput_signals-rtt-cwnd_netem-high-rtt-loss,cwnd_mean_packets,5,77.56736411258346,77.5563025210084,0.250494851306991,77.2563835367578,77.87834468840913,5,0,0.0
cc-bbr_abr-throughput_signals-rtt-cwnd_netem-high-rtt-loss,loss_mean_pct,5,1.6136622201007704,1.4390907326807847,0.3783558376341756,1.143946712414435,2.0833777277871057,5,0,0.0
cc-bbr_abr-throughput_signals-rtt-cwnd_netem-high-rtt-loss,missing_tcp_pct,5,0.2003338898163606,0.1669449081803005,0.274318476212938,-0.14022288110013867,0.5408906607328599,5,0,0.0
cc-bbr_abr-throughput_signals-rtt-cwnd_netem-high-rtt-loss,tcp_age_mean_ms,5,241.83884684517756,245.67630252397362,17.446473507563365,220.17966163957016,263.49803205078496,5,0,0.0
cc-bbr_abr-throughput_signals-rtt-cwnd_netem-stable-8mbit,startup_sec,5,0.5273599999986589,0.5348999999910593,0.06609026403343635,0.4453112542525844,0.6094087457447334,5,0,0.0
cc-bbr_abr-throughput_signals-rtt-cwnd_netem-stable-8mbit,stall_sec,5,0.0,0.0,0.0,0.0,0.0,5,0,0.0
cc-bbr_abr-throughput_signals-rtt-cwnd_netem-stable-8mbit,stall_count,5,0.0,0.0,0.0,0.0,0.0,5,0,0.0
cc-bbr_abr-throughput_signals-rtt-cwnd_netem-stable-8mbit,switch_count,5,1.0,1.0,0.0,1.0,1.0,5,0,0.0
cc-bbr_abr-throughput_signals-rtt-cwnd_netem-stable-8mbit,avg_bitrate_mbps,5,1.4036830771812079,1.4036830771812079,0.0,1.4036830771812079,1.4036830771812079,5,0,0.0
cc-bbr_abr-throughput_signals-rtt-cwnd_netem-stable-8mbit,time_weighted_bitrate_mbps,5,1.4057439999999994,1.4057439999999994,5.747482092719373e-16,1.4057439999999988,1.405744,5,0,0.0
cc-bbr_abr-throughput_signals-rtt-cwnd_netem-stable-8mbit,buffer_mean_sec,5,26.709690343906512,26.712664440734557,0.03829896797627048,26.662143517883358,26.757237169929667,5,0,0.0
cc-bbr_abr-throughput_signals-rtt-cwnd_netem-stable-8mbit,guardrail_count,5,0.0,0.0,0.0,0.0,0.0,5,0,0.0
cc-bbr_abr-throughput_signals-rtt-cwnd_netem-stable-8mbit,rtt_mean_ms,5,30.92445504428694,30.824987555555552,0.27057964565123566,30.58853990043354,31.260370188140342,5,0,0.0
cc-bbr_abr-throughput_signals-rtt-cwnd_netem-stable-8mbit,cwnd_mean_packets,5,35.9798423199391,36.013333333333335,0.11769308971291093,35.83373047524986,36.12595416462835,5,0,0.0
cc-bbr_abr-throughput_signals-rtt-cwnd_netem-stable-8mbit,loss_mean_pct,5,0.0,0.0,0.0,0.0,0.0,5,0,0.0
cc-bbr_abr-throughput_signals-rtt-cwnd_netem-stable-8mbit,missing_tcp_pct,5,2.302615470228158,2.337228714524207,2.0597451717393453,-0.2544859481024746,4.859716888558791,5,0,0.0
cc-bbr_abr-throughput_signals-rtt-cwnd_netem-stable-8mbit,tcp_age_mean_ms,5,258.2667423593155,258.84085469841955,51.28631459508707,194.5965808308854,321.93690388774564,5,0,0.0
cc-bbr_abr-throughput_signals-rtt-loss_netem-constrained-2mbit,startup_sec,5,0.7911400000013411,0.8055,0.05669028135575399,0.7207610031966306,0.8615189968060516,5,0,0.0
cc-bbr_abr-throughput_signals-rtt-loss_netem-constrained-2mbit,stall_sec,5,0.0,0.0,0.0,0.0,0.0,5,0,0.0
cc-bbr_abr-throughput_signals-rtt-loss_netem-constrained-2mbit,stall_count,5,0.0,0.0,0.0,0.0,0.0,5,0,0.0
cc-bbr_abr-throughput_signals-rtt-loss_netem-constrained-2mbit,switch_count,5,26.0,23.0,5.385164807134504,19.314506689854518,32.68549331014548,5,0,0.0
cc-bbr_abr-throughput_signals-rtt-loss_netem-constrained-2mbit,avg_bitrate_mbps,5,1.17324981239531,1.2658359932998327,0.2227206078837036,0.896749986045456,1.4497496387451638,5,0,0.0
cc-bbr_abr-throughput_signals-rtt-loss_netem-constrained-2mbit,time_weighted_bitrate_mbps,5,1.1752575461277235,1.2680555279369898,0.2225632500710324,0.8989530739855102,1.4515620182699367,5,0,0.0
cc-bbr_abr-throughput_signals-rtt-loss_netem-constrained-2mbit,buffer_mean_sec,5,16.97387342114226,18.029356187290972,3.6289251143778882,12.468690117736198,21.479056724548325,5,0,0.0
cc-bbr_abr-throughput_signals-rtt-loss_netem-constrained-2mbit,guardrail_count,5,0.0,0.0,0.0,0.0,0.0,5,0,0.0
cc-bbr_abr-throughput_signals-rtt-loss_netem-constrained-2mbit,rtt_mean_ms,5,98.05251869294861,98.43656999161776,1.6509280244934137,96.00294943024754,100.10208795564968,5,0,0.0
cc-bbr_abr-throughput_signals-rtt-loss_netem-constrained-2mbit,cwnd_mean_packets,5,28.80761936929551,28.81810561609388,0.15275097593769396,28.617984387948848,28.99725435064217,5,0,0.0
cc-bbr_abr-throughput_signals-rtt-loss_netem-constrained-2mbit,loss_mean_pct,5,0.6156414798837218,0.5926017308704411,0.15260004439493696,0.426193874755901,0.8050890850115425,5,0,0.0
cc-bbr_abr-throughput_signals-rtt-loss_netem-constrained-2mbit,missing_tcp_pct,5,0.0668337976895718,0.0,0.09151599972218895,-0.04678010751596455,0.18044770289510814,5,0,0.0
cc-bbr_abr-throughput_signals-rtt-loss_netem-constrained-2mbit,tcp_age_mean_ms,5,264.54249912337957,250.71385642863774,27.04011424521626,230.97314528439173,298.1118529623674,5,0,0.0
cc-bbr_abr-throughput_signals-rtt-loss_netem-high-rtt-loss,startup_sec,5,1.3539199999928473,1.3620999999940395,0.04218615886254956,1.3015473627649845,1.40629263722071,5,0,0.0
cc-bbr_abr-throughput_signals-rtt-loss_netem-high-rtt-loss,stall_sec,5,0.0,0.0,0.0,0.0,0.0,5,0,0.0
cc-bbr_abr-throughput_signals-rtt-loss_netem-high-rtt-loss,stall_count,5,0.0,0.0,0.0,0.0,0.0,5,0,0.0
cc-bbr_abr-throughput_signals-rtt-loss_netem-high-rtt-loss,switch_count,5,7.8,3.0,7.8230428862431785,-1.912033476054332,17.51203347605433,5,0,0.0
cc-bbr_abr-throughput_signals-rtt-loss_netem-high-rtt-loss,avg_bitrate_mbps,5,1.3583427751677852,1.399561231543624,0.07348858920179067,1.2671092681022829,1.4495762822332876,5,0,0.0
cc-bbr_abr-throughput_signals-rtt-loss_netem-high-rtt-loss,time_weighted_bitrate_mbps,5,1.3584085366554073,1.399561432449176,0.07334595727852732,1.267352102122119,1.4494649711886956,5,0,0.0
cc-bbr_abr-throughput_signals-rtt-loss_netem-high-rtt-loss,buffer_mean_sec,5,24.676769583194215,25.291677796327214,1.1689165642033545,23.22560064965547,26.12793851673296,5,0,0.0
cc-bbr_abr-throughput_signals-rtt-loss_netem-high-rtt-loss,guardrail_count,5,0.8,0.0,1.3038404810405297,-0.8186722460090552,2.4186722460090553,5,0,0.0
cc-bbr_abr-throughput_signals-rtt-loss_netem-high-rtt-loss,rtt_mean_ms,5,148.7761280244937,147.1970101095198,3.047032352504588,144.99334418443777,152.5589118645496,5,0,0.0
cc-bbr_abr-throughput_signals-rtt-loss_netem-high-rtt-loss,cwnd_mean_packets,5,77.46158009047183,77.50839964633069,1.7040419297472653,75.34607177651277,79.57708840443088,5,0,0.0
cc-bbr_abr-throughput_signals-rtt-loss_netem-high-rtt-loss,loss_mean_pct,5,1.4794128461012366,1.4261187717874024,0.22807014237850726,1.1962717602248365,1.7625539319776367,5,0,0.0
cc-bbr_abr-throughput_signals-rtt-loss_netem-high-rtt-loss,missing_tcp_pct,5,2.202838063439065,2.5,1.9624203531447828,-0.23343800470673415,4.639114131584864,5,0,0.0
cc-bbr_abr-throughput_signals-rtt-loss_netem-high-rtt-loss,tcp_age_mean_ms,5,262.83065310464013,265.7520134245489,27.49081364082277,228.7017717670283,296.95953444225194,5,0,0.0
cc-bbr_abr-throughput_signals-rtt-loss_netem-stable-8mbit,startup_sec,5,0.5390000000029802,0.5329000000059605,0.021378493868933115,0.5124593493710099,0.5655406506349505,5,0,0.0
cc-bbr_abr-throughput_signals-rtt-loss_netem-stable-8mbit,stall_sec,5,0.0,0.0,0.0,0.0,0.0,5,0,0.0
cc-bbr_abr-throughput_signals-rtt-loss_netem-stable-8mbit,stall_count,5,0.0,0.0,0.0,0.0,0.0,5,0,0.0
cc-bbr_abr-throughput_signals-rtt-loss_netem-stable-8mbit,switch_count,5,1.0,1.0,0.0,1.0,1.0,5,0,0.0
cc-bbr_abr-throughput_signals-rtt-loss_netem-stable-8mbit,avg_bitrate_mbps,5,1.4036830771812079,1.4036830771812079,0.0,1.4036830771812079,1.4036830771812079,5,0,0.0
cc-bbr_abr-throughput_signals-rtt-loss_netem-stable-8mbit,time_weighted_bitrate_mbps,5,1.4057440000000003,1.4057440000000003,5.661048867003676e-16,1.4057439999999997,1.405744000000001,5,0,0.0
cc-bbr_abr-throughput_signals-rtt-loss_netem-stable-8mbit,buffer_mean_sec,5,26.73307683206682,26.728973244147156,0.02724635828375345,26.699251433484676,26.766902230648967,5,0,0.0
cc-bbr_abr-throughput_signals-rtt-loss_netem-stable-8mbit,guardrail_count,5,0.0,0.0,0.0,0.0,0.0,5,0,0.0
cc-bbr_abr-throughput_signals-rtt-loss_netem-stable-8mbit,rtt_mean_ms,5,30.707371042002624,30.662502099076406,0.1844122161744729,30.47842974091001,30.93631234309524,5,0,0.0
cc-bbr_abr-throughput_signals-rtt-loss_netem-stable-8mbit,cwnd_mean_packets,5,35.91278392509806,35.9054054054054,0.2005996467997985,35.663746496397486,36.161821353798636,5,0,0.0
cc-bbr_abr-throughput_signals-rtt-loss_netem-stable-8mbit,loss_mean_pct,5,0.0,0.0,0.0,0.0,0.0,5,0,0.0
cc-bbr_abr-throughput_signals-rtt-loss_netem-stable-8mbit,missing_tcp_pct,5,0.30078000681179895,0.33444816053511706,0.1396764102996085,0.12737664032503496,0.47418337329856297,5,0,0.0
cc-bbr_abr-throughput_signals-rtt-loss_netem-stable-8mbit,tcp_age_mean_ms,5,237.1893542743874,248.30184563750637,30.220082861191,199.67218088484356,274.70652766393124,5,0,0.0
cc-bbr_abr-throughput_signals-rtt_netem-constrained-2mbit,startup_sec,5,1.0603999999955296,0.8215,0.45379034256332573,0.4970351990898243,1.6237648009012349,5,0,0.0
cc-bbr_abr-throughput_signals-rtt_netem-constrained-2mbit,stall_sec,5,0.0,0.0,0.0,0.0,0.0,5,0,0.0
cc-bbr_abr-throughput_signals-rtt_netem-constrained-2mbit,stall_count,5,0.0,0.0,0.0,0.0,0.0,5,0,0.0
cc-bbr_abr-throughput_signals-rtt_netem-constrained-2mbit,switch_count,5,21.4,21.0,3.286335345030997,17.32012988442034,25.479870115579658,5,0,0.0
cc-bbr_abr-throughput_signals-rtt_netem-constrained-2mbit,avg_bitrate_mbps,5,1.2479898515845447,1.2596635812395311,0.021561246515637893,1.2212223199487957,1.2747573832202936,5,0,0.0
cc-bbr_abr-throughput_signals-rtt_netem-constrained-2mbit,time_weighted_bitrate_mbps,5,1.248644039115012,1.2617540590509593,0.02173569052025033,1.2216599413633502,1.2756281368666738,5,0,0.0
cc-bbr_abr-throughput_signals-rtt_netem-constrained-2mbit,buffer_mean_sec,5,18.517955836308378,18.625155258764607,0.26051607761996126,18.194534259348256,18.8413774132685,5,0,0.0
cc-bbr_abr-throughput_signals-rtt_netem-constrained-2mbit,guardrail_count,5,0.0,0.0,0.0,0.0,0.0,5,0,0.0
cc-bbr_abr-throughput_signals-rtt_netem-constrained-2mbit,rtt_mean_ms,5,99.05124752208592,98.85056103678929,0.7056946625495204,98.17515233940372,99.92734270476811,5,0,0.0
cc-bbr_abr-throughput_signals-rtt_netem-constrained-2mbit,cwnd_mean_packets,5,28.62444969447453,28.609388097233865,0.24530837193454139,28.319907950957546,28.928991437991517,5,0,0.0
cc-bbr_abr-throughput_signals-rtt_netem-constrained-2mbit,loss_mean_pct,5,0.4971276007436097,0.506915544251563,0.04627233520780483,0.439682118839928,0.5545730826472913,5,0,0.0
cc-bbr_abr-throughput_signals-rtt_netem-constrained-2mbit,missing_tcp_pct,5,0.2003897242338122,0.1669449081803005,0.1828662839135696,-0.026632356155564918,0.42741180462318934,5,0,0.0
cc-bbr_abr-throughput_signals-rtt_netem-constrained-2mbit,tcp_age_mean_ms,5,256.9184479387819,244.43875838926175,30.13039966586083,219.51261309204702,294.3242827855168,5,0,0.0
cc-bbr_abr-throughput_signals-rtt_netem-high-rtt-loss,startup_sec,5,1.4172399999976157,1.3152000000029802,0.19073869036309354,1.180444602999003,1.6540353969962285,5,0,0.0
cc-bbr_abr-throughput_signals-rtt_netem-high-rtt-loss,stall_sec,5,0.0,0.0,0.0,0.0,0.0,5,0,0.0
cc-bbr_abr-throughput_signals-rtt_netem-high-rtt-loss,stall_count,5,0.0,0.0,0.0,0.0,0.0,5,0,0.0
cc-bbr_abr-throughput_signals-rtt_netem-high-rtt-loss,switch_count,5,3.0,3.0,0.0,3.0,3.0,5,0,0.0
cc-bbr_abr-throughput_signals-rtt_netem-high-rtt-loss,avg_bitrate_mbps,5,1.3999747969601923,1.399561231543624,0.0009247603845897764,1.3988267393637988,1.401122854556586,5,0,0.0
cc-bbr_abr-throughput_signals-rtt_netem-high-rtt-loss,time_weighted_bitrate_mbps,5,1.3999658863974622,1.3995626138969453,0.000935475285261388,1.3988045266275373,1.4011272461673872,5,0,0.0
cc-bbr_abr-throughput_signals-rtt_netem-high-rtt-loss,buffer_mean_sec,5,25.312071990074973,25.328410684474125,0.09421659154097545,25.19510539480617,25.429038585343775,5,0,0.0
cc-bbr_abr-throughput_signals-rtt_netem-high-rtt-loss,guardrail_count,5,0.0,0.0,0.0,0.0,0.0,5,0,0.0
cc-bbr_abr-throughput_signals-rtt_netem-high-rtt-loss,rtt_mean_ms,5,152.3909748756504,154.41890801687762,4.001513829063873,147.42323574550923,157.35871400579154,5,0,0.0
cc-bbr_abr-throughput_signals-rtt_netem-high-rtt-loss,cwnd_mean_packets,5,79.31448345647577,79.18902953586498,0.7589517712093544,78.37227144052763,80.25669547242391,5,0,0.0
cc-bbr_abr-throughput_signals-rtt_netem-high-rtt-loss,loss_mean_pct,5,1.5519688320869824,1.6054519759885613,0.14920794792212333,1.3667323958070154,1.7372052683669494,5,0,0.0
cc-bbr_abr-throughput_signals-rtt_netem-high-rtt-loss,missing_tcp_pct,5,0.49994564799717034,0.5008347245409015,0.11746180528133637,0.3541209348211505,0.6457703611731902,5,0,0.0
cc-bbr_abr-throughput_signals-rtt_netem-high-rtt-loss,tcp_age_mean_ms,5,273.05063974534494,267.5467336685701,18.27071390340687,250.36818898525294,295.73309050543696,5,0,0.0
cc-bbr_abr-throughput_signals-rtt_netem-stable-8mbit,startup_sec,5,0.5081599999979138,0.4863999999910593,0.04125473306541215,0.4569436952424405,0.5593763047533872,5,0,0.0
cc-bbr_abr-throughput_signals-rtt_netem-stable-8mbit,stall_sec,5,0.0,0.0,0.0,0.0,0.0,5,0,0.0
cc-bbr_abr-throughput_signals-rtt_netem-stable-8mbit,stall_count,5,0.0,0.0,0.0,0.0,0.0,5,0,0.0
cc-bbr_abr-throughput_signals-rtt_netem-stable-8mbit,switch_count,5,1.0,1.0,0.0,1.0,1.0,5,0,0.0
cc-bbr_abr-throughput_signals-rtt_netem-stable-8mbit,avg_bitrate_mbps,5,1.4036830771812079,1.4036830771812079,0.0,1.4036830771812079,1.4036830771812079,5,0,0.0
cc-bbr_abr-throughput_signals-rtt_netem-stable-8mbit,time_weighted_bitrate_mbps,5,1.4057440000000003,1.4057440000000003,1.2161883888976234e-16,1.405744,1.4057440000000005,5,0,0.0
cc-bbr_abr-throughput_signals-rtt_netem-stable-8mbit,buffer_mean_sec,5,26.72666006610795,26.729901502504173,0.017677690738782868,26.704713832816005,26.748606299399896,5,0,0.0
cc-bbr_abr-throughput_signals-rtt_netem-stable-8mbit,guardrail_count,5,0.0,0.0,0.0,0.0,0.0,5,0,0.0
cc-bbr_abr-throughput_signals-rtt_netem-stable-8mbit,rtt_mean_ms,5,30.787161177768738,30.738822390572388,0.11021435126604685,30.65033392466499,30.923988430872484,5,0,0.0
cc-bbr_abr-throughput_signals-rtt_netem-stable-8mbit,cwnd_mean_packets,5,36.14115866381904,36.19292333614153,0.09229078384100682,36.02658289129307,36.255734436345016,5,0,0.0
cc-bbr_abr-throughput_signals-rtt_netem-stable-8mbit,loss_mean_pct,5,0.0,0.0,0.0,0.0,0.0,5,0,0.0
cc-bbr_abr-throughput_signals-rtt_netem-stable-8mbit,missing_tcp_pct,5,0.2337228714524207,0.1669449081803005,0.27935226261571805,-0.11308316880415559,0.580528911708997,5,0,0.0
cc-bbr_abr-throughput_signals-rtt_netem-stable-8mbit,tcp_age_mean_ms,5,229.2257219251178,232.7520066893295,20.57263181354722,203.68552078227825,254.76592306795735,5,0,0.0
cc-cubic_abr-bola_signals-cwnd-loss_netem-constrained-2mbit,startup_sec,5,1.1047200000062585,0.8657999999970197,0.5407117457572909,0.4334453244033427,1.7759946756091742,5,0,0.0
cc-cubic_abr-bola_signals-cwnd-loss_netem-constrained-2mbit,stall_sec,5,0.0,0.0,0.0,0.0,0.0,5,0,0.0
cc-cubic_abr-bola_signals-cwnd-loss_netem-constrained-2mbit,stall_count,5,0.0,0.0,0.0,0.0,0.0,5,0,0.0
cc-cubic_abr-bola_signals-cwnd-loss_netem-constrained-2mbit,switch_count,5,57.6,75.0,30.426961728046393,19.825993750199075,95.37400624980093,5,0,0.0
cc-cubic_abr-bola_signals-cwnd-loss_netem-constrained-2mbit,avg_bitrate_mbps,5,0.7644462667419873,0.5195471879194631,0.4042654798319233,0.2625648466304986,1.266327686853476,5,0,0.0
cc-cubic_abr-bola_signals-cwnd-loss_netem-constrained-2mbit,time_weighted_bitrate_mbps,5,0.7654562202640076,0.5215803840907974,0.4044277654531592,0.2633733282433086,1.2675391122847066,5,0,0.0
cc-cubic_abr-bola_signals-cwnd-loss_netem-constrained-2mbit,buffer_mean_sec,5,12.412061107253425,9.13047088186356,5.216295661452805,5.936212921106613,18.887909293400238,5,0,0.0
cc-cubic_abr-bola_signals-cwnd-loss_netem-constrained-2mbit,guardrail_count,5,12.8,16.0,8.700574693662482,1.9985415503275696,23.601458449672432,5,0,0.0
cc-cubic_abr-bola_signals-cwnd-loss_netem-constrained-2mbit,rtt_mean_ms,5,167.12639114909655,166.02876013513514,13.019838721566623,150.9627178373927,183.2900644608004,5,0,0.0
cc-cubic_abr-bola_signals-cwnd-loss_netem-constrained-2mbit,cwnd_mean_packets,5,29.507166511099356,28.529661016949152,3.2694103161887154,25.44830822545463,33.56602479674409,5,0,0.0
cc-cubic_abr-bola_signals-cwnd-loss_netem-constrained-2mbit,loss_mean_pct,5,0.7824156746930774,0.8165507892151683,0.07701829785981201,0.6868001580763164,0.8780311913098383,5,0,0.0
cc-cubic_abr-bola_signals-cwnd-loss_netem-constrained-2mbit,missing_tcp_pct,5,1.4686761380604976,1.1705685618729098,0.7427862139845758,0.5465330946603887,2.3908191814606066,5,0,0.0
cc-cubic_abr-bola_signals-cwnd-loss_netem-constrained-2mbit,tcp_age_mean_ms,5,260.12655597272425,263.0725085885357,16.476035949831495,239.67213497257532,280.58097697287315,5,0,0.0
cc-cubic_abr-bola_signals-cwnd-loss_netem-high-rtt-loss,startup_sec,5,1.336400000000745,1.3610999999940396,0.09198026962833901,1.2222097199835118,1.4505902800179782,5,0,0.0
cc-cubic_abr-bola_signals-cwnd-loss_netem-high-rtt-loss,stall_sec,5,0.0,0.0,0.0,0.0,0.0,5,0,0.0
cc-cubic_abr-bola_signals-cwnd-loss_netem-high-rtt-loss,stall_count,5,0.0,0.0,0.0,0.0,0.0,5,0,0.0
cc-cubic_abr-bola_signals-cwnd-loss_netem-high-rtt-loss,switch_count,5,5.2,6.0,4.604345773288535,-0.5161338542759806,10.91613385427598,5,0,0.0
cc-cubic_abr-bola_signals-cwnd-loss_netem-high-rtt-loss,avg_bitrate_mbps,5,0.184853322147651,0.18361676845637584,0.007373381630718832,0.17569952735570468,0.1940071169395973,5,0,0.0
cc-cubic_abr-bola_signals-cwnd-loss_netem-high-rtt-loss,time_weighted_bitrate_mbps,5,0.1847581352777514,0.18360396069366264,0.007440144810075042,0.17552145633927746,0.19399481421622533,5,0,0.0
cc-cubic_abr-bola_signals-cwnd-loss_netem-high-rtt-loss,buffer_mean_sec,5,13.899244816360602,13.934287145242072,0.17978606718226736,13.67604671705415,14.122442915667053,5,0,0.0
cc-cubic_abr-bola_signals-cwnd-loss_netem-high-rtt-loss,guardrail_count,5,1.4,2.0,0.8944271909999159,0.2896000000000001,2.5103999999999997,5,0,0.0
cc-cubic_abr-bola_signals-cwnd-loss_netem-high-rtt-loss,rtt_mean_ms,5,138.46510118294606,138.52351266891893,1.1134592971243995,137.08278050221548,139.84742186367663,5,0,0.0
cc-cubic_abr-bola_signals-cwnd-loss_netem-high-rtt-loss,cwnd_mean_packets,5,16.023752422910093,16.09451476793249,1.5793939906645802,14.062990155303545,17.98451469051664,5,0,0.0
cc-cubic_abr-bola_signals-cwnd-loss_netem-high-rtt-loss,loss_mean_pct,5,0.8642404162444974,0.7908234878181803,0.18166234988336755,0.6387129777450229,1.089767854743972,5,0,0.0
cc-cubic_abr-bola_signals-cwnd-loss_netem-high-rtt-loss,missing_tcp_pct,5,0.567056204785754,0.5008347245409015,0.2786041043124283,0.22117897683311066,0.9129334327383973,5,0,0.0
cc-cubic_abr-bola_signals-cwnd-loss_netem-high-rtt-loss,tcp_age_mean_ms,5,255.935276122491,254.3740368515902,14.507218969279837,237.92507237915484,273.94547986582717,5,0,0.0
cc-cubic_abr-bola_signals-cwnd-loss_netem-stable-8mbit,startup_sec,5,0.479740000000596,0.498,0.04423028374487418,0.42482965339608086,0.5346503466051112,5,0,0.0
cc-cubic_abr-bola_signals-cwnd-loss_netem-stable-8mbit,stall_sec,5,0.0,0.0,0.0,0.0,0.0,5,0,0.0
cc-cubic_abr-bola_signals-cwnd-loss_netem-stable-8mbit,stall_count,5,0.0,0.0,0.0,0.0,0.0,5,0,0.0
cc-cubic_abr-bola_signals-cwnd-loss_netem-stable-8mbit,switch_count,5,1.0,1.0,0.0,1.0,1.0,5,0,0.0
cc-cubic_abr-bola_signals-cwnd-loss_netem-stable-8mbit,avg_bitrate_mbps,5,1.4036830771812079,1.4036830771812079,0.0,1.4036830771812079,1.4036830771812079,5,0,0.0
cc-cubic_abr-bola_signals-cwnd-loss_netem-stable-8mbit,time_weighted_bitrate_mbps,5,1.4057440000000003,1.4057440000000003,3.7155169009665004e-16,1.4057439999999999,1.4057440000000008,5,0,0.0
cc-cubic_abr-bola_signals-cwnd-loss_netem-stable-8mbit,buffer_mean_sec,5,26.673906289188782,26.659617696160268,0.030162725865276074,26.636460322498795,26.71135225587877,5,0,0.0
cc-cubic_abr-bola_signals-cwnd-loss_netem-stable-8mbit,guardrail_count,5,0.0,0.0,0.0,0.0,0.0,5,0,0.0
cc-cubic_abr-bola_signals-cwnd-loss_netem-stable-8mbit,rtt_mean_ms,5,202.065996336417,203.39954957983193,5.9535114665869315,194.67492057416553,209.45707209866845,5,0,0.0
cc-cubic_abr-bola_signals-cwnd-loss_netem-stable-8mbit,cwnd_mean_packets,5,243.4336927262787,247.48281642917016,9.02042687891724,232.23514900227576,254.63223645028165,5,0,0.0
cc-cubic_abr-bola_signals-cwnd-loss_netem-stable-8mbit,loss_mean_pct,5,0.0,0.0,0.0,0.0,0.0,5,0,0.0
cc-cubic_abr-bola_signals-cwnd-loss_netem-stable-8mbit,missing_tcp_pct,5,0.9016700074259776,0.333889816360601,1.467729511998284,-0.9204647247492741,2.7238047396012295,5,0,0.0
cc-cubic_abr-bola_signals-cwnd-loss_netem-stable-8mbit,tcp_age_mean_ms,5,256.93488195428904,245.09256055373635,31.86912452917409,217.37048114751815,296.49928276105993,5,0,0.0
cc-cubic_abr-bola_signals-cwnd_netem-constrained-2mbit,startup_sec,5,0.8346199999973178,0.8299000000059604,0.06345626052400337,0.7558412772629595,0.9133987227316762,5,0,0.0
cc-cubic_abr-bola_signals-cwnd_netem-constrained-2mbit,stall_sec,5,0.0,0.0,0.0,0.0,0.0,5,0,0.0
cc-cubic_abr-bola_signals-cwnd_netem-constrained-2mbit,stall_count,5,0.0,0.0,0.0,0.0,0.0,5,0,0.0
cc-cubic_abr-bola_signals-cwnd_netem-constrained-2mbit,switch_count,5,25.8,23.0,18.471599822430107,2.868156414278424,48.73184358572158,5,0,0.0
cc-cubic_abr-bola_signals-cwnd_netem-constrained-2mbit,avg_bitrate_mbps,5,1.0566775277562308,1.2223218691275168,0.39906817920058313,0.5612483741669487,1.5521066813455129,5,0,0.0
cc-cubic_abr-bola_signals-cwnd_netem-constrained-2mbit,time_weighted_bitrate_mbps,5,1.057364725806472,1.2230172813186149,0.39892789263843215,0.5621097330658089,1.552619718547135,5,0,0.0
cc-cubic_abr-bola_signals-cwnd_netem-constrained-2mbit,buffer_mean_sec,5,16.2727244309077,17.916227045075125,4.179486535424392,11.084038425345868,21.461410436469535,5,0,0.0
cc-cubic_abr-bola_signals-cwnd_netem-constrained-2mbit,guardrail_count,5,6.0,2.0,8.093207028119323,-4.047432786538062,16.04743278653806,5,0,0.0
cc-cubic_abr-bola_signals-cwnd_netem-constrained-2mbit,rtt_mean_ms,5,177.60071021814943,170.30565016778522,32.77821792191568,136.90770183609703,218.29371860020183,5,0,0.0
cc-cubic_abr-bola_signals-cwnd_netem-constrained-2mbit,cwnd_mean_packets,5,30.427793959611567,28.113255033557046,6.246352972521405,22.67316573444123,38.182422184781906,5,0,0.0
cc-cubic_abr-bola_signals-cwnd_netem-constrained-2mbit,loss_mean_pct,5,0.7853247863083543,0.7428497422669372,0.1913979872189723,0.5477108953773855,1.0229386772393232,5,0,0.0
cc-cubic_abr-bola_signals-cwnd_netem-constrained-2mbit,missing_tcp_pct,5,0.16711241143265532,0.16722408026755853,0.16708462249844,-0.04031728959740338,0.374542112462714,5,0,0.0
cc-cubic_abr-bola_signals-cwnd_netem-constrained-2mbit,tcp_age_mean_ms,5,266.76188218577755,273.42516778496986,22.845497232066446,238.39999830998988,295.1237660615652,5,0,0.0
cc-cubic_abr-bola_signals-cwnd_netem-high-rtt-loss,startup_sec,5,1.300919999998063,1.259300000011921,0.12366861768403473,1.1473897468280594,1.4544502531680665,5,0,0.0
cc-cubic_abr-bola_signals-cwnd_netem-high-rtt-loss,stall_sec,5,0.0,0.0,0.0,0.0,0.0,5,0,0.0
cc-cubic_abr-bola_signals-cwnd_netem-high-rtt-loss,stall_count,5,0.0,0.0,0.0,0.0,0.0,5,0,0.0
cc-cubic_abr-bola_signals-cwnd_netem-high-rtt-loss,switch_count,5,5.6,6.0,4.774934554525329,-0.32791384552778347,11.527913845527783,5,0,0.0
cc-cubic_abr-bola_signals-cwnd_netem-high-rtt-loss,avg_bitrate_mbps,5,0.19557012080536912,0.18361676845637584,0.02138797065086746,0.16901770508087283,0.2221225365298654,5,0,0.0
cc-cubic_abr-bola_signals-cwnd_netem-high-rtt-loss,time_weighted_bitrate_mbps,5,0.19574632143599754,0.18383246564826675,0.02143108826482003,0.1691403767054349,0.22235226616656018,5,0,0.0
cc-cubic_abr-bola_signals-cwnd_netem-high-rtt-loss,buffer_mean_sec,5,13.817820446332888,13.926931666666666,0.25149969926999627,13.505592386990012,14.130048505675765,5,0,0.0
cc-cubic_abr-bola_signals-cwnd_netem-high-rtt-loss,guardrail_count,5,2.0,2.0,1.224744871391589,0.4795221803656591,3.520477819634341,5,0,0.0
cc-cubic_abr-bola_signals-cwnd_netem-high-rtt-loss,rtt_mean_ms,5,138.65406539620201,138.8688629661752,1.6449716679269264,136.61189074135498,140.69624005104905,5,0,0.0
cc-cubic_abr-bola_signals-cwnd_netem-high-rtt-loss,cwnd_mean_packets,5,16.656100179010945,16.773949579831932,2.104949569353463,14.042879085858484,19.269321272163406,5,0,0.0
cc-cubic_abr-bola_signals-cwnd_netem-high-rtt-loss,loss_mean_pct,5,1.0763460431140994,1.0091946097918965,0.3690322058835305,0.6182054973699901,1.5344865888582087,5,0,0.0
cc-cubic_abr-bola_signals-cwnd_netem-high-rtt-loss,missing_tcp_pct,5,1.1356178915807282,0.8333333333333334,0.8808635862731669,0.04205663132403248,2.2291791518374238,5,0,0.0
cc-cubic_abr-bola_signals-cwnd_netem-high-rtt-loss,tcp_age_mean_ms,5,271.8448390156747,268.06739495892487,29.917409079572643,234.70342451460263,308.98625351674684,5,0,0.0
cc-cubic_abr-bola_signals-cwnd_netem-stable-8mbit,startup_sec,5,0.47313999999985096,0.48920000000298025,0.05329740143975557,0.4069731446602416,0.5393068553394603,5,0,0.0
cc-cubic_abr-bola_signals-cwnd_netem-stable-8mbit,stall_sec,5,0.0,0.0,0.0,0.0,0.0,5,0,0.0
cc-cubic_abr-bola_signals-cwnd_netem-stable-8mbit,stall_count,5,0.0,0.0,0.0,0.0,0.0,5,0,0.0
cc-cubic_abr-bola_signals-cwnd_netem-stable-8mbit,switch_count,5,1.0,1.0,0.0,1.0,1.0,5,0,0.0
cc-cubic_abr-bola_signals-cwnd_netem-stable-8mbit,avg_bitrate_mbps,5,1.4036830771812079,1.4036830771812079,0.0,1.4036830771812079,1.4036830771812079,5,0,0.0
cc-cubic_abr-bola_signals-cwnd_netem-stable-8mbit,time_weighted_bitrate_mbps,5,1.4057440000000005,1.4057440000000008,8.685322334937216e-16,1.4057439999999994,1.4057440000000017,5,0,0.0
cc-cubic_abr-bola_signals-cwnd_netem-stable-8mbit,buffer_mean_sec,5,26.7177754780822,26.734754180602007,0.04686287779115056,26.65959685826506,26.775954097899337,5,0,0.0
cc-cubic_abr-bola_signals-cwnd_netem-stable-8mbit,guardrail_count,5,0.0,0.0,0.0,0.0,0.0,5,0,0.0
cc-cubic_abr-bola_signals-cwnd_netem-stable-8mbit,rtt_mean_ms,5,199.68905597699293,199.88554560810812,2.6555444136310618,196.39229068791508,202.9858212660708,5,0,0.0
cc-cubic_abr-bola_signals-cwnd_netem-stable-8mbit,cwnd_mean_packets,5,242.64693670004334,242.55555555555554,2.6697557775554293,239.33252850088806,245.96134489919862,5,0,0.0
cc-cubic_abr-bola_signals-cwnd_netem-stable-8mbit,loss_mean_pct,5,0.0,0.0,0.0,0.0,0.0,5,0,0.0
cc-cubic_abr-bola_signals-cwnd_netem-stable-8mbit,missing_tcp_pct,5,0.30072417239434734,0.333889816360601,0.13957618850643547,0.12744522775014266,0.474003117038552,5,0,0.0
cc-cubic_abr-bola_signals-cwnd_netem-stable-8mbit,tcp_age_mean_ms,5,239.60473491668975,234.9408710217431,23.164647088126628,210.84663768364373,268.36283214973577,5,0,0.0
cc-cubic_abr-bola_signals-loss_netem-constrained-2mbit,startup_sec,5,1.1160599999949337,0.8947999999970198,0.503631544871223,0.4908190938013086,1.7413009061885587,5,0,0.0
cc-cubic_abr-bola_signals-loss_netem-constrained-2mbit,stall_sec,5,0.0,0.0,0.0,0.0,0.0,5,0,0.0
cc-cubic_abr-bola_signals-loss_netem-constrained-2mbit,stall_count,5,0.0,0.0,0.0,0.0,0.0,5,0,0.0
cc-cubic_abr-bola_signals-loss_netem-constrained-2mbit,switch_count,5,32.0,33.0,5.0990195135927845,25.669746039849585,38.330253960150415,5,0,0.0
cc-cubic_abr-bola_signals-loss_netem-constrained-2mbit,avg_bitrate_mbps,5,1.18532951277641,1.2432038157453937,0.09995938761101923,1.061233437522716,1.3094255880301042,5,0,0.0
cc-cubic_abr-bola_signals-loss_netem-constrained-2mbit,time_weighted_bitrate_mbps,5,1.185672124673214,1.242880326792644,0.10058171857869025,1.0608034473413908,1.3105408020050373,5,0,0.0
cc-cubic_abr-bola_signals-loss_netem-constrained-2mbit,buffer_mean_sec,5,17.365172817762044,18.386589999999998,1.7990073646201796,15.131768245791205,19.598577389732885,5,0,0.0
cc-cubic_abr-bola_signals-loss_netem-constrained-2mbit,guardrail_count,5,0.2,0.0,0.4472135954999579,-0.3551999999999999,0.7551999999999999,5,0,0.0
cc-cubic_abr-bola_signals-loss_netem-constrained-2mbit,rtt_mean_ms,5,183.6150269955079,170.92630394626366,28.189635782431612,148.61858246901875,218.61147152199703,5,0,0.0
cc-cubic_abr-bola_signals-loss_netem-constrained-2mbit,cwnd_mean_packets,5,31.512995185204552,28.14273719563392,6.318496956694502,23.668802732971475,39.35718763743763,5,0,0.0
cc-cubic_abr-bola_signals-loss_netem-constrained-2mbit,loss_mean_pct,5,0.7559977131231902,0.7795882817893871,0.2107244161252311,0.4943907382682871,1.0176046879780933,5,0,0.0
cc-cubic_abr-bola_signals-loss_netem-constrained-2mbit,missing_tcp_pct,5,0.300724544623797,0.1669449081803005,0.4163849191404513,-0.216202734495114,0.817651823742708,5,0,0.0
cc-cubic_abr-bola_signals-loss_netem-constrained-2mbit,tcp_age_mean_ms,5,261.60189058859874,264.5226666669361,22.141245379869513,234.11431069702385,289.08947048017365,5,0,0.0
cc-cubic_abr-bola_signals-loss_netem-high-rtt-loss,startup_sec,5,1.2836799999978392,1.296300000011921,0.06919304155446016,1.1977792647393561,1.3695807352563223,5,0,0.0
cc-cubic_abr-bola_signals-loss_netem-high-rtt-loss,stall_sec,5,0.0,0.0,0.0,0.0,0.0,5,0,0.0
cc-cubic_abr-bola_signals-loss_netem-high-rtt-loss,stall_count,5,0.0,0.0,0.0,0.0,0.0,5,0,0.0
cc-cubic_abr-bola_signals-loss_netem-high-rtt-loss,switch_count,5,4.8,4.0,5.215361924162119,-1.6746889840362211,11.27468898403622,5,0,0.0
cc-cubic_abr-bola_signals-loss_netem-high-rtt-loss,avg_bitrate_mbps,5,0.1926848288590604,0.1815558456375839,0.024454740305193224,0.16232512612626512,0.2230445315918557,5,0,0.0
cc-cubic_abr-bola_signals-loss_netem-high-rtt-loss,time_weighted_bitrate_mbps,5,0.1927213007817268,0.18170604274679408,0.02445215290636143,0.16236481021386986,0.22307779134958375,5,0,0.0
cc-cubic_abr-bola_signals-loss_netem-high-rtt-loss,buffer_mean_sec,5,13.764770102392877,13.738048333333333,0.246098859704306,13.459246996023353,14.0702932087624,5,0,0.0
cc-cubic_abr-bola_signals-loss_netem-high-rtt-loss,guardrail_count,5,0.2,0.0,0.4472135954999579,-0.3551999999999999,0.7551999999999999,5,0,0.0
cc-cubic_abr-bola_signals-loss_netem-high-rtt-loss,rtt_mean_ms,5,138.51436361273795,138.54402186711522,0.7347358862310961,137.6022147690082,139.4265124564677,5,0,0.0
cc-cubic_abr-bola_signals-loss_netem-high-rtt-loss,cwnd_mean_packets,5,16.50545658826825,16.17671691792295,1.4263154252555155,14.734735992852144,18.276177183684354,5,0,0.0
cc-cubic_abr-bola_signals-loss_netem-high-rtt-loss,loss_mean_pct,5,1.0447113349924926,1.0151331230068532,0.17560247956100122,0.826707013045896,1.2627156569390892,5,0,0.0
cc-cubic_abr-bola_signals-loss_netem-high-rtt-loss,missing_tcp_pct,5,0.3004451864218141,0.16666666666666666,0.3421624260903407,-0.12433746973376114,0.7252278425773894,5,0,0.0
cc-cubic_abr-bola_signals-loss_netem-high-rtt-loss,tcp_age_mean_ms,5,273.1732185629554,272.25726210360784,39.51224334287551,224.12015370825213,322.2262834176587,5,0,0.0
cc-cubic_abr-bola_signals-loss_netem-stable-8mbit,startup_sec,5,0.48906000000238414,0.4828000000119209,0.018514669858322817,0.4660746864770895,0.5120453135276788,5,0,0.0
cc-cubic_abr-bola_signals-loss_netem-stable-8mbit,stall_sec,5,0.0,0.0,0.0,0.0,0.0,5,0,0.0
cc-cubic_abr-bola_signals-loss_netem-stable-8mbit,stall_count,5,0.0,0.0,0.0,0.0,0.0,5,0,0.0
cc-cubic_abr-bola_signals-loss_netem-stable-8mbit,switch_count,5,1.0,1.0,0.0,1.0,1.0,5,0,0.0
cc-cubic_abr-bola_signals-loss_netem-stable-8mbit,avg_bitrate_mbps,5,1.4036830771812079,1.4036830771812079,0.0,1.4036830771812079,1.4036830771812079,5,0,0.0
cc-cubic_abr-bola_signals-loss_netem-stable-8mbit,time_weighted_bitrate_mbps,5,1.405744,1.405744,3.3674731643402955e-16,1.4057439999999997,1.4057440000000005,5,0,0.0
cc-cubic_abr-bola_signals-loss_netem-stable-8mbit,buffer_mean_sec,5,26.69831337792642,26.697142140468227,0.0190405948882807,26.674675146914783,26.72195160893806,5,0,0.0
cc-cubic_abr-bola_signals-loss_netem-stable-8mbit,guardrail_count,5,0.0,0.0,0.0,0.0,0.0,5,0,0.0
cc-cubic_abr-bola_signals-loss_netem-stable-8mbit,rtt_mean_ms,5,202.30993679487793,204.44381112984823,6.954266992352985,193.67645813276792,210.94341545698794,5,0,0.0
cc-cubic_abr-bola_signals-loss_netem-stable-8mbit,cwnd_mean_packets,5,245.7391328982869,250.03204047217537,11.25804022885859,231.7626706485768,259.715595147997,5,0,0.0
cc-cubic_abr-bola_signals-loss_netem-stable-8mbit,loss_mean_pct,5,0.0,0.0,0.0,0.0,0.0,5,0,0.0
cc-cubic_abr-bola_signals-loss_netem-stable-8mbit,missing_tcp_pct,5,0.7357859531772575,0.33444816053511706,1.0875995011042876,-0.6144306974101399,2.086002603764655,5,0,0.0
cc-cubic_abr-bola_signals-loss_netem-stable-8mbit,tcp_age_mean_ms,5,263.53257836937354,254.4274914105426,30.37595924336408,225.8218899162151,301.24326682253195,5,0,0.0
cc-cubic_abr-bola_signals-none_netem-constrained-2mbit,startup_sec,5,0.8408199999943375,0.8388999999910594,0.083093603844742,0.7376622039907832,0.9439777959978919,5,0,0.0
cc-cubic_abr-bola_signals-none_netem-constrained-2mbit,stall_sec,5,0.0,0.0,0.0,0.0,0.0,5,0,0.0
cc-cubic_abr-bola_signals-none_netem-constrained-2mbit,stall_count,5,0.0,0.0,0.0,0.0,0.0,5,0,0.0
cc-cubic_abr-bola_signals-none_netem-constrained-2mbit,switch_count,5,19.0,23.0,10.862780491200215,5.514238857224264,32.485761142775736,5,0,0.0
cc-cubic_abr-bola_signals-none_netem-constrained-2mbit,avg_bitrate_mbps,5,1.240614716726811,1.2346874060402684,0.024407350620784043,1.2103138466257797,1.2709155868278421,5,0,0.0
cc-cubic_abr-bola_signals-none_netem-constrained-2mbit,time_weighted_bitrate_mbps,5,1.2421629793624274,1.2350329295092954,0.025239607020758614,1.210828892118815,1.2734970666060397,5,0,0.0
cc-cubic_abr-bola_signals-none_netem-constrained-2mbit,buffer_mean_sec,5,19.073715416441004,18.923818030050082,0.5519515406455486,18.388486929539074,19.758943903342935,5,0,0.0
cc-cubic_abr-bola_signals-none_netem-constrained-2mbit,guardrail_count,5,0.0,0.0,0.0,0.0,0.0,5,0,0.0
cc-cubic_abr-bola_signals-none_netem-constrained-2mbit,rtt_mean_ms,5,181.6678336089072,172.0277819103973,28.371420019462388,146.4457103252983,216.88995689251607,5,0,0.0
cc-cubic_abr-bola_signals-none_netem-constrained-2mbit,cwnd_mean_packets,5,31.204931994478752,29.238377007607777,6.3362261775328514,23.338729336141704,39.0711346528158,5,0,0.0
cc-cubic_abr-bola_signals-none_netem-constrained-2mbit,loss_mean_pct,5,0.8646759719662348,0.9530367652388488,0.14964246588552074,0.6789000968684284,1.0504518470640412,5,0,0.0
cc-cubic_abr-bola_signals-none_netem-constrained-2mbit,missing_tcp_pct,5,0.601113338283985,0.5008347245409015,0.2530373048009759,0.286976395581144,0.9152502809868261,5,0,0.0
cc-cubic_abr-bola_signals-none_netem-constrained-2mbit,tcp_age_mean_ms,5,271.5218035392933,265.39999999976,20.97562525202429,245.48130017108792,297.5623069074986,5,0,0.0
cc-cubic_abr-bola_signals-none_netem-high-rtt-loss,startup_sec,5,1.3313400000058115,1.3492000000029802,0.14246014531210371,1.1544807240957002,1.5081992759159228,5,0,0.0
cc-cubic_abr-bola_signals-none_netem-high-rtt-loss,stall_sec,5,0.0,0.0,0.0,0.0,0.0,5,0,0.0
cc-cubic_abr-bola_signals-none_netem-high-rtt-loss,stall_count,5,0.0,0.0,0.0,0.0,0.0,5,0,0.0
cc-cubic_abr-bola_signals-none_netem-high-rtt-loss,switch_count,5,0.8,0.0,1.0954451150103321,-0.5599567051932202,2.1599567051932205,5,0,0.0
cc-cubic_abr-bola_signals-none_netem-high-rtt-loss,avg_bitrate_mbps,5,0.1823802147651007,0.177434,0.011060072446078253,0.16864952257718124,0.19611090695302014,5,0,0.0
cc-cubic_abr-bola_signals-none_netem-high-rtt-loss,time_weighted_bitrate_mbps,5,0.1824472729703034,0.17743400000000004,0.011210019151360636,0.1685304272047412,0.19636411873586557,5,0,0.0
cc-cubic_abr-bola_signals-none_netem-high-rtt-loss,buffer_mean_sec,5,13.906362922518303,13.901851666666667,0.07914582783108617,13.80810615203105,14.004619693005557,5,0,0.0
cc-cubic_abr-bola_signals-none_netem-high-rtt-loss,guardrail_count,5,0.0,0.0,0.0,0.0,0.0,5,0,0.0
cc-cubic_abr-bola_signals-none_netem-high-rtt-loss,rtt_mean_ms,5,138.0180724939187,138.2180495382032,0.9564000576109742,136.83073535272112,139.2054096351163,5,0,0.0
cc-cubic_abr-bola_signals-none_netem-high-rtt-loss,cwnd_mean_packets,5,15.852315268777897,15.834592779177163,1.7168459812471568,13.720911173777589,17.983719363778203,5,0,0.0
cc-cubic_abr-bola_signals-none_netem-high-rtt-loss,loss_mean_pct,5,0.9052913390883867,0.9689644360338648,0.2536740457435091,0.5903639048288227,1.2202187733479506,5,0,0.0
cc-cubic_abr-bola_signals-none_netem-high-rtt-loss,missing_tcp_pct,5,0.8997801845745867,0.33277870216306155,1.0175553739214624,-0.36347913778483165,2.1630395069340054,5,0,0.0
cc-cubic_abr-bola_signals-none_netem-high-rtt-loss,tcp_age_mean_ms,5,270.68946024302693,281.8544999999056,42.642394172931006,217.75042287243,323.62849761362384,5,0,0.0
cc-cubic_abr-bola_signals-none_netem-stable-8mbit,startup_sec,5,0.49987999999970195,0.49,0.040696277471486186,0.4493569982852533,0.5504030017141506,5,0,0.0
cc-cubic_abr-bola_signals-none_netem-stable-8mbit,stall_sec,5,0.0,0.0,0.0,0.0,0.0,5,0,0.0
cc-cubic_abr-bola_signals-none_netem-stable-8mbit,stall_count,5,0.0,0.0,0.0,0.0,0.0,5,0,0.0
cc-cubic_abr-bola_signals-none_netem-stable-8mbit,switch_count,5,1.0,1.0,0.0,1.0,1.0,5,0,0.0
cc-cubic_abr-bola_signals-none_netem-stable-8mbit,avg_bitrate_mbps,5,1.4036830771812079,1.4036830771812079,0.0,1.4036830771812079,1.4036830771812079,5,0,0.0
cc-cubic_abr-bola_signals-none_netem-stable-8mbit,time_weighted_bitrate_mbps,5,1.4057439999999999,1.4057439999999997,5.790214889958144e-16,1.4057439999999992,1.4057440000000005,5,0,0.0
cc-cubic_abr-bola_signals-none_netem-stable-8mbit,buffer_mean_sec,5,26.697042199094366,26.686180602006687,0.027046918701158402,26.66346439776188,26.73062000042685,5,0,0.0
cc-cubic_abr-bola_signals-none_netem-stable-8mbit,guardrail_count,5,0.0,0.0,0.0,0.0,0.0,5,0,0.0
cc-cubic_abr-bola_signals-none_netem-stable-8mbit,rtt_mean_ms,5,200.93800057296343,202.3365752961083,2.198413836775676,198.20874686855996,203.6672542773669,5,0,0.0
cc-cubic_abr-bola_signals-none_netem-stable-8mbit,cwnd_mean_packets,5,244.70994667165579,245.080372250423,2.487248129418127,241.622115319147,247.79777802416456,5,0,0.0
cc-cubic_abr-bola_signals-none_netem-stable-8mbit,loss_mean_pct,5,0.0,0.0,0.0,0.0,0.0,5,0,0.0
cc-cubic_abr-bola_signals-none_netem-stable-8mbit,missing_tcp_pct,5,0.23400204353967874,0.1669449081803005,0.3467901917457445,-0.19652582143274344,0.6645299085121009,5,0,0.0
cc-cubic_abr-bola_signals-none_netem-stable-8mbit,tcp_age_mean_ms,5,248.38530218108815,245.8698996647345,14.795158916095518,230.01763108863585,266.7529732735404,5,0,0.0
cc-cubic_abr-bola_signals-rtt-cwnd-loss_netem-constrained-2mbit,startup_sec,5,0.7971400000013411,0.8212000000178814,0.05589340748745271,0.7277502941666117,0.8665297058360705,5,0,0.0
cc-cubic_abr-bola_signals-rtt-cwnd-loss_netem-constrained-2mbit,stall_sec,5,0.0,0.0,0.0,0.0,0.0,5,0,0.0
cc-cubic_abr-bola_signals-rtt-cwnd-loss_netem-constrained-2mbit,stall_count,5,0.0,0.0,0.0,0.0,0.0,5,0,0.0
cc-cubic_abr-bola_signals-rtt-cwnd-loss_netem-constrained-2mbit,switch_count,5,53.2,48.0,12.93058390019569,37.14713341985302,69.25286658014699,5,0,0.0
cc-cubic_abr-bola_signals-rtt-cwnd-loss_netem-constrained-2mbit,avg_bitrate_mbps,5,0.25608806647892707,0.25973282747068677,0.013804792473260939,0.23894990060410362,0.2732262323537505,5,0,0.0
cc-cubic_abr-bola_signals-rtt-cwnd-loss_netem-constrained-2mbit,time_weighted_bitrate_mbps,5,0.2573134090298556,0.2602186594212192,0.013234769867269515,0.24088290623600947,0.2737439118237017,5,0,0.0
cc-cubic_abr-bola_signals-rtt-cwnd-loss_netem-constrained-2mbit,buffer_mean_sec,5,9.125597200462309,9.1688745819398,0.144225136647806,8.946546749687563,9.304647651237055,5,0,0.0
cc-cubic_abr-bola_signals-rtt-cwnd-loss_netem-constrained-2mbit,guardrail_count,5,39.2,39.0,1.3038404810405297,37.58132775399095,40.81867224600906,5,0,0.0
cc-cubic_abr-bola_signals-rtt-cwnd-loss_netem-constrained-2mbit,rtt_mean_ms,5,141.73755307017575,136.81,14.367245726635824,123.90112120027533,159.57398494007617,5,0,0.0
cc-cubic_abr-bola_signals-rtt-cwnd-loss_netem-constrained-2mbit,cwnd_mean_packets,5,24.90567366853001,23.467391304347824,4.040248200005917,19.889847174848434,29.921500162211586,5,0,0.0
cc-cubic_abr-bola_signals-rtt-cwnd-loss_netem-constrained-2mbit,loss_mean_pct,5,0.6974833069983385,0.7336470611171979,0.07703523161376614,0.6018467677197221,0.7931198462769549,5,0,0.0
cc-cubic_abr-bola_signals-rtt-cwnd-loss_netem-constrained-2mbit,missing_tcp_pct,5,0.0,0.0,0.0,0.0,0.0,5,0,0.0
cc-cubic_abr-bola_signals-rtt-cwnd-loss_netem-constrained-2mbit,tcp_age_mean_ms,5,283.30136766471344,279.0558528425702,12.553324224718786,267.7168557453648,298.8858795840621,5,0,0.0
cc-cubic_abr-bola_signals-rtt-cwnd-loss_netem-high-rtt-loss,startup_sec,5,1.3374600000027568,1.263800000011921,0.12067364252189951,1.187647903496033,1.4872720965094806,5,0,0.0
cc-cubic_abr-bola_signals-rtt-cwnd-loss_netem-high-rtt-loss,stall_sec,5,0.0,0.0,0.0,0.0,0.0,5,0,0.0
cc-cubic_abr-bola_signals-rtt-cwnd-loss_netem-high-rtt-loss,stall_count,5,0.0,0.0,0.0,0.0,0.0,5,0,0.0
cc-cubic_abr-bola_signals-rtt-cwnd-loss_netem-high-rtt-loss,switch_count,5,2.4,2.0,2.6076809620810595,-0.8373444920181106,5.63734449201811,5,0,0.0
cc-cubic_abr-bola_signals-rtt-cwnd-loss_netem-high-rtt-loss,avg_bitrate_mbps,5,0.18031929194630872,0.17949492281879192,0.004273620516561402,0.17501374190339838,0.18562484198921905,5,0,0.0
cc-cubic_abr-bola_signals-rtt-cwnd-loss_netem-high-rtt-loss,time_weighted_bitrate_mbps,5,0.18034001094490332,0.17949496534790263,0.004289105921116934,0.1750152363151384,0.18566478557466823,5,0,0.0
cc-cubic_abr-bola_signals-rtt-cwnd-loss_netem-high-rtt-loss,buffer_mean_sec,5,13.800509448170354,13.752893687707642,0.3142190159376265,13.410417556054371,14.190601340286337,5,0,0.0
cc-cubic_abr-bola_signals-rtt-cwnd-loss_netem-high-rtt-loss,guardrail_count,5,1.6,2.0,1.140175425099138,0.18451218302664296,3.015487816973357,5,0,0.0
cc-cubic_abr-bola_signals-rtt-cwnd-loss_netem-high-rtt-loss,rtt_mean_ms,5,138.39942118831777,138.16422033898306,1.3830466336638947,136.68241728070677,140.11642509592878,5,0,0.0
cc-cubic_abr-bola_signals-rtt-cwnd-loss_netem-high-rtt-loss,cwnd_mean_packets,5,16.640013295273356,16.922881355932205,1.7113020605027247,14.515491783513541,18.76453480703317,5,0,0.0
cc-cubic_abr-bola_signals-rtt-cwnd-loss_netem-high-rtt-loss,loss_mean_pct,5,0.9239514013397447,0.9230799977380281,0.24195223852799447,0.6235761797846676,1.224326622894822,5,0,0.0
cc-cubic_abr-bola_signals-rtt-cwnd-loss_netem-high-rtt-loss,missing_tcp_pct,5,0.46705675942000047,0.333889816360601,0.27434365054941123,0.12646873544735399,0.807644783392647,5,0,0.0
cc-cubic_abr-bola_signals-rtt-cwnd-loss_netem-high-rtt-loss,tcp_age_mean_ms,5,293.11523154721186,309.7494137370257,34.64247407991498,250.10781450375885,336.1226485906649,5,0,0.0
cc-cubic_abr-bola_signals-rtt-cwnd-loss_netem-stable-8mbit,startup_sec,5,0.4943200000025332,0.4846000000089407,0.0633066110248703,0.4157270618748029,0.5729129381302634,5,0,0.0
cc-cubic_abr-bola_signals-rtt-cwnd-loss_netem-stable-8mbit,stall_sec,5,0.0,0.0,0.0,0.0,0.0,5,0,0.0
cc-cubic_abr-bola_signals-rtt-cwnd-loss_netem-stable-8mbit,stall_count,5,0.0,0.0,0.0,0.0,0.0,5,0,0.0
cc-cubic_abr-bola_signals-rtt-cwnd-loss_netem-stable-8mbit,switch_count,5,1.0,1.0,0.0,1.0,1.0,5,0,0.0
cc-cubic_abr-bola_signals-rtt-cwnd-loss_netem-stable-8mbit,avg_bitrate_mbps,5,1.4036830771812079,1.4036830771812079,0.0,1.4036830771812079,1.4036830771812079,5,0,0.0
cc-cubic_abr-bola_signals-rtt-cwnd-loss_netem-stable-8mbit,time_weighted_bitrate_mbps,5,1.405744,1.4057440000000003,4.271113254555058e-16,1.4057439999999997,1.4057440000000005,5,0,0.0
cc-cubic_abr-bola_signals-rtt-cwnd-loss_netem-stable-8mbit,buffer_mean_sec,5,26.694582365815936,26.69942737896494,0.015920858729003454,26.674817177871546,26.714347553760327,5,0,0.0
cc-cubic_abr-bola_signals-rtt-cwnd-loss_netem-stable-8mbit,guardrail_count,5,0.0,0.0,0.0,0.0,0.0,5,0,0.0
cc-cubic_abr-bola_signals-rtt-cwnd-loss_netem-stable-8mbit,rtt_mean_ms,5,200.49248714199342,199.93519035532995,4.31286266235924,195.13821935086122,205.84675493312562,5,0,0.0
cc-cubic_abr-bola_signals-rtt-cwnd-loss_netem-stable-8mbit,cwnd_mean_packets,5,244.18465058773302,242.98054145516073,6.060394738719357,236.66088299033828,251.70841818512775,5,0,0.0
cc-cubic_abr-bola_signals-rtt-cwnd-loss_netem-stable-8mbit,loss_mean_pct,5,0.0,0.0,0.0,0.0,0.0,5,0,0.0
cc-cubic_abr-bola_signals-rtt-cwnd-loss_netem-stable-8mbit,missing_tcp_pct,5,0.4341684301036845,0.33444816053511706,0.2531293818967205,0.11991717691459752,0.7484196832927714,5,0,0.0
cc-cubic_abr-bola_signals-rtt-cwnd-loss_netem-stable-8mbit,tcp_age_mean_ms,5,241.72114073204352,241.15551839492292,13.523684305333138,224.9319607923615,258.51032067172554,5,0,0.0
cc-cubic_abr-bola_signals-rtt-cwnd_netem-constrained-2mbit,startup_sec,5,1.0929200000017882,0.8567000000178814,0.5504285121575115,0.4095822995720635,1.776257700431513,5,0,0.0
cc-cubic_abr-bola_signals-rtt-cwnd_netem-constrained-2mbit,stall_sec,5,0.0,0.0,0.0,0.0,0.0,5,0,0.0
cc-cubic_abr-bola_signals-rtt-cwnd_netem-constrained-2mbit,stall_count,5,0.0,0.0,0.0,0.0,0.0,5,0,0.0
cc-cubic_abr-bola_signals-rtt-cwnd_netem-constrained-2mbit,switch_count,5,66.4,70.0,7.127411872482185,57.55156803947728,75.24843196052272,5,0,0.0
cc-cubic_abr-bola_signals-rtt-cwnd_netem-constrained-2mbit,avg_bitrate_mbps,5,0.2935512936382134,0.2967672998324958,0.01773258451882535,0.27153691164285937,0.31556567563356747,5,0,0.0
cc-cubic_abr-bola_signals-rtt-cwnd_netem-constrained-2mbit,time_weighted_bitrate_mbps,5,0.29440030449082466,0.296356929028242,0.01769647622436577,0.27243074967712533,0.316369859304524,5,0,0.0
cc-cubic_abr-bola_signals-rtt-cwnd_netem-constrained-2mbit,buffer_mean_sec,5,9.42453007902059,9.389368948247078,0.1327908788374173,9.259674858445031,9.589385299596149,5,0,0.0
cc-cubic_abr-bola_signals-rtt-cwnd_netem-constrained-2mbit,guardrail_count,5,39.2,40.0,1.3038404810405297,37.58132775399095,40.81867224600906,5,0,0.0
cc-cubic_abr-bola_signals-rtt-cwnd_netem-constrained-2mbit,rtt_mean_ms,5,139.3641778659934,136.0618383838384,11.961378334890089,124.51454601589998,154.21380971608684,5,0,0.0
cc-cubic_abr-bola_signals-rtt-cwnd_netem-constrained-2mbit,cwnd_mean_packets,5,24.283124337684637,24.062978723404257,3.1906137312349543,20.32208924973903,28.244159425630244,5,0,0.0
cc-cubic_abr-bola_signals-rtt-cwnd_netem-constrained-2mbit,loss_mean_pct,5,0.8377667900320044,0.7732972169379613,0.22242384516660374,0.5616353841912578,1.113898195872751,5,0,0.0
cc-cubic_abr-bola_signals-rtt-cwnd_netem-constrained-2mbit,missing_tcp_pct,5,0.4672787979966611,0.333889816360601,0.5199336948255221,-0.1782006558299098,1.112758251823232,5,0,0.0
cc-cubic_abr-bola_signals-rtt-cwnd_netem-constrained-2mbit,tcp_age_mean_ms,5,291.3645427456439,303.7786802030507,23.677972578333964,261.9691699131285,320.75991557815934,5,0,0.0
cc-cubic_abr-bola_signals-rtt-cwnd_netem-high-rtt-loss,startup_sec,5,1.302960000001639,1.3184000000059604,0.11683410460981727,1.15791455520282,1.448005444800458,5,0,0.0
cc-cubic_abr-bola_signals-rtt-cwnd_netem-high-rtt-loss,stall_sec,5,0.0,0.0,0.0,0.0,0.0,5,0,0.0
cc-cubic_abr-bola_signals-rtt-cwnd_netem-high-rtt-loss,stall_count,5,0.0,0.0,0.0,0.0,0.0,5,0,0.0
cc-cubic_abr-bola_signals-rtt-cwnd_netem-high-rtt-loss,switch_count,5,2.8,2.0,3.3466401061363023,-1.3547363622737842,6.954736362273784,5,0,0.0
cc-cubic_abr-bola_signals-rtt-cwnd_netem-high-rtt-loss,avg_bitrate_mbps,5,0.18279239932885907,0.177434,0.007373381630718828,0.17363860453691277,0.19194619412080538,5,0,0.0
cc-cubic_abr-bola_signals-rtt-cwnd_netem-high-rtt-loss,time_weighted_bitrate_mbps,5,0.1828040891531434,0.17743400000000006,0.0073935379291455655,0.17362527102335779,0.191982907282929,5,0,0.0
cc-cubic_abr-bola_signals-rtt-cwnd_netem-high-rtt-loss,buffer_mean_sec,5,13.990487192116273,13.935701666666667,0.11397610354297999,13.848989855443582,14.131984528788964,5,0,0.0
cc-cubic_abr-bola_signals-rtt-cwnd_netem-high-rtt-loss,guardrail_count,5,0.8,1.0,0.8366600265340756,-0.23868409056844597,1.838684090568446,5,0,0.0
cc-cubic_abr-bola_signals-rtt-cwnd_netem-high-rtt-loss,rtt_mean_ms,5,138.1981285756991,138.2489839932603,0.7981241292356784,137.20728545060072,139.18897170079745,5,0,0.0
cc-cubic_abr-bola_signals-rtt-cwnd_netem-high-rtt-loss,cwnd_mean_packets,5,15.95816422190931,15.754001684919967,0.8508216921227975,14.901898920004772,17.01442952381385,5,0,0.0
cc-cubic_abr-bola_signals-rtt-cwnd_netem-high-rtt-loss,loss_mean_pct,5,0.8344489589473744,0.8315228933147101,0.2931958759848411,0.4704565580347794,1.1984413598599692,5,0,0.0
cc-cubic_abr-bola_signals-rtt-cwnd_netem-high-rtt-loss,missing_tcp_pct,5,1.632446479017997,2.0,1.1964968317888909,0.14703761020543293,3.1178553478305613,5,0,0.0
cc-cubic_abr-bola_signals-rtt-cwnd_netem-high-rtt-loss,tcp_age_mean_ms,5,257.685815553344,247.1798977892992,32.787059990194656,216.98183005351638,298.38980105317165,5,0,0.0
cc-cubic_abr-bola_signals-rtt-cwnd_netem-stable-8mbit,startup_sec,5,0.598100000000745,0.6000999999940395,0.11590696700646742,0.4542055640320676,0.7419944359694225,5,0,0.0
cc-cubic_abr-bola_signals-rtt-cwnd_netem-stable-8mbit,stall_sec,5,0.0,0.0,0.0,0.0,0.0,5,0,0.0
cc-cubic_abr-bola_signals-rtt-cwnd_netem-stable-8mbit,stall_count,5,0.0,0.0,0.0,0.0,0.0,5,0,0.0
cc-cubic_abr-bola_signals-rtt-cwnd_netem-stable-8mbit,switch_count,5,1.0,1.0,0.0,1.0,1.0,5,0,0.0
cc-cubic_abr-bola_signals-rtt-cwnd_netem-stable-8mbit,avg_bitrate_mbps,5,1.4036830771812079,1.4036830771812079,0.0,1.4036830771812079,1.4036830771812079,5,0,0.0
cc-cubic_abr-bola_signals-rtt-cwnd_netem-stable-8mbit,time_weighted_bitrate_mbps,5,1.4057440000000005,1.4057440000000003,3.648565166692871e-16,1.405744,1.405744000000001,5,0,0.0
cc-cubic_abr-bola_signals-rtt-cwnd_netem-stable-8mbit,buffer_mean_sec,5,26.67028614357262,26.680687813021702,0.018436801864743255,26.64739750043139,26.693174786713854,5,0,0.0
cc-cubic_abr-bola_signals-rtt-cwnd_netem-stable-8mbit,guardrail_count,5,0.0,0.0,0.0,0.0,0.0,5,0,0.0
cc-cubic_abr-bola_signals-rtt-cwnd_netem-stable-8mbit,rtt_mean_ms,5,203.50357122742483,204.72255679862306,4.529444243903872,197.88042499591526,209.1267174589344,5,0,0.0
cc-cubic_abr-bola_signals-rtt-cwnd_netem-stable-8mbit,cwnd_mean_packets,5,248.29981182709903,249.9672977624785,6.80839113015418,239.84743293366273,256.75219072053534,5,0,0.0
cc-cubic_abr-bola_signals-rtt-cwnd_netem-stable-8mbit,loss_mean_pct,5,0.0,0.0,0.0,0.0,0.0,5,0,0.0
cc-cubic_abr-bola_signals-rtt-cwnd_netem-stable-8mbit,missing_tcp_pct,5,1.9031719532554259,1.669449081803005,1.9056598564442093,-0.4626379481967413,4.268981854707593,5,0,0.0
cc-cubic_abr-bola_signals-rtt-cwnd_netem-stable-8mbit,tcp_age_mean_ms,5,266.8920710236514,248.5572864321159,36.74564905966964,221.2736359778177,312.51050606948513,5,0,0.0
cc-cubic_abr-bola_signals-rtt-loss_netem-constrained-2mbit,startup_sec,5,1.0604400000013412,0.8545,0.5242776773803685,0.4095676441281444,1.711312355874538,5,0,0.0
cc-cubic_abr-bola_signals-rtt-loss_netem-constrained-2mbit,stall_sec,5,0.0,0.0,0.0,0.0,0.0,5,0,0.0
cc-cubic_abr-bola_signals-rtt-loss_netem-constrained-2mbit,stall_count,5,0.0,0.0,0.0,0.0,0.0,5,0,0.0
cc-cubic_abr-bola_signals-rtt-loss_netem-constrained-2mbit,switch_count,5,54.4,54.0,8.87693640846886,43.37959466444178,65.42040533555821,5,0,0.0
cc-cubic_abr-bola_signals-rtt-loss_netem-constrained-2mbit,avg_bitrate_mbps,5,0.2754607409755714,0.2803075343383584,0.015187743411768463,0.25660568999531863,0.29431579195582414,5,0,0.0
cc-cubic_abr-bola_signals-rtt-loss_netem-constrained-2mbit,time_weighted_bitrate_mbps,5,0.27646611060698684,0.28069951709900137,0.01516367056085745,0.2576409452271726,0.29529127598680105,5,0,0.0
cc-cubic_abr-bola_signals-rtt-loss_netem-constrained-2mbit,buffer_mean_sec,5,9.409940010308093,9.379951505016722,0.2435865923412179,9.107535795792533,9.712344224823653,5,0,0.0
cc-cubic_abr-bola_signals-rtt-loss_netem-constrained-2mbit,guardrail_count,5,38.6,39.0,0.5477225575051661,37.92002164740339,39.279978352596615,5,0,0.0
cc-cubic_abr-bola_signals-rtt-loss_netem-constrained-2mbit,rtt_mean_ms,5,136.61427273015622,137.38716161616162,4.505757399190083,131.0205328859243,142.20801257438814,5,0,0.0
cc-cubic_abr-bola_signals-rtt-loss_netem-constrained-2mbit,cwnd_mean_packets,5,24.006365352026023,23.58151260504202,1.3807094638562933,22.292262958792573,25.720467745259473,5,0,0.0
cc-cubic_abr-bola_signals-rtt-loss_netem-constrained-2mbit,loss_mean_pct,5,0.7312105105045861,0.6988605490826997,0.12047445301649526,0.5816457007854583,0.8807753202237139,5,0,0.0
cc-cubic_abr-bola_signals-rtt-loss_netem-constrained-2mbit,missing_tcp_pct,5,0.06666685185236626,0.0,0.09128755780654765,-0.046663450723821887,0.1799971544285544,5,0,0.0
cc-cubic_abr-bola_signals-rtt-loss_netem-constrained-2mbit,tcp_age_mean_ms,5,280.1322297190561,278.2339464881548,26.07428739916456,247.76191604862225,312.50254338949,5,0,0.0
cc-cubic_abr-bola_signals-rtt-loss_netem-high-rtt-loss,startup_sec,5,1.3529400000087917,1.3602000000178813,0.06860570676103402,1.26776842030504,1.4381115797125434,5,0,0.0
cc-cubic_abr-bola_signals-rtt-loss_netem-high-rtt-loss,stall_sec,5,0.0,0.0,0.0,0.0,0.0,5,0,0.0
cc-cubic_abr-bola_signals-rtt-loss_netem-high-rtt-loss,stall_count,5,0.0,0.0,0.0,0.0,0.0,5,0,0.0
cc-cubic_abr-bola_signals-rtt-loss_netem-high-rtt-loss,switch_count,5,4.8,2.0,5.019960159204453,-1.4321045434106763,11.032104543410675,5,0,0.0
cc-cubic_abr-bola_signals-rtt-loss_netem-high-rtt-loss,avg_bitrate_mbps,5,0.19186045973154364,0.177434,0.02787964713367394,0.15724885524462856,0.22647206421845872,5,0,0.0
cc-cubic_abr-bola_signals-rtt-loss_netem-high-rtt-loss,time_weighted_bitrate_mbps,5,0.19190560545800517,0.17743400000000015,0.027886561263407193,0.15728541732142798,0.22652579359458236,5,0,0.0
cc-cubic_abr-bola_signals-rtt-loss_netem-high-rtt-loss,buffer_mean_sec,5,13.717875902433063,13.714364392678869,0.4006383060633149,13.220497491390608,14.215254313475517,5,0,0.0
cc-cubic_abr-bola_signals-rtt-loss_netem-high-rtt-loss,guardrail_count,5,0.2,0.0,0.4472135954999579,-0.3551999999999999,0.7551999999999999,5,0,0.0
cc-cubic_abr-bola_signals-rtt-loss_netem-high-rtt-loss,rtt_mean_ms,5,138.35178244091148,138.58253736356002,0.6501441344663501,137.54465129130458,139.15891359051838,5,0,0.0
cc-cubic_abr-bola_signals-rtt-loss_netem-high-rtt-loss,cwnd_mean_packets,5,16.240461389657476,16.572995780590716,1.2024017345439753,14.747721791093824,17.733200988221128,5,0,0.0
cc-cubic_abr-bola_signals-rtt-loss_netem-high-rtt-loss,loss_mean_pct,5,1.0006137417741685,0.9953474067192599,0.16993550276615688,0.7896447728404431,1.211582710707894,5,0,0.0
cc-cubic_abr-bola_signals-rtt-loss_netem-high-rtt-loss,missing_tcp_pct,5,0.9327803688343579,0.5008347245409015,0.9739721077720805,-0.2763718565816289,2.1419325942503447,5,0,0.0
cc-cubic_abr-bola_signals-rtt-loss_netem-high-rtt-loss,tcp_age_mean_ms,5,290.3020341450741,296.25434782589633,33.69295030099636,248.47341758389683,332.1306507062514,5,0,0.0
cc-cubic_abr-bola_signals-rtt-loss_netem-stable-8mbit,startup_sec,5,0.5401200000070036,0.5447000000178814,0.054065256869901816,0.4729998790710283,0.6072401209429787,5,0,0.0
cc-cubic_abr-bola_signals-rtt-loss_netem-stable-8mbit,stall_sec,5,0.0,0.0,0.0,0.0,0.0,5,0,0.0
cc-cubic_abr-bola_signals-rtt-loss_netem-stable-8mbit,stall_count,5,0.0,0.0,0.0,0.0,0.0,5,0,0.0
cc-cubic_abr-bola_signals-rtt-loss_netem-stable-8mbit,switch_count,5,1.0,1.0,0.0,1.0,1.0,5,0,0.0
cc-cubic_abr-bola_signals-rtt-loss_netem-stable-8mbit,avg_bitrate_mbps,5,1.4036830771812079,1.4036830771812079,0.0,1.4036830771812079,1.4036830771812079,5,0,0.0
cc-cubic_abr-bola_signals-rtt-loss_netem-stable-8mbit,time_weighted_bitrate_mbps,5,1.405744,1.405744,3.9720546451956367e-16,1.4057439999999997,1.4057440000000005,5,0,0.0
cc-cubic_abr-bola_signals-rtt-loss_netem-stable-8mbit,buffer_mean_sec,5,26.695212687254678,26.692514190317198,0.02216135066059477,26.667700147361952,26.722725227147404,5,0,0.0
cc-cubic_abr-bola_signals-rtt-loss_netem-stable-8mbit,guardrail_count,5,0.0,0.0,0.0,0.0,0.0,5,0,0.0
cc-cubic_abr-bola_signals-rtt-loss_netem-stable-8mbit,rtt_mean_ms,5,199.7734840305618,199.72728727885425,4.5473481079761,194.1281107794962,205.4188572816274,5,0,0.0
cc-cubic_abr-bola_signals-rtt-loss_netem-stable-8mbit,cwnd_mean_packets,5,242.210228732213,243.36141533277168,8.00395362555202,232.27360091583685,252.14685654858917,5,0,0.0
cc-cubic_abr-bola_signals-rtt-loss_netem-stable-8mbit,loss_mean_pct,5,0.0,0.0,0.0,0.0,0.0,5,0,0.0
cc-cubic_abr-bola_signals-rtt-loss_netem-stable-8mbit,missing_tcp_pct,5,0.3674463012490159,0.5008347245409015,0.2744206521176103,0.02676268252903996,0.7081299199689919,5,0,0.0
cc-cubic_abr-bola_signals-rtt-loss_netem-stable-8mbit,tcp_age_mean_ms,5,237.8326888199243,239.03882352905114,10.765976629459866,224.46710627766305,251.19827136218555,5,0,0.0
cc-cubic_abr-bola_signals-rtt_netem-constrained-2mbit,startup_sec,5,0.8509800000019372,0.8435,0.044864094772407055,0.7952827992274524,0.906677200776422,5,0,0.0
cc-cubic_abr-bola_signals-rtt_netem-constrained-2mbit,stall_sec,5,0.0,0.0,0.0,0.0,0.0,5,0,0.0
cc-cubic_abr-bola_signals-rtt_netem-constrained-2mbit,stall_count,5,0.0,0.0,0.0,0.0,0.0,5,0,0.0
cc-cubic_abr-bola_signals-rtt_netem-constrained-2mbit,switch_count,5,52.0,50.0,8.366600265340756,41.61315909431554,62.38684090568446,5,0,0.0
cc-cubic_abr-bola_signals-rtt_netem-constrained-2mbit,avg_bitrate_mbps,5,0.2730304400301283,0.26811460402684567,0.021056694490536303,0.24688929204450794,0.2991715880157486,5,0,0.0
cc-cubic_abr-bola_signals-rtt_netem-constrained-2mbit,time_weighted_bitrate_mbps,5,0.2738659673698506,0.2685443794544543,0.02156331502891262,0.24709586774739084,0.3006360669923103,5,0,0.0
cc-cubic_abr-bola_signals-rtt_netem-constrained-2mbit,buffer_mean_sec,5,9.493280139139369,9.483712854757929,0.2616387911301797,9.168464752717403,9.818095525561334,5,0,0.0
cc-cubic_abr-bola_signals-rtt_netem-constrained-2mbit,guardrail_count,5,38.4,39.0,2.792848008753788,34.932777111289205,41.86722288871079,5,0,0.0
cc-cubic_abr-bola_signals-rtt_netem-constrained-2mbit,rtt_mean_ms,5,135.87113441940787,136.8894460251046,2.3918246342703484,132.90176799068306,138.84050084813268,5,0,0.0
cc-cubic_abr-bola_signals-rtt_netem-constrained-2mbit,cwnd_mean_packets,5,23.695371570646873,23.699581589958157,0.3182969370767956,23.30021708240401,24.090526058889736,5,0,0.0
cc-cubic_abr-bola_signals-rtt_netem-constrained-2mbit,loss_mean_pct,5,0.6853066819707994,0.7179742238553664,0.10515218840118011,0.5547639265899633,0.8158494373516354,5,0,0.0
cc-cubic_abr-bola_signals-rtt_netem-constrained-2mbit,missing_tcp_pct,5,0.133611760961692,0.0,0.2176802706901052,-0.13663066347094746,0.4038541853943315,5,0,0.0
cc-cubic_abr-bola_signals-rtt_netem-constrained-2mbit,tcp_age_mean_ms,5,268.6878696989689,265.08040201109856,31.56365848026413,229.50269428261845,307.8730451153193,5,0,0.0
cc-cubic_abr-bola_signals-rtt_netem-high-rtt-loss,startup_sec,5,1.366759999998659,1.371800000011921,0.09205277290615772,1.2524797097038987,1.4810402902934194,5,0,0.0
cc-cubic_abr-bola_signals-rtt_netem-high-rtt-loss,stall_sec,5,0.0,0.0,0.0,0.0,0.0,5,0,0.0
cc-cubic_abr-bola_signals-rtt_netem-high-rtt-loss,stall_count,5,0.0,0.0,0.0,0.0,0.0,5,0,0.0
cc-cubic_abr-bola_signals-rtt_netem-high-rtt-loss,switch_count,5,8.8,6.0,7.5630681604756145,-0.5892839684397639,18.189283968439767,5,0,0.0
cc-cubic_abr-bola_signals-rtt_netem-high-rtt-loss,avg_bitrate_mbps,5,0.1963944899328859,0.18361676845637584,0.03227170870131069,0.15633029499056247,0.23645868487520935,5,0,0.0
cc-cubic_abr-bola_signals-rtt_netem-high-rtt-loss,time_weighted_bitrate_mbps,5,0.19634598053544366,0.18351308239393516,0.03233719640156901,0.15620048490917574,0.2364914761617116,5,0,0.0
cc-cubic_abr-bola_signals-rtt_netem-high-rtt-loss,buffer_mean_sec,5,13.662546995548135,13.742420701168612,0.33893354585791596,13.241772881000152,14.083321110096119,5,0,0.0
cc-cubic_abr-bola_signals-rtt_netem-high-rtt-loss,guardrail_count,5,0.2,0.0,0.4472135954999579,-0.3551999999999999,0.7551999999999999,5,0,0.0
cc-cubic_abr-bola_signals-rtt_netem-high-rtt-loss,rtt_mean_ms,5,138.58234655449874,138.55356152513,1.161187582551475,137.14077288071127,140.02392022828622,5,0,0.0
cc-cubic_abr-bola_signals-rtt_netem-high-rtt-loss,cwnd_mean_packets,5,16.119778899402437,16.594454072790295,1.5758641313668955,14.163398828361009,18.076158970443863,5,0,0.0
cc-cubic_abr-bola_signals-rtt_netem-high-rtt-loss,loss_mean_pct,5,0.8512482742526579,0.9076422057470918,0.22642467399769733,0.570149979682735,1.132346568822581,5,0,0.0
cc-cubic_abr-bola_signals-rtt_netem-high-rtt-loss,missing_tcp_pct,5,1.4342793544796884,0.6666666666666666,1.305641971494023,-0.18662937876911934,3.055188087728496,5,0,0.0
cc-cubic_abr-bola_signals-rtt_netem-high-rtt-loss,tcp_age_mean_ms,5,288.3712508790015,266.19177852365993,36.422775987822035,243.1536514322944,333.58885032570856,5,0,0.0
cc-cubic_abr-bola_signals-rtt_netem-stable-8mbit,startup_sec,5,0.5002600000016391,0.47219999999925494,0.05939484826217737,0.42652337820172337,0.5739966218015548,5,0,0.0
cc-cubic_abr-bola_signals-rtt_netem-stable-8mbit,stall_sec,5,0.0,0.0,0.0,0.0,0.0,5,0,0.0
cc-cubic_abr-bola_signals-rtt_netem-stable-8mbit,stall_count,5,0.0,0.0,0.0,0.0,0.0,5,0,0.0
cc-cubic_abr-bola_signals-rtt_netem-stable-8mbit,switch_count,5,1.0,1.0,0.0,1.0,1.0,5,0,0.0
cc-cubic_abr-bola_signals-rtt_netem-stable-8mbit,avg_bitrate_mbps,5,1.4036830771812079,1.4036830771812079,0.0,1.4036830771812079,1.4036830771812079,5,0,0.0
cc-cubic_abr-bola_signals-rtt_netem-stable-8mbit,time_weighted_bitrate_mbps,5,1.4057439999999999,1.4057439999999997,2.9790409838967276e-16,1.4057439999999994,1.4057440000000003,5,0,0.0
cc-cubic_abr-bola_signals-rtt_netem-stable-8mbit,buffer_mean_sec,5,26.70053734150005,26.69167391304348,0.026033786579221074,26.66821730817766,26.732857374822437,5,0,0.0
cc-cubic_abr-bola_signals-rtt_netem-stable-8mbit,guardrail_count,5,0.0,0.0,0.0,0.0,0.0,5,0,0.0
cc-cubic_abr-bola_signals-rtt_netem-stable-8mbit,rtt_mean_ms,5,202.67467542429765,202.95374369747898,2.21286826828453,199.9274770499323,205.421873798663,5,0,0.0
cc-cubic_abr-bola_signals-rtt_netem-stable-8mbit,cwnd_mean_packets,5,246.98075119658805,246.43361344537814,4.09725260672729,241.89415573047322,252.06734666270287,5,0,0.0
cc-cubic_abr-bola_signals-rtt_netem-stable-8mbit,loss_mean_pct,5,0.0,0.0,0.0,0.0,0.0,5,0,0.0
cc-cubic_abr-bola_signals-rtt_netem-stable-8mbit,missing_tcp_pct,5,0.0667779632721202,0.0,0.09143949207097932,-0.046740960366712894,0.1802968869109533,5,0,0.0
cc-cubic_abr-bola_signals-rtt_netem-stable-8mbit,tcp_age_mean_ms,5,243.5466673546502,233.36460767957524,20.420084363377786,218.19584852305138,268.897486186249,5,0,0.0
cc-cubic_abr-throughput_signals-cwnd-loss_netem-constrained-2mbit,startup_sec,5,0.7824600000053644,0.768,0.03758966612897635,0.7357937473582898,0.829126252652439,5,0,0.0
cc-cubic_abr-throughput_signals-cwnd-loss_netem-constrained-2mbit,stall_sec,5,0.0,0.0,0.0,0.0,0.0,5,0,0.0
cc-cubic_abr-throughput_signals-cwnd-loss_netem-constrained-2mbit,stall_count,5,0.0,0.0,0.0,0.0,0.0,5,0,0.0
cc-cubic_abr-throughput_signals-cwnd-loss_netem-constrained-2mbit,switch_count,5,41.2,41.0,22.264321233758732,13.559625750724727,68.84037424927527,5,0,0.0
cc-cubic_abr-throughput_signals-cwnd-loss_netem-constrained-2mbit,avg_bitrate_mbps,5,0.8964792698672333,1.029226864321608,0.32492647511717004,0.4930944425715037,1.299864097162963,5,0,0.0
cc-cubic_abr-throughput_signals-cwnd-loss_netem-constrained-2mbit,time_weighted_bitrate_mbps,5,0.897522771906094,1.0318359799043382,0.325963073379961,0.49285104420909615,1.3021944996030919,5,0,0.0
cc-cubic_abr-throughput_signals-cwnd-loss_netem-constrained-2mbit,buffer_mean_sec,5,14.647726541396654,16.89610033444816,4.433088212379784,9.144202944888535,20.151250137904775,5,0,0.0
cc-cubic_abr-throughput_signals-cwnd-loss_netem-constrained-2mbit,guardrail_count,5,10.0,6.0,8.74642784226795,-0.8583835261055306,20.85838352610553,5,0,0.0
cc-cubic_abr-throughput_signals-cwnd-loss_netem-constrained-2mbit,rtt_mean_ms,5,171.95268345621497,168.6485680672269,21.42009299765629,145.36038896435423,198.5449779480757,5,0,0.0
cc-cubic_abr-throughput_signals-cwnd-loss_netem-constrained-2mbit,cwnd_mean_packets,5,30.566195273709976,28.569747899159665,5.126406300211392,24.20194157812296,36.93044896929699,5,0,0.0
cc-cubic_abr-throughput_signals-cwnd-loss_netem-constrained-2mbit,loss_mean_pct,5,0.8451064880861471,0.8880543418740154,0.10962935399687285,0.709005488582724,0.9812074875895701,5,0,0.0
cc-cubic_abr-throughput_signals-cwnd-loss_netem-constrained-2mbit,missing_tcp_pct,5,0.1663893510815308,0.0,0.372057899750381,-0.29550748752079864,0.6282861896838603,5,0,0.0
cc-cubic_abr-throughput_signals-cwnd-loss_netem-constrained-2mbit,tcp_age_mean_ms,5,271.81246469841085,273.8963272117937,24.277648037731062,241.67261580701114,301.95231358981056,5,0,0.0
cc-cubic_abr-throughput_signals-cwnd-loss_netem-high-rtt-loss,startup_sec,5,1.3786599999956786,1.3864000000059604,0.1323527219157853,1.2143487358770302,1.542971264114327,5,0,0.0
cc-cubic_abr-throughput_signals-cwnd-loss_netem-high-rtt-loss,stall_sec,5,0.0,0.0,0.0,0.0,0.0,5,0,0.0
cc-cubic_abr-throughput_signals-cwnd-loss_netem-high-rtt-loss,stall_count,5,0.0,0.0,0.0,0.0,0.0,5,0,0.0
cc-cubic_abr-throughput_signals-cwnd-loss_netem-high-rtt-loss,switch_count,5,2.4,4.0,2.1908902300206643,-0.3199134103864405,5.11991341038644,5,0,0.0
cc-cubic_abr-throughput_signals-cwnd-loss_netem-high-rtt-loss,avg_bitrate_mbps,5,0.18485332214765102,0.1815558456375839,0.00857205165434739,0.17421142054541291,0.19549522374988912,5,0,0.0
cc-cubic_abr-throughput_signals-cwnd-loss_netem-high-rtt-loss,time_weighted_bitrate_mbps,5,0.18491303569478978,0.181878518763505,0.008502144723026486,0.17435792109692702,0.19546815029265255,5,0,0.0
cc-cubic_abr-throughput_signals-cwnd-loss_netem-high-rtt-loss,buffer_mean_sec,5,15.097406284362828,15.04645242070117,0.17812583522921266,14.876269304820202,15.318543263905454,5,0,0.0
cc-cubic_abr-throughput_signals-cwnd-loss_netem-high-rtt-loss,guardrail_count,5,1.2,1.0,0.8366600265340756,0.16131590943155394,2.238684090568446,5,0,0.0
cc-cubic_abr-throughput_signals-cwnd-loss_netem-high-rtt-loss,rtt_mean_ms,5,138.1005766916243,138.4059,0.749256016879843,137.17040161475384,139.03075176849475,5,0,0.0
cc-cubic_abr-throughput_signals-cwnd-loss_netem-high-rtt-loss,cwnd_mean_packets,5,16.164582647039403,16.089830508474577,1.3827401145838214,14.447959272120091,17.881206021958715,5,0,0.0
cc-cubic_abr-throughput_signals-cwnd-loss_netem-high-rtt-loss,loss_mean_pct,5,0.7850803792535995,0.7176294579067596,0.1764253181282825,0.5660545320735317,1.0041062264336673,5,0,0.0
cc-cubic_abr-throughput_signals-cwnd-loss_netem-high-rtt-loss,missing_tcp_pct,5,1.20189204229271,0.8347245409015025,0.9692682327065996,-0.0014204871421306109,2.4052045717275505,5,0,0.0
cc-cubic_abr-throughput_signals-cwnd-loss_netem-high-rtt-loss,tcp_age_mean_ms,5,274.9739609095132,283.6576923085844,39.04339660089998,226.5029528477252,323.44496897130125,5,0,0.0
cc-cubic_abr-throughput_signals-cwnd-loss_netem-stable-8mbit,startup_sec,5,0.5317800000064075,0.5122000000029803,0.09439365444432826,0.4145935873507216,0.6489664126620933,5,0,0.0
cc-cubic_abr-throughput_signals-cwnd-loss_netem-stable-8mbit,stall_sec,5,0.0,0.0,0.0,0.0,0.0,5,0,0.0
cc-cubic_abr-throughput_signals-cwnd-loss_netem-stable-8mbit,stall_count,5,0.0,0.0,0.0,0.0,0.0,5,0,0.0
cc-cubic_abr-throughput_signals-cwnd-loss_netem-stable-8mbit,switch_count,5,1.0,1.0,0.0,1.0,1.0,5,0,0.0
cc-cubic_abr-throughput_signals-cwnd-loss_netem-stable-8mbit,avg_bitrate_mbps,5,1.4036830771812079,1.4036830771812079,0.0,1.4036830771812079,1.4036830771812079,5,0,0.0
cc-cubic_abr-throughput_signals-cwnd-loss_netem-stable-8mbit,time_weighted_bitrate_mbps,5,1.4057439999999999,1.405744,5.301242283512285e-16,1.4057439999999992,1.4057440000000005,5,0,0.0
cc-cubic_abr-throughput_signals-cwnd-loss_netem-stable-8mbit,buffer_mean_sec,5,26.689442402331647,26.690856427378964,0.05810350504906085,26.617308937857754,26.76157586680554,5,0,0.0
cc-cubic_abr-throughput_signals-cwnd-loss_netem-stable-8mbit,guardrail_count,5,0.0,0.0,0.0,0.0,0.0,5,0,0.0
cc-cubic_abr-throughput_signals-cwnd-loss_netem-stable-8mbit,rtt_mean_ms,5,202.27214403509876,204.49901428571428,3.892400219375606,197.43986562598332,207.1044224442142,5,0,0.0
cc-cubic_abr-throughput_signals-cwnd-loss_netem-stable-8mbit,cwnd_mean_packets,5,245.3306842131027,246.48020219039594,5.837672607947311,238.08341833267028,252.57795009353512,5,0,0.0
cc-cubic_abr-throughput_signals-cwnd-loss_netem-stable-8mbit,loss_mean_pct,5,0.0,0.0,0.0,0.0,0.0,5,0,0.0
cc-cubic_abr-throughput_signals-cwnd-loss_netem-stable-8mbit,missing_tcp_pct,5,1.3365084505390814,0.5008347245409015,1.4658990238885143,-0.4833537948227764,3.1563706959009394,5,0,0.0
cc-cubic_abr-throughput_signals-cwnd-loss_netem-stable-8mbit,tcp_age_mean_ms,5,265.4908724853233,266.60251256024816,30.34421545928787,227.81959282719356,303.162152143453,5,0,0.0
cc-cubic_abr-throughput_signals-cwnd_netem-constrained-2mbit,startup_sec,5,0.7905800000071526,0.7931000000089407,0.04733019119998527,0.731821226976438,0.8493387730378671,5,0,0.0
cc-cubic_abr-throughput_signals-cwnd_netem-constrained-2mbit,stall_sec,5,0.0,0.0,0.0,0.0,0.0,5,0,0.0
cc-cubic_abr-throughput_signals-cwnd_netem-constrained-2mbit,stall_count,5,0.0,0.0,0.0,0.0,0.0,5,0,0.0
cc-cubic_abr-throughput_signals-cwnd_netem-constrained-2mbit,switch_count,5,58.6,72.0,24.99599967994879,27.568342729399713,89.63165727060029,5,0,0.0
cc-cubic_abr-throughput_signals-cwnd_netem-constrained-2mbit,avg_bitrate_mbps,5,0.5363915209211606,0.3440891256281407,0.41445748594512316,0.021857082540576944,1.0509259593017442,5,0,0.0
cc-cubic_abr-throughput_signals-cwnd_netem-constrained-2mbit,time_weighted_bitrate_mbps,5,0.537197450082304,0.3456547315938097,0.41491607006381764,0.022093695595812424,1.0523012045687956,5,0,0.0
cc-cubic_abr-throughput_signals-cwnd_netem-constrained-2mbit,buffer_mean_sec,5,10.390991163086749,8.341085284280936,4.805958570962542,4.424562088819811,16.357420237353686,5,0,0.0
cc-cubic_abr-throughput_signals-cwnd_netem-constrained-2mbit,guardrail_count,5,17.2,22.0,8.228000972289685,6.985225257500781,27.41477474249922,5,0,0.0
cc-cubic_abr-throughput_signals-cwnd_netem-constrained-2mbit,rtt_mean_ms,5,156.2849168448801,153.27180334728033,18.211476545918636,133.67600718731362,178.89382650244656,5,0,0.0
cc-cubic_abr-throughput_signals-cwnd_netem-constrained-2mbit,cwnd_mean_packets,5,27.817438956847347,27.507112970711297,3.7825308186473197,23.1215595568366,32.51331835685809,5,0,0.0
cc-cubic_abr-throughput_signals-cwnd_netem-constrained-2mbit,loss_mean_pct,5,0.8253019558817082,0.8139754816374742,0.14234385272001263,0.6485870531475886,1.0020168586158278,5,0,0.0
cc-cubic_abr-throughput_signals-cwnd_netem-constrained-2mbit,missing_tcp_pct,5,0.033444816053511704,0.0,0.07478488219062841,-0.05939799331103677,0.12628762541806018,5,0,0.0
cc-cubic_abr-throughput_signals-cwnd_netem-constrained-2mbit,tcp_age_mean_ms,5,264.8739134629824,267.7246231159673,13.962519559156034,247.53993494075706,282.2078919852077,5,0,0.0
cc-cubic_abr-throughput_signals-cwnd_netem-high-rtt-loss,startup_sec,5,1.398479999999702,1.2708999999985098,0.23713731676348884,1.1040823350094358,1.6928776649899682,5,0,0.0
cc-cubic_abr-throughput_signals-cwnd_netem-high-rtt-loss,stall_sec,5,0.0,0.0,0.0,0.0,0.0,5,0,0.0
cc-cubic_abr-throughput_signals-cwnd_netem-high-rtt-loss,stall_count,5,0.0,0.0,0.0,0.0,0.0,5,0,0.0
cc-cubic_abr-throughput_signals-cwnd_netem-high-rtt-loss,switch_count,5,2.4,2.0,2.6076809620810595,-0.8373444920181106,5.63734449201811,5,0,0.0
cc-cubic_abr-throughput_signals-cwnd_netem-high-rtt-loss,avg_bitrate_mbps,5,0.17990710738255034,0.17949492281879192,0.0026871145994410935,0.17657114881460506,0.1832430659504956,5,0,0.0
cc-cubic_abr-throughput_signals-cwnd_netem-high-rtt-loss,time_weighted_bitrate_mbps,5,0.18003492053273557,0.1796810840032352,0.002839478131373123,0.1765098079815933,0.18356003308387783,5,0,0.0
cc-cubic_abr-throughput_signals-cwnd_netem-high-rtt-loss,buffer_mean_sec,5,15.221666777963271,15.20090651085142,0.12657181846518528,15.064532302806473,15.37880125312007,5,0,0.0
cc-cubic_abr-throughput_signals-cwnd_netem-high-rtt-loss,guardrail_count,5,0.4,0.0,0.5477225575051661,-0.2799783525966101,1.0799783525966102,5,0,0.0
cc-cubic_abr-throughput_signals-cwnd_netem-high-rtt-loss,rtt_mean_ms,5,138.11237763449688,138.10473591253154,0.333920513089633,137.69782702437934,138.52692824461442,5,0,0.0
cc-cubic_abr-throughput_signals-cwnd_netem-high-rtt-loss,cwnd_mean_packets,5,15.29693687173909,15.256518082422204,0.5114753113308272,14.661958204479628,15.931915538998553,5,0,0.0
cc-cubic_abr-throughput_signals-cwnd_netem-high-rtt-loss,loss_mean_pct,5,0.8713773846014028,0.7743434506193716,0.22720758715169592,0.5893071307988584,1.1534476384039472,5,0,0.0
cc-cubic_abr-throughput_signals-cwnd_netem-high-rtt-loss,missing_tcp_pct,5,0.4006677796327212,0.333889816360601,0.2531844889499683,0.08634811296901934,0.7149874462964231,5,0,0.0
cc-cubic_abr-throughput_signals-cwnd_netem-high-rtt-loss,tcp_age_mean_ms,5,261.1088206459722,250.67643097790605,49.42095281023556,199.7544403759176,322.4632009160267,5,0,0.0
cc-cubic_abr-throughput_signals-cwnd_netem-stable-8mbit,startup_sec,5,0.5483200000040234,0.4987000000178814,0.1306413870136677,0.3861332981688482,0.7105067018391985,5,0,0.0
cc-cubic_abr-throughput_signals-cwnd_netem-stable-8mbit,stall_sec,5,0.0,0.0,0.0,0.0,0.0,5,0,0.0
cc-cubic_abr-throughput_signals-cwnd_netem-stable-8mbit,stall_count,5,0.0,0.0,0.0,0.0,0.0,5,0,0.0
cc-cubic_abr-throughput_signals-cwnd_netem-stable-8mbit,switch_count,5,1.0,1.0,0.0,1.0,1.0,5,0,0.0
cc-cubic_abr-throughput_signals-cwnd_netem-stable-8mbit,avg_bitrate_mbps,5,1.4036830771812079,1.4036830771812079,0.0,1.4036830771812079,1.4036830771812079,5,0,0.0
cc-cubic_abr-throughput_signals-cwnd_netem-stable-8mbit,time_weighted_bitrate_mbps,5,1.4057439999999999,1.405744,6.771450370191848e-16,1.405743999999999,1.4057440000000008,5,0,0.0
cc-cubic_abr-throughput_signals-cwnd_netem-stable-8mbit,buffer_mean_sec,5,26.700755955019794,26.6984381270903,0.048224854763507595,26.64088648854088,26.76062542149871,5,0,0.0
cc-cubic_abr-throughput_signals-cwnd_netem-stable-8mbit,guardrail_count,5,0.0,0.0,0.0,0.0,0.0,5,0,0.0
cc-cubic_abr-throughput_signals-cwnd_netem-stable-8mbit,rtt_mean_ms,5,204.03193064019615,204.58197372881355,3.76237159978034,199.36107820364887,208.70278307674343,5,0,0.0
cc-cubic_abr-throughput_signals-cwnd_netem-stable-8mbit,cwnd_mean_packets,5,246.59637870081735,245.47435897435898,5.243609401640972,240.0866214638164,253.1061359378183,5,0,0.0
cc-cubic_abr-throughput_signals-cwnd_netem-stable-8mbit,loss_mean_pct,5,0.0,0.0,0.0,0.0,0.0,5,0,0.0
cc-cubic_abr-throughput_signals-cwnd_netem-stable-8mbit,missing_tcp_pct,5,1.035784278144734,0.667779632721202,0.6619907345832067,0.21394598982142898,1.8576225664680388,5,0,0.0
cc-cubic_abr-throughput_signals-cwnd_netem-stable-8mbit,tcp_age_mean_ms,5,263.19370920336326,276.8331092402715,30.935956295879762,224.78780404238285,301.59961436434367,5,0,0.0
cc-cubic_abr-throughput_signals-loss_netem-constrained-2mbit,startup_sec,5,1.1189599999982864,0.8935999999940395,0.5281308862406191,0.46330402041432206,1.7746159795822507,5,0,0.0
cc-cubic_abr-throughput_signals-loss_netem-constrained-2mbit,stall_sec,5,0.0,0.0,0.0,0.0,0.0,5,0,0.0
cc-cubic_abr-throughput_signals-loss_netem-constrained-2mbit,stall_count,5,0.0,0.0,0.0,0.0,0.0,5,0,0.0
cc-cubic_abr-throughput_signals-loss_netem-constrained-2mbit,switch_count,5,37.6,31.0,18.0914344373242,15.140118411710187,60.05988158828981,5,0,0.0
cc-cubic_abr-throughput_signals-loss_netem-constrained-2mbit,avg_bitrate_mbps,5,1.024257175058739,1.0388997382550336,0.2715695408689099,0.687113110997223,1.361401239120255,5,0,0.0
cc-cubic_abr-throughput_signals-loss_netem-constrained-2mbit,time_weighted_bitrate_mbps,5,1.024987023610908,1.0389847127208718,0.2722691968484516,0.6869743611799544,1.3629996860418616,5,0,0.0
cc-cubic_abr-throughput_signals-loss_netem-constrained-2mbit,buffer_mean_sec,5,15.175379435981524,16.188272878535773,4.140442223364335,10.035165574991927,20.315593296971123,5,0,0.0
cc-cubic_abr-throughput_signals-loss_netem-constrained-2mbit,guardrail_count,5,0.2,0.0,0.4472135954999579,-0.3551999999999999,0.7551999999999999,5,0,0.0
cc-cubic_abr-throughput_signals-loss_netem-constrained-2mbit,rtt_mean_ms,5,175.34694323632002,169.31056171284632,22.628929082250473,147.25392112588946,203.43996534675057,5,0,0.0
cc-cubic_abr-throughput_signals-loss_netem-constrained-2mbit,cwnd_mean_packets,5,30.16329233469134,28.45172124265323,5.430166430366975,23.421931087009803,36.90465358237288,5,0,0.0
cc-cubic_abr-throughput_signals-loss_netem-constrained-2mbit,loss_mean_pct,5,0.7388611819423595,0.7033333757787075,0.08422022917680698,0.6343047200872824,0.8434176437974366,5,0,0.0
cc-cubic_abr-throughput_signals-loss_netem-constrained-2mbit,missing_tcp_pct,5,1.101838066235431,0.49916805324459235,1.6552538556433656,-0.9531015641794565,3.1567776966503187,5,0,0.0
cc-cubic_abr-throughput_signals-loss_netem-constrained-2mbit,tcp_age_mean_ms,5,272.8525507584229,266.1774247490854,18.35220663099156,250.06892963407927,295.6361718827666,5,0,0.0
cc-cubic_abr-throughput_signals-loss_netem-high-rtt-loss,startup_sec,5,1.336320000001788,1.355,0.047827262098030274,1.2769441308779057,1.3956958691256705,5,0,0.0
cc-cubic_abr-throughput_signals-loss_netem-high-rtt-loss,stall_sec,5,0.0,0.0,0.0,0.0,0.0,5,0,0.0
cc-cubic_abr-throughput_signals-loss_netem-high-rtt-loss,stall_count,5,0.0,0.0,0.0,0.0,0.0,5,0,0.0
cc-cubic_abr-throughput_signals-loss_netem-high-rtt-loss,switch_count,5,2.8,2.0,2.280350850198276,-0.03097563394671443,5.630975633946714,5,0,0.0
cc-cubic_abr-throughput_signals-loss_netem-high-rtt-loss,avg_bitrate_mbps,5,0.18608987583892617,0.18361676845637584,0.009819167227208915,0.1738997239754708,0.19828002770238154,5,0,0.0
cc-cubic_abr-throughput_signals-loss_netem-high-rtt-loss,time_weighted_bitrate_mbps,5,0.18602585232481136,0.18294527759863077,0.009991889576505828,0.1736212717201581,0.19843043292946463,5,0,0.0
cc-cubic_abr-throughput_signals-loss_netem-high-rtt-loss,buffer_mean_sec,5,15.092858731438142,14.995123333333334,0.17082309373582455,14.88078784943353,15.304929613442754,5,0,0.0
cc-cubic_abr-throughput_signals-loss_netem-high-rtt-loss,guardrail_count,5,0.0,0.0,0.0,0.0,0.0,5,0,0.0
cc-cubic_abr-throughput_signals-loss_netem-high-rtt-loss,rtt_mean_ms,5,138.217986808234,138.1579218487395,0.6910620306184739,137.36005752509035,139.07591609137765,5,0,0.0
cc-cubic_abr-throughput_signals-loss_netem-high-rtt-loss,cwnd_mean_packets,5,16.324037257708245,15.49327731092437,1.3732312097226818,14.61921885480237,18.02885566061412,5,0,0.0
cc-cubic_abr-throughput_signals-loss_netem-high-rtt-loss,loss_mean_pct,5,0.8533842095890651,0.8808946874680559,0.22663606845106196,0.5720234762165453,1.134744942961585,5,0,0.0
cc-cubic_abr-throughput_signals-loss_netem-high-rtt-loss,missing_tcp_pct,5,0.6333338888904321,0.333889816360601,0.8771270044263393,-0.4555885360038472,1.7222563137847113,5,0,0.0
cc-cubic_abr-throughput_signals-loss_netem-high-rtt-loss,tcp_age_mean_ms,5,262.2969119437137,275.5599664991887,39.59281992896655,213.14381408230426,311.4500098051232,5,0,0.0
cc-cubic_abr-throughput_signals-loss_netem-stable-8mbit,startup_sec,5,0.5291000000014902,0.5064000000059604,0.08927628464075624,0.4182666225476231,0.6399333774553572,5,0,0.0
cc-cubic_abr-throughput_signals-loss_netem-stable-8mbit,stall_sec,5,0.0,0.0,0.0,0.0,0.0,5,0,0.0
cc-cubic_abr-throughput_signals-loss_netem-stable-8mbit,stall_count,5,0.0,0.0,0.0,0.0,0.0,5,0,0.0
cc-cubic_abr-throughput_signals-loss_netem-stable-8mbit,switch_count,5,1.0,1.0,0.0,1.0,1.0,5,0,0.0
cc-cubic_abr-throughput_signals-loss_netem-stable-8mbit,avg_bitrate_mbps,5,1.4036837676076128,1.4036830771812079,1.5438403749987212e-06,1.4036818509839126,1.403685684231313,5,0,0.0
cc-cubic_abr-throughput_signals-loss_netem-stable-8mbit,time_weighted_bitrate_mbps,5,1.4057440000000003,1.405744,4.864753555590494e-16,1.4057439999999997,1.405744000000001,5,0,0.0
cc-cubic_abr-throughput_signals-loss_netem-stable-8mbit,buffer_mean_sec,5,26.678721122718468,26.677338898163608,0.03725949712690286,26.632464763312107,26.724977482124828,5,0,0.0
cc-cubic_abr-throughput_signals-loss_netem-stable-8mbit,guardrail_count,5,0.0,0.0,0.0,0.0,0.0,5,0,0.0
cc-cubic_abr-throughput_signals-loss_netem-stable-8mbit,rtt_mean_ms,5,201.6200041054977,202.36841974248927,5.340627614464356,194.98980215862758,208.25020605236784,5,0,0.0
cc-cubic_abr-throughput_signals-loss_netem-stable-8mbit,cwnd_mean_packets,5,244.9271686101883,247.7235841081995,10.157033818257132,232.31756721917492,257.53677000120166,5,0,0.0
cc-cubic_abr-throughput_signals-loss_netem-stable-8mbit,loss_mean_pct,5,0.0,0.0,0.0,0.0,0.0,5,0,0.0
cc-cubic_abr-throughput_signals-loss_netem-stable-8mbit,missing_tcp_pct,5,1.2355598237865786,0.8347245409015025,1.1234489462840629,-0.15916265614967884,2.630282303722836,5,0,0.0
cc-cubic_abr-throughput_signals-loss_netem-stable-8mbit,tcp_age_mean_ms,5,253.5302954126745,252.08710217783525,23.143655916834934,224.7982579828599,282.26233284248906,5,0,0.0
cc-cubic_abr-throughput_signals-none_netem-constrained-2mbit,startup_sec,5,1.0468600000038744,0.7989000000059605,0.544467545410261,0.370922630805971,1.7227973692017777,5,0,0.0
cc-cubic_abr-throughput_signals-none_netem-constrained-2mbit,stall_sec,5,0.0,0.0,0.0,0.0,0.0,5,0,0.0
cc-cubic_abr-throughput_signals-none_netem-constrained-2mbit,stall_count,5,0.0,0.0,0.0,0.0,0.0,5,0,0.0
cc-cubic_abr-throughput_signals-none_netem-constrained-2mbit,switch_count,5,22.6,19.0,8.17312669668102,12.453349746837631,32.74665025316237,5,0,0.0
cc-cubic_abr-throughput_signals-none_netem-constrained-2mbit,avg_bitrate_mbps,5,1.2619979129146852,1.251174788590604,0.04174150240592463,1.2101773010885595,1.313818524740811,5,0,0.0
cc-cubic_abr-throughput_signals-none_netem-constrained-2mbit,time_weighted_bitrate_mbps,5,1.262514261338874,1.2512805777325486,0.0413953725090829,1.2111233576447464,1.3139051650330016,5,0,0.0
cc-cubic_abr-throughput_signals-none_netem-constrained-2mbit,buffer_mean_sec,5,18.586621039510295,18.552467445742906,0.6373888339994901,17.795325148246295,19.377916930774294,5,0,0.0
cc-cubic_abr-throughput_signals-none_netem-constrained-2mbit,guardrail_count,5,0.0,0.0,0.0,0.0,0.0,5,0,0.0
cc-cubic_abr-throughput_signals-none_netem-constrained-2mbit,rtt_mean_ms,5,188.37211078563502,172.76681307627828,39.54840671030033,139.27415037812142,237.4700711931486,5,0,0.0
cc-cubic_abr-throughput_signals-none_netem-constrained-2mbit,cwnd_mean_packets,5,32.478179165879475,28.74685666387259,8.327400499281287,22.140003395457477,42.81635493630147,5,0,0.0
cc-cubic_abr-throughput_signals-none_netem-constrained-2mbit,loss_mean_pct,5,0.896381322211889,0.900538455301384,0.1433111457755507,0.7184655590615417,1.0742970853622364,5,0,0.0
cc-cubic_abr-throughput_signals-none_netem-constrained-2mbit,missing_tcp_pct,5,0.6673344462993879,0.667779632721202,0.5898857436374126,-0.06498802368581236,1.399656916284588,5,0,0.0
cc-cubic_abr-throughput_signals-none_netem-constrained-2mbit,tcp_age_mean_ms,5,259.24965738015464,258.4240336134967,25.483513917511388,227.61276827532944,290.8865464849798,5,0,0.0
cc-cubic_abr-throughput_signals-none_netem-high-rtt-loss,startup_sec,5,1.3102000000022351,1.2656999999992549,0.11827510304638705,1.1633656061642235,1.4570343938402468,5,0,0.0
cc-cubic_abr-throughput_signals-none_netem-high-rtt-loss,stall_sec,5,0.0,0.0,0.0,0.0,0.0,5,0,0.0
cc-cubic_abr-throughput_signals-none_netem-high-rtt-loss,stall_count,5,0.0,0.0,0.0,0.0,0.0,5,0,0.0
cc-cubic_abr-throughput_signals-none_netem-high-rtt-loss,switch_count,5,5.6,6.0,5.8991524815010505,-1.7235909880331244,12.923590988033123,5,0,0.0
cc-cubic_abr-throughput_signals-none_netem-high-rtt-loss,avg_bitrate_mbps,5,0.18567769127516778,0.1815558456375839,0.009556105985069055,0.17381412072119334,0.19754126182914222,5,0,0.0
cc-cubic_abr-throughput_signals-none_netem-high-rtt-loss,time_weighted_bitrate_mbps,5,0.1857748343455641,0.1815559881303965,0.009687837768924078,0.17374772340030406,0.19780194529082415,5,0,0.0
cc-cubic_abr-throughput_signals-none_netem-high-rtt-loss,buffer_mean_sec,5,15.03025295603784,15.148226666666666,0.37157236966003976,14.568958886020521,15.491547026055159,5,0,0.0
cc-cubic_abr-throughput_signals-none_netem-high-rtt-loss,guardrail_count,5,0.0,0.0,0.0,0.0,0.0,5,0,0.0
cc-cubic_abr-throughput_signals-none_netem-high-rtt-loss,rtt_mean_ms,5,138.0015434921731,137.78026858108106,0.6735759380142118,137.16532257995462,138.8377644043916,5,0,0.0
cc-cubic_abr-throughput_signals-none_netem-high-rtt-loss,cwnd_mean_packets,5,15.656258986842861,15.218303946263644,1.0661775419420372,14.332636947525241,16.97988102616048,5,0,0.0
cc-cubic_abr-throughput_signals-none_netem-high-rtt-loss,loss_mean_pct,5,0.842838164948846,0.8319897127177138,0.06694246624001494,0.7597314400405694,0.9259448898571226,5,0,0.0
cc-cubic_abr-throughput_signals-none_netem-high-rtt-loss,missing_tcp_pct,5,0.3335002782415136,0.3333333333333333,0.20406749326763382,0.08015763972997725,0.58684291675305,5,0,0.0
cc-cubic_abr-throughput_signals-none_netem-high-rtt-loss,tcp_age_mean_ms,5,280.40964584697934,292.8963272118807,46.6868308433937,222.4495821434719,338.3697095504868,5,0,0.0
cc-cubic_abr-throughput_signals-none_netem-stable-8mbit,startup_sec,5,0.5175799999967218,0.5192999999821186,0.057971130739704196,0.4456108735869975,0.5895491264064461,5,0,0.0
cc-cubic_abr-throughput_signals-none_netem-stable-8mbit,stall_sec,5,0.0,0.0,0.0,0.0,0.0,5,0,0.0
cc-cubic_abr-throughput_signals-none_netem-stable-8mbit,stall_count,5,0.0,0.0,0.0,0.0,0.0,5,0,0.0
cc-cubic_abr-throughput_signals-none_netem-stable-8mbit,switch_count,5,1.0,1.0,0.0,1.0,1.0,5,0,0.0
cc-cubic_abr-throughput_signals-none_netem-stable-8mbit,avg_bitrate_mbps,5,1.4036830771812079,1.4036830771812079,0.0,1.4036830771812079,1.4036830771812079,5,0,0.0
cc-cubic_abr-throughput_signals-none_netem-stable-8mbit,time_weighted_bitrate_mbps,5,1.4057440000000003,1.405744,4.965068306494546e-16,1.4057439999999997,1.405744000000001,5,0,0.0
cc-cubic_abr-throughput_signals-none_netem-stable-8mbit,buffer_mean_sec,5,26.700025804992713,26.713302675585286,0.02888071937250282,26.664171404417775,26.73588020556765,5,0,0.0
cc-cubic_abr-throughput_signals-none_netem-stable-8mbit,guardrail_count,5,0.0,0.0,0.0,0.0,0.0,5,0,0.0
cc-cubic_abr-throughput_signals-none_netem-stable-8mbit,rtt_mean_ms,5,200.5005097693855,199.62563406408094,1.6408731456268093,198.4634232862844,202.5375962524866,5,0,0.0
cc-cubic_abr-throughput_signals-none_netem-stable-8mbit,cwnd_mean_packets,5,244.53349613122907,243.58164983164983,2.0529929236710656,241.98477739214889,247.08221487030926,5,0,0.0
cc-cubic_abr-throughput_signals-none_netem-stable-8mbit,loss_mean_pct,5,0.0,0.0,0.0,0.0,0.0,5,0,0.0
cc-cubic_abr-throughput_signals-none_netem-stable-8mbit,missing_tcp_pct,5,0.40105862055488245,0.33444816053511706,0.303739461869439,0.023976727412999277,0.7781405136967656,5,0,0.0
cc-cubic_abr-throughput_signals-none_netem-stable-8mbit,tcp_age_mean_ms,5,247.2477060240615,239.37183810964,16.685664478701536,226.53303855466442,267.9623734934586,5,0,0.0
cc-cubic_abr-throughput_signals-rtt-cwnd-loss_netem-constrained-2mbit,startup_sec,5,0.8635800000034273,0.8475999999940396,0.0682494102515039,0.7788507499248962,0.9483092500819583,5,0,0.0
cc-cubic_abr-throughput_signals-rtt-cwnd-loss_netem-constrained-2mbit,stall_sec,5,0.0,0.0,0.0,0.0,0.0,5,0,0.0
cc-cubic_abr-throughput_signals-rtt-cwnd-loss_netem-constrained-2mbit,stall_count,5,0.0,0.0,0.0,0.0,0.0,5,0,0.0
cc-cubic_abr-throughput_signals-rtt-cwnd-loss_netem-constrained-2mbit,switch_count,5,57.6,58.0,11.781341180018513,42.97387796577644,72.22612203422356,5,0,0.0
cc-cubic_abr-throughput_signals-rtt-cwnd-loss_netem-constrained-2mbit,avg_bitrate_mbps,5,0.27351041170266766,0.28666290939597316,0.024090543334834867,0.24360284674022997,0.30341797666510534,5,0,0.0
cc-cubic_abr-throughput_signals-rtt-cwnd-loss_netem-constrained-2mbit,time_weighted_bitrate_mbps,5,0.2741948558722972,0.2881113602861329,0.025088985522147892,0.24304775993858732,0.30534195180600704,5,0,0.0
cc-cubic_abr-throughput_signals-rtt-cwnd-loss_netem-constrained-2mbit,buffer_mean_sec,5,8.787357403224997,8.83339,0.26780592259359,8.454885739304004,9.11982906714599,5,0,0.0
cc-cubic_abr-throughput_signals-rtt-cwnd-loss_netem-constrained-2mbit,guardrail_count,5,40.4,41.0,0.8944271909999159,39.2896,41.5104,5,0,0.0
cc-cubic_abr-throughput_signals-rtt-cwnd-loss_netem-constrained-2mbit,rtt_mean_ms,5,139.0060118009201,134.0346920502092,8.864999153486316,128.00042614891578,150.01159745292443,5,0,0.0
cc-cubic_abr-throughput_signals-rtt-cwnd-loss_netem-constrained-2mbit,cwnd_mean_packets,5,24.29998448125285,23.41457286432161,2.2878324967645023,21.459720645392405,27.140248317113294,5,0,0.0
cc-cubic_abr-throughput_signals-rtt-cwnd-loss_netem-constrained-2mbit,loss_mean_pct,5,0.7661227827326818,0.7655915775772076,0.10142366175014686,0.6402088624710898,0.8920367029942737,5,0,0.0
cc-cubic_abr-throughput_signals-rtt-cwnd-loss_netem-constrained-2mbit,missing_tcp_pct,5,0.03333333333333333,0.0,0.07453559924999299,-0.059199999999999996,0.12586666666666665,5,0,0.0
cc-cubic_abr-throughput_signals-rtt-cwnd-loss_netem-constrained-2mbit,tcp_age_mean_ms,5,265.1113519039189,258.135785953556,23.124335301401583,236.40330034080543,293.8194034670323,5,0,0.0
cc-cubic_abr-throughput_signals-rtt-cwnd-loss_netem-high-rtt-loss,startup_sec,5,1.416960000002384,1.3119000000059604,0.27758208335861906,1.0723515752329726,1.7615684247717955,5,0,0.0
cc-cubic_abr-throughput_signals-rtt-cwnd-loss_netem-high-rtt-loss,stall_sec,5,0.0,0.0,0.0,0.0,0.0,5,0,0.0
cc-cubic_abr-throughput_signals-rtt-cwnd-loss_netem-high-rtt-loss,stall_count,5,0.0,0.0,0.0,0.0,0.0,5,0,0.0
cc-cubic_abr-throughput_signals-rtt-cwnd-loss_netem-high-rtt-loss,switch_count,5,3.2,4.0,3.03315017762062,-0.5655496066311478,6.965549606631148,5,0,0.0
cc-cubic_abr-throughput_signals-rtt-cwnd-loss_netem-high-rtt-loss,avg_bitrate_mbps,5,0.1852655067114094,0.1815558456375839,0.009262696036972717,0.17376619432136883,0.19676481910144997,5,0,0.0
cc-cubic_abr-throughput_signals-rtt-cwnd-loss_netem-high-rtt-loss,time_weighted_bitrate_mbps,5,0.1854074901197769,0.18173920464687562,0.009393934660424487,0.1737452495798017,0.19706973065975208,5,0,0.0
cc-cubic_abr-throughput_signals-rtt-cwnd-loss_netem-high-rtt-loss,buffer_mean_sec,5,15.209088912463038,15.159623960066554,0.11227151161502358,15.0697077669078,15.348470058018275,5,0,0.0
cc-cubic_abr-throughput_signals-rtt-cwnd-loss_netem-high-rtt-loss,guardrail_count,5,0.8,1.0,0.8366600265340756,-0.23868409056844597,1.838684090568446,5,0,0.0
cc-cubic_abr-throughput_signals-rtt-cwnd-loss_netem-high-rtt-loss,rtt_mean_ms,5,138.02515993388536,137.7780893007582,0.5517077556518822,137.34023409750623,138.7100857702645,5,0,0.0
cc-cubic_abr-throughput_signals-rtt-cwnd-loss_netem-high-rtt-loss,cwnd_mean_packets,5,15.457271324995,15.21173469387755,0.8527724557278596,14.398584218466388,16.51595843152361,5,0,0.0
cc-cubic_abr-throughput_signals-rtt-cwnd-loss_netem-high-rtt-loss,loss_mean_pct,5,1.0848434285134672,1.0405936863584908,0.16549212875879835,0.8793907526301074,1.2902961043968268,5,0,0.0
cc-cubic_abr-throughput_signals-rtt-cwnd-loss_netem-high-rtt-loss,missing_tcp_pct,5,1.2350077972934292,1.1686143572621035,1.0473049191117114,-0.06518454243358773,2.535200137020446,5,0,0.0
cc-cubic_abr-throughput_signals-rtt-cwnd-loss_netem-high-rtt-loss,tcp_age_mean_ms,5,278.05734827439403,267.69932203499945,38.82640008328873,229.8557337815629,326.25896276722517,5,0,0.0
cc-cubic_abr-throughput_signals-rtt-cwnd-loss_netem-stable-8mbit,startup_sec,5,0.4858799999974668,0.479,0.025247910806997013,0.45453560389436115,0.5172243961005725,5,0,0.0
cc-cubic_abr-throughput_signals-rtt-cwnd-loss_netem-stable-8mbit,stall_sec,5,0.0,0.0,0.0,0.0,0.0,5,0,0.0
cc-cubic_abr-throughput_signals-rtt-cwnd-loss_netem-stable-8mbit,stall_count,5,0.0,0.0,0.0,0.0,0.0,5,0,0.0
cc-cubic_abr-throughput_signals-rtt-cwnd-loss_netem-stable-8mbit,switch_count,5,1.0,1.0,0.0,1.0,1.0,5,0,0.0
cc-cubic_abr-throughput_signals-rtt-cwnd-loss_netem-stable-8mbit,avg_bitrate_mbps,5,1.4036830771812079,1.4036830771812079,0.0,1.4036830771812079,1.4036830771812079,5,0,0.0
cc-cubic_abr-throughput_signals-rtt-cwnd-loss_netem-stable-8mbit,time_weighted_bitrate_mbps,5,1.4057439999999997,1.4057439999999994,5.747482092719373e-16,1.405743999999999,1.4057440000000003,5,0,0.0
cc-cubic_abr-throughput_signals-rtt-cwnd-loss_netem-stable-8mbit,buffer_mean_sec,5,26.703546512303113,26.708239130434784,0.016574933145438654,26.682969313901843,26.724123710704383,5,0,0.0
cc-cubic_abr-throughput_signals-rtt-cwnd-loss_netem-stable-8mbit,guardrail_count,5,0.0,0.0,0.0,0.0,0.0,5,0,0.0
cc-cubic_abr-throughput_signals-rtt-cwnd-loss_netem-stable-8mbit,rtt_mean_ms,5,201.56921210105043,202.55321856540087,2.4651956997469187,198.5087580668447,204.62966613525614,5,0,0.0
cc-cubic_abr-throughput_signals-rtt-cwnd-loss_netem-stable-8mbit,cwnd_mean_packets,5,245.82058451535073,248.52067510548522,4.48511380668449,240.252472967473,251.38869606322845,5,0,0.0
cc-cubic_abr-throughput_signals-rtt-cwnd-loss_netem-stable-8mbit,loss_mean_pct,5,0.0,0.0,0.0,0.0,0.0,5,0,0.0
cc-cubic_abr-throughput_signals-rtt-cwnd-loss_netem-stable-8mbit,missing_tcp_pct,5,0.5350612224387357,0.33444816053511706,0.7422533670066507,-0.3864203101193039,1.456542754996775,5,0,0.0
cc-cubic_abr-throughput_signals-rtt-cwnd-loss_netem-stable-8mbit,tcp_age_mean_ms,5,255.1937103452893,249.9026755853229,33.10536087735309,214.09456545333092,296.2928552372477,5,0,0.0
cc-cubic_abr-throughput_signals-rtt-cwnd_netem-constrained-2mbit,startup_sec,5,0.8114599999986589,0.8005999999940395,0.036314638923048675,0.7663766489267022,0.8565433510706156,5,0,0.0
cc-cubic_abr-throughput_signals-rtt-cwnd_netem-constrained-2mbit,stall_sec,5,0.0,0.0,0.0,0.0,0.0,5,0,0.0
cc-cubic_abr-throughput_signals-rtt-cwnd_netem-constrained-2mbit,stall_count,5,0.0,0.0,0.0,0.0,0.0,5,0,0.0
cc-cubic_abr-throughput_signals-rtt-cwnd_netem-constrained-2mbit,switch_count,5,52.8,52.0,12.049896265113654,37.84047624287457,67.75952375712542,5,0,0.0
cc-cubic_abr-throughput_signals-rtt-cwnd_netem-constrained-2mbit,avg_bitrate_mbps,5,0.25979772755275254,0.24956629865771812,0.02423938799728892,0.2297053771602071,0.289890077945298,5,0,0.0
cc-cubic_abr-throughput_signals-rtt-cwnd_netem-constrained-2mbit,time_weighted_bitrate_mbps,5,0.2605864321637716,0.25072267210020976,0.02474819608936549,0.22986241436316113,0.29131044996438205,5,0,0.0
cc-cubic_abr-throughput_signals-rtt-cwnd_netem-constrained-2mbit,buffer_mean_sec,5,9.13000572261089,9.148636060100168,0.1188909383689411,8.982406790810433,9.277604654411348,5,0,0.0
cc-cubic_abr-throughput_signals-rtt-cwnd_netem-constrained-2mbit,guardrail_count,5,40.2,40.0,0.8366600265340756,39.16131590943156,41.23868409056845,5,0,0.0
cc-cubic_abr-throughput_signals-rtt-cwnd_netem-constrained-2mbit,rtt_mean_ms,5,138.491765024451,135.37462919463087,9.046452399439849,127.26091152914515,149.72261851975688,5,0,0.0
cc-cubic_abr-throughput_signals-rtt-cwnd_netem-constrained-2mbit,cwnd_mean_packets,5,24.492640549345506,23.31963087248322,2.421458185580718,21.486485105588336,27.498795993102675,5,0,0.0
cc-cubic_abr-throughput_signals-rtt-cwnd_netem-constrained-2mbit,loss_mean_pct,5,0.7453700674567859,0.7481090369216425,0.12024565328960088,0.5960893045771326,0.8946508303364392,5,0,0.0
cc-cubic_abr-throughput_signals-rtt-cwnd_netem-constrained-2mbit,missing_tcp_pct,5,0.03333333333333333,0.0,0.07453559924999299,-0.059199999999999996,0.12586666666666665,5,0,0.0
cc-cubic_abr-throughput_signals-rtt-cwnd_netem-constrained-2mbit,tcp_age_mean_ms,5,260.6806733070174,252.1173622712916,19.41881344865975,236.57289721259207,284.78844940144273,5,0,0.0
cc-cubic_abr-throughput_signals-rtt-cwnd_netem-high-rtt-loss,startup_sec,5,1.2903599999975413,1.3035999999996275,0.08238144815718543,1.188086320312699,1.3926336796823835,5,0,0.0
cc-cubic_abr-throughput_signals-rtt-cwnd_netem-high-rtt-loss,stall_sec,5,0.0,0.0,0.0,0.0,0.0,5,0,0.0
cc-cubic_abr-throughput_signals-rtt-cwnd_netem-high-rtt-loss,stall_count,5,0.0,0.0,0.0,0.0,0.0,5,0,0.0
cc-cubic_abr-throughput_signals-rtt-cwnd_netem-high-rtt-loss,switch_count,5,4.0,2.0,3.7416573867739413,-0.6451364673171867,8.645136467317187,5,0,0.0
cc-cubic_abr-throughput_signals-rtt-cwnd_netem-high-rtt-loss,avg_bitrate_mbps,5,0.18485332214765102,0.177434,0.012502176827762359,0.1693323079284527,0.20037433636684934,5,0,0.0
cc-cubic_abr-throughput_signals-rtt-cwnd_netem-high-rtt-loss,time_weighted_bitrate_mbps,5,0.1850365935566025,0.17743400000000006,0.012732665252278655,0.169229436039036,0.20084375107416902,5,0,0.0
cc-cubic_abr-throughput_signals-rtt-cwnd_netem-high-rtt-loss,buffer_mean_sec,5,15.151275514531058,15.242647746243739,0.23374130974625032,14.86109387319245,15.441457155869665,5,0,0.0
cc-cubic_abr-throughput_signals-rtt-cwnd_netem-high-rtt-loss,guardrail_count,5,1.0,1.0,1.224744871391589,-0.5204778196343409,2.520477819634341,5,0,0.0
cc-cubic_abr-throughput_signals-rtt-cwnd_netem-high-rtt-loss,rtt_mean_ms,5,137.97918858732862,138.04051517706577,0.6894678877983066,137.12323837660733,138.8351387980499,5,0,0.0
cc-cubic_abr-throughput_signals-rtt-cwnd_netem-high-rtt-loss,cwnd_mean_packets,5,15.816436273516524,15.813310285220398,1.0352833512240243,14.53116828885922,17.10170425817383,5,0,0.0
cc-cubic_abr-throughput_signals-rtt-cwnd_netem-high-rtt-loss,loss_mean_pct,5,0.9096238383271465,0.9356666616521168,0.3018310331306751,0.5349111925570414,1.2843364840972518,5,0,0.0
cc-cubic_abr-throughput_signals-rtt-cwnd_netem-high-rtt-loss,missing_tcp_pct,5,1.400114629948046,0.667779632721202,1.3410553900813544,-0.2647586209217119,3.064987880817804,5,0,0.0
cc-cubic_abr-throughput_signals-rtt-cwnd_netem-high-rtt-loss,tcp_age_mean_ms,5,244.4624362183223,250.58885077076548,27.279292155480245,210.59615138905428,278.3287210475903,5,0,0.0
cc-cubic_abr-throughput_signals-rtt-cwnd_netem-stable-8mbit,startup_sec,5,0.49177999999672173,0.49170000000298025,0.013054003213217182,0.4755739126664029,0.5079860873270405,5,0,0.0
cc-cubic_abr-throughput_signals-rtt-cwnd_netem-stable-8mbit,stall_sec,5,0.0,0.0,0.0,0.0,0.0,5,0,0.0
cc-cubic_abr-throughput_signals-rtt-cwnd_netem-stable-8mbit,stall_count,5,0.0,0.0,0.0,0.0,0.0,5,0,0.0
cc-cubic_abr-throughput_signals-rtt-cwnd_netem-stable-8mbit,switch_count,5,1.0,1.0,0.0,1.0,1.0,5,0,0.0
cc-cubic_abr-throughput_signals-rtt-cwnd_netem-stable-8mbit,avg_bitrate_mbps,5,1.4036830771812079,1.4036830771812079,0.0,1.4036830771812079,1.4036830771812079,5,0,0.0
cc-cubic_abr-throughput_signals-rtt-cwnd_netem-stable-8mbit,time_weighted_bitrate_mbps,5,1.4057439999999997,1.405744,1.2947314098277875e-15,1.405743999999998,1.4057440000000012,5,0,0.0
cc-cubic_abr-throughput_signals-rtt-cwnd_netem-stable-8mbit,buffer_mean_sec,5,26.72170654714379,26.71556093489149,0.03592266027266764,26.677109823823944,26.766303270463634,5,0,0.0
cc-cubic_abr-throughput_signals-rtt-cwnd_netem-stable-8mbit,guardrail_count,5,0.0,0.0,0.0,0.0,0.0,5,0,0.0
cc-cubic_abr-throughput_signals-rtt-cwnd_netem-stable-8mbit,rtt_mean_ms,5,201.21674588584779,201.00956124161073,1.3766646145353278,199.5076650312384,202.92582674045718,5,0,0.0
cc-cubic_abr-throughput_signals-rtt-cwnd_netem-stable-8mbit,cwnd_mean_packets,5,245.94680790492617,245.52010050251258,1.5425669417417922,244.03176512744173,247.86185068241062,5,0,0.0
cc-cubic_abr-throughput_signals-rtt-cwnd_netem-stable-8mbit,loss_mean_pct,5,0.0,0.0,0.0,0.0,0.0,5,0,0.0
cc-cubic_abr-throughput_signals-rtt-cwnd_netem-stable-8mbit,missing_tcp_pct,5,0.1670565770152037,0.1669449081803005,0.1182453800018492,0.02025908329492876,0.31385407073547866,5,0,0.0
cc-cubic_abr-throughput_signals-rtt-cwnd_netem-stable-8mbit,tcp_age_mean_ms,5,251.44852901399625,246.1414429539652,26.050367665831857,219.1079108538956,283.7891471740969,5,0,0.0
cc-cubic_abr-throughput_signals-rtt-loss_netem-constrained-2mbit,startup_sec,5,0.8459400000028312,0.8690999999940395,0.05012627055847367,0.7837099924759978,0.9081700075296646,5,0,0.0
cc-cubic_abr-throughput_signals-rtt-loss_netem-constrained-2mbit,stall_sec,5,0.0,0.0,0.0,0.0,0.0,5,0,0.0
cc-cubic_abr-throughput_signals-rtt-loss_netem-constrained-2mbit,stall_count,5,0.0,0.0,0.0,0.0,0.0,5,0,0.0
cc-cubic_abr-throughput_signals-rtt-loss_netem-constrained-2mbit,switch_count,5,60.8,62.0,3.898717737923586,55.959878613092435,65.64012138690757,5,0,0.0
cc-cubic_abr-throughput_signals-rtt-loss_netem-constrained-2mbit,avg_bitrate_mbps,5,0.26726192741672566,0.26179029815745397,0.011454397487421459,0.2530416945145777,0.28148216031887363,5,0,0.0
cc-cubic_abr-throughput_signals-rtt-loss_netem-constrained-2mbit,time_weighted_bitrate_mbps,5,0.2681126775247309,0.2627970621348494,0.011004516645081373,0.25445095591602424,0.28177439913343755,5,0,0.0
cc-cubic_abr-throughput_signals-rtt-loss_netem-constrained-2mbit,buffer_mean_sec,5,8.95777153911294,8.952175292153589,0.060904434527144974,8.882160818889488,9.033382259336392,5,0,0.0
cc-cubic_abr-throughput_signals-rtt-loss_netem-constrained-2mbit,guardrail_count,5,39.4,40.0,1.3416407864998738,37.7344,41.065599999999996,5,0,0.0
cc-cubic_abr-throughput_signals-rtt-loss_netem-constrained-2mbit,rtt_mean_ms,5,139.15929362760713,137.03165818490248,8.71314353917896,128.34223139687577,149.97635585833848,5,0,0.0
cc-cubic_abr-throughput_signals-rtt-loss_netem-constrained-2mbit,cwnd_mean_packets,5,24.53040355781859,24.195080576759967,2.0741868679762785,21.955373279919677,27.105433835717506,5,0,0.0
cc-cubic_abr-throughput_signals-rtt-loss_netem-constrained-2mbit,loss_mean_pct,5,0.7980644721126186,0.8470943823591596,0.16008455224907753,0.5993251128824357,0.9968038313428014,5,0,0.0
cc-cubic_abr-throughput_signals-rtt-loss_netem-constrained-2mbit,missing_tcp_pct,5,1.1012242626599889,1.1686143572621035,0.7326529771438812,0.19166127753754514,2.0107872477824325,5,0,0.0
cc-cubic_abr-throughput_signals-rtt-loss_netem-constrained-2mbit,tcp_age_mean_ms,5,280.2577050070706,287.7314189188686,30.297487686441794,242.64443624070535,317.87097377343594,5,0,0.0
cc-cubic_abr-throughput_signals-rtt-loss_netem-high-rtt-loss,startup_sec,5,1.3513199999980627,1.3572999999970197,0.10852265661501914,1.216592926494627,1.4860470735014986,5,0,0.0
cc-cubic_abr-throughput_signals-rtt-loss_netem-high-rtt-loss,stall_sec,5,0.0,0.0,0.0,0.0,0.0,5,0,0.0
cc-cubic_abr-throughput_signals-rtt-loss_netem-high-rtt-loss,stall_count,5,0.0,0.0,0.0,0.0,0.0,5,0,0.0
cc-cubic_abr-throughput_signals-rtt-loss_netem-high-rtt-loss,switch_count,5,2.4,2.0,2.6076809620810595,-0.8373444920181106,5.63734449201811,5,0,0.0
cc-cubic_abr-throughput_signals-rtt-loss_netem-high-rtt-loss,avg_bitrate_mbps,5,0.18691424496644296,0.177434,0.013001793492733615,0.17077297417368956,0.20305551575919636,5,0,0.0
cc-cubic_abr-throughput_signals-rtt-loss_netem-high-rtt-loss,time_weighted_bitrate_mbps,5,0.18697289736049322,0.17743400000000004,0.013079921906981014,0.17073463288054733,0.2032111618404391,5,0,0.0
cc-cubic_abr-throughput_signals-rtt-loss_netem-high-rtt-loss,buffer_mean_sec,5,15.13364926099054,15.148040000000002,0.16798006218819214,14.925107902978777,15.342190619002302,5,0,0.0
cc-cubic_abr-throughput_signals-rtt-loss_netem-high-rtt-loss,guardrail_count,5,0.0,0.0,0.0,0.0,0.0,5,0,0.0
cc-cubic_abr-throughput_signals-rtt-loss_netem-high-rtt-loss,rtt_mean_ms,5,138.43928358092955,138.440413080895,0.9699457511229562,137.23512993613386,139.64343722572525,5,0,0.0
cc-cubic_abr-throughput_signals-rtt-loss_netem-high-rtt-loss,cwnd_mean_packets,5,16.55368792379643,16.182444061962133,1.2044145286233463,15.05844951194957,18.048926335643294,5,0,0.0
cc-cubic_abr-throughput_signals-rtt-loss_netem-high-rtt-loss,loss_mean_pct,5,1.082394736917536,1.133383552772936,0.16926703897572498,0.8722556423440317,1.2925338314910402,5,0,0.0
cc-cubic_abr-throughput_signals-rtt-loss_netem-high-rtt-loss,missing_tcp_pct,5,0.9013355592654424,0.667779632721202,0.9341359867033086,-0.25836151845393474,2.0610326369848195,5,0,0.0
cc-cubic_abr-throughput_signals-rtt-loss_netem-high-rtt-loss,tcp_age_mean_ms,5,284.58085570823624,278.5156565665797,31.99930150084523,244.854844754996,324.3068666614765,5,0,0.0
cc-cubic_abr-throughput_signals-rtt-loss_netem-stable-8mbit,startup_sec,5,0.49417999999225143,0.4875,0.062371203294317515,0.41674833776764375,0.5716116622168591,5,0,0.0
cc-cubic_abr-throughput_signals-rtt-loss_netem-stable-8mbit,stall_sec,5,0.0,0.0,0.0,0.0,0.0,5,0,0.0
cc-cubic_abr-throughput_signals-rtt-loss_netem-stable-8mbit,stall_count,5,0.0,0.0,0.0,0.0,0.0,5,0,0.0
cc-cubic_abr-throughput_signals-rtt-loss_netem-stable-8mbit,switch_count,5,1.0,1.0,0.0,1.0,1.0,5,0,0.0
cc-cubic_abr-throughput_signals-rtt-loss_netem-stable-8mbit,avg_bitrate_mbps,5,1.4036837676076128,1.4036830771812079,1.5438403749987212e-06,1.4036818509839126,1.403685684231313,5,0,0.0
cc-cubic_abr-throughput_signals-rtt-loss_netem-stable-8mbit,time_weighted_bitrate_mbps,5,1.4057439999999999,1.405744,3.9720546451956367e-16,1.4057439999999994,1.4057440000000003,5,0,0.0
cc-cubic_abr-throughput_signals-rtt-loss_netem-stable-8mbit,buffer_mean_sec,5,26.6922361379259,26.67814023372287,0.03100849806180991,26.65374017470575,26.73073210114605,5,0,0.0
cc-cubic_abr-throughput_signals-rtt-loss_netem-stable-8mbit,guardrail_count,5,0.0,0.0,0.0,0.0,0.0,5,0,0.0
cc-cubic_abr-throughput_signals-rtt-loss_netem-stable-8mbit,rtt_mean_ms,5,197.55133116162366,199.9898389544688,7.8230960289332705,187.8392317107827,207.26343061246462,5,0,0.0
cc-cubic_abr-throughput_signals-rtt-loss_netem-stable-8mbit,cwnd_mean_packets,5,239.44958977634164,244.40924369747898,12.050830846341643,224.48890576938706,254.41027378329622,5,0,0.0
cc-cubic_abr-throughput_signals-rtt-loss_netem-stable-8mbit,loss_mean_pct,5,0.0,0.0,0.0,0.0,0.0,5,0,0.0
cc-cubic_abr-throughput_signals-rtt-loss_netem-stable-8mbit,missing_tcp_pct,5,0.2003900964632619,0.16722408026755853,0.13966050334858218,0.027006477898516984,0.3737737150280068,5,0,0.0
cc-cubic_abr-throughput_signals-rtt-loss_netem-stable-8mbit,tcp_age_mean_ms,5,265.72252071187427,269.8387583856215,19.43254879016283,241.5976926725187,289.84734875122984,5,0,0.0
cc-cubic_abr-throughput_signals-rtt_netem-constrained-2mbit,startup_sec,5,0.7912400000050664,0.7829000000059605,0.06150604034857374,0.7148824072459453,0.8675975927641876,5,0,0.0
cc-cubic_abr-throughput_signals-rtt_netem-constrained-2mbit,stall_sec,5,0.0,0.0,0.0,0.0,0.0,5,0,0.0
cc-cubic_abr-throughput_signals-rtt_netem-constrained-2mbit,stall_count,5,0.0,0.0,0.0,0.0,0.0,5,0,0.0
cc-cubic_abr-throughput_signals-rtt_netem-constrained-2mbit,switch_count,5,65.6,64.0,8.17312669668102,55.453349746837624,75.74665025316236,5,0,0.0
cc-cubic_abr-throughput_signals-rtt_netem-constrained-2mbit,avg_bitrate_mbps,5,0.2836333183310288,0.2926523584589615,0.014864349681824533,0.2651797493286755,0.30208688733338207,5,0,0.0
cc-cubic_abr-throughput_signals-rtt_netem-constrained-2mbit,time_weighted_bitrate_mbps,5,0.28447932805673415,0.2930552309351073,0.015992210257937744,0.2646255596906786,0.3043330964227897,5,0,0.0
cc-cubic_abr-throughput_signals-rtt_netem-constrained-2mbit,buffer_mean_sec,5,9.134966250328027,9.107811036789297,0.14490782192389573,8.955068269717206,9.314864230938849,5,0,0.0
cc-cubic_abr-throughput_signals-rtt_netem-constrained-2mbit,guardrail_count,5,39.0,38.0,1.8708286933869707,36.67743176634141,41.32256823365859,5,0,0.0
cc-cubic_abr-throughput_signals-rtt_netem-constrained-2mbit,rtt_mean_ms,5,141.6270983801445,136.32633249370278,10.989089967912914,127.98452845030027,155.26966830998873,5,0,0.0
cc-cubic_abr-throughput_signals-rtt_netem-constrained-2mbit,cwnd_mean_packets,5,25.03607002137946,23.973131821998322,2.642625309824127,21.755343346748447,28.31679669601047,5,0,0.0
cc-cubic_abr-throughput_signals-rtt_netem-constrained-2mbit,loss_mean_pct,5,0.7739978604733435,0.716675489299281,0.10818147412155907,0.6396943530740582,0.9083013678726288,5,0,0.0
cc-cubic_abr-throughput_signals-rtt_netem-constrained-2mbit,missing_tcp_pct,5,0.033444816053511704,0.0,0.07478488219062841,-0.05939799331103677,0.12628762541806018,5,0,0.0
cc-cubic_abr-throughput_signals-rtt_netem-constrained-2mbit,tcp_age_mean_ms,5,282.94781576406075,282.7162207350334,9.184813887769193,271.5451913317945,294.350440196327,5,0,0.0
cc-cubic_abr-throughput_signals-rtt_netem-high-rtt-loss,startup_sec,5,1.4525399999983608,1.4545999999977648,0.11205337121104388,1.3134296681069024,1.5916503318898192,5,0,0.0
cc-cubic_abr-throughput_signals-rtt_netem-high-rtt-loss,stall_sec,5,0.0,0.0,0.0,0.0,0.0,5,0,0.0
cc-cubic_abr-throughput_signals-rtt_netem-high-rtt-loss,stall_count,5,0.0,0.0,0.0,0.0,0.0,5,0,0.0
cc-cubic_abr-throughput_signals-rtt_netem-high-rtt-loss,switch_count,5,5.2,4.0,5.403702434442518,-1.5085071245397055,11.908507124539707,5,0,0.0
cc-cubic_abr-throughput_signals-rtt_netem-high-rtt-loss,avg_bitrate_mbps,5,0.18567769127516778,0.1815558456375839,0.008621458701275758,0.17497445255632443,0.19638092999401113,5,0,0.0
cc-cubic_abr-throughput_signals-rtt_netem-high-rtt-loss,time_weighted_bitrate_mbps,5,0.18578744430695787,0.18184891108469273,0.00855073347383951,0.1751720084784285,0.19640288013548723,5,0,0.0
cc-cubic_abr-throughput_signals-rtt_netem-high-rtt-loss,buffer_mean_sec,5,15.112910599888703,15.092065108514191,0.20257360335911045,14.861422573324473,15.364398626452934,5,0,0.0
cc-cubic_abr-throughput_signals-rtt_netem-high-rtt-loss,guardrail_count,5,0.2,0.0,0.4472135954999579,-0.3551999999999999,0.7551999999999999,5,0,0.0
cc-cubic_abr-throughput_signals-rtt_netem-high-rtt-loss,rtt_mean_ms,5,138.47277278973127,138.2186556683587,1.044580487796455,137.1759627359666,139.76958284349593,5,0,0.0
cc-cubic_abr-throughput_signals-rtt_netem-high-rtt-loss,cwnd_mean_packets,5,16.89857460388408,16.117948717948718,1.9035181897091853,14.535423506598981,19.261725701169176,5,0,0.0
cc-cubic_abr-throughput_signals-rtt_netem-high-rtt-loss,loss_mean_pct,5,0.8956565482367115,0.7340510477354371,0.2956386755146166,0.5286314973497455,1.2626815991236775,5,0,0.0
cc-cubic_abr-throughput_signals-rtt_netem-high-rtt-loss,missing_tcp_pct,5,1.500946021146355,1.8333333333333333,0.6977503496122452,0.6347134244569841,2.3671786178357257,5,0,0.0
cc-cubic_abr-throughput_signals-rtt_netem-high-rtt-loss,tcp_age_mean_ms,5,269.9223648593983,267.9341296927603,35.47542414299672,225.88086951493568,313.96386020386086,5,0,0.0
cc-cubic_abr-throughput_signals-rtt_netem-stable-8mbit,startup_sec,5,0.4918800000026822,0.49040000000596046,0.025313869719470555,0.46045371822218706,0.5233062817831774,5,0,0.0
cc-cubic_abr-throughput_signals-rtt_netem-stable-8mbit,stall_sec,5,0.0,0.0,0.0,0.0,0.0,5,0,0.0
cc-cubic_abr-throughput_signals-rtt_netem-stable-8mbit,stall_count,5,0.0,0.0,0.0,0.0,0.0,5,0,0.0
cc-cubic_abr-throughput_signals-rtt_netem-stable-8mbit,switch_count,5,1.0,1.0,0.0,1.0,1.0,5,0,0.0
cc-cubic_abr-throughput_signals-rtt_netem-stable-8mbit,avg_bitrate_mbps,5,1.4036830771812079,1.4036830771812079,0.0,1.4036830771812079,1.4036830771812079,5,0,0.0
cc-cubic_abr-throughput_signals-rtt_netem-stable-8mbit,time_weighted_bitrate_mbps,5,1.4057439999999999,1.4057439999999997,2.9790409838967276e-16,1.4057439999999994,1.4057440000000003,5,0,0.0
cc-cubic_abr-throughput_signals-rtt_netem-stable-8mbit,buffer_mean_sec,5,26.696624282946495,26.71014858096828,0.05333787729311503,26.63040717825398,26.76284138763901,5,0,0.0
cc-cubic_abr-throughput_signals-rtt_netem-stable-8mbit,guardrail_count,5,0.0,0.0,0.0,0.0,0.0,5,0,0.0
cc-cubic_abr-throughput_signals-rtt_netem-stable-8mbit,rtt_mean_ms,5,198.85964116684656,201.34000673967986,10.342220494972436,186.02013700913085,211.69914532456227,5,0,0.0
cc-cubic_abr-throughput_signals-rtt_netem-stable-8mbit,cwnd_mean_packets,5,238.42609621497485,242.47514743049706,14.394680045655663,220.5556055998281,256.29658683012156,5,0,0.0
cc-cubic_abr-throughput_signals-rtt_netem-stable-8mbit,loss_mean_pct,5,0.0,0.0,0.0,0.0,0.0,5,0,0.0
cc-cubic_abr-throughput_signals-rtt_netem-stable-8mbit,missing_tcp_pct,5,1.536004824093668,0.667779632721202,1.4233261357375013,-0.23100467318700013,3.303014321374336,5,0,0.0
cc-cubic_abr-throughput_signals-rtt_netem-stable-8mbit,tcp_age_mean_ms,5,244.50122372594203,247.04487394998554,18.179285154870488,221.93227855176733,267.07016890011676,5,0,0.0
